image_url,relative_path
https://raw.githubusercontent.com/Olamide7920/scalp_disease_project/main/datasets/ddi/000001.png,datasets/ddi/000001.png
https://raw.githubusercontent.com/Olamide7920/scalp_disease_project/main/datasets/ddi/000002.png,datasets/ddi/000002.png
https://raw.githubusercontent.com/Olamide7920/scalp_disease_project/main/datasets/ddi/000003.png,datasets/ddi/000003.png
https://raw.githubusercontent.com/Olamide7920/scalp_disease_project/main/datasets/ddi/000004.png,datasets/ddi/000004.png
https://raw.githubusercontent.com/Olamide7920/scalp_disease_project/main/datasets/ddi/000005.png,datasets/ddi/000005.png
https://raw.githubusercontent.com/Olamide7920/scalp_disease_project/main/datasets/ddi/000006.png,datasets/ddi/000006.png
https://raw.githubusercontent.com/Olamide7920/scalp_disease_project/main/datasets/ddi/000007.png,datasets/ddi/000007.png
https://raw.githubusercontent.com/Olamide7920/scalp_disease_project/main/datasets/ddi/000008.png,datasets/ddi/000008.png
https://raw.githubusercontent.com/Olamide7920/scalp_disease_project/main/datasets/ddi/000009.png,datasets/ddi/000009.png
https://raw.githubusercontent.com/Olamide7920/scalp_disease_project/main/datasets/ddi/000010.png,datasets/ddi/000010.png
https://raw.githubusercontent.com/Olamide7920/scalp_disease_project/main/datasets/ddi/000011.png,datasets/ddi/000011.png
https://raw.githubusercontent.com/Olamide7920/scalp_disease_project/main/datasets/ddi/000012.png,datasets/ddi/000012.png
https://raw.githubusercontent.com/Olamide7920/scalp_disease_project/main/datasets/ddi/000013.png,datasets/ddi/000013.png
https://raw.githubusercontent.com/Olamide7920/scalp_disease_project/main/datasets/ddi/000014.png,datasets/ddi/000014.png
https://raw.githubusercontent.com/Olamide7920/scalp_disease_project/main/datasets/ddi/000015.png,datasets/ddi/000015.png
https://raw.githubusercontent.com/Olamide7920/scalp_disease_project/main/datasets/ddi/000016.png,datasets/ddi/000016.png
https://raw.githubusercontent.com/Olamide7920/scalp_disease_project/main/datasets/ddi/000017.png,datasets/ddi/000017.png
https://raw.githubusercontent.com/Olamide7920/scalp_disease_project/main/datasets/ddi/000018.png,datasets/ddi/000018.png
https://raw.githubusercontent.com/Olamide7920/scalp_disease_project/main/datasets/ddi/000019.png,datasets/ddi/000019.png
https://raw.githubusercontent.com/Olamide7920/scalp_disease_project/main/datasets/ddi/000020.png,datasets/ddi/000020.png
https://raw.githubusercontent.com/Olamide7920/scalp_disease_project/main/datasets/ddi/000021.png,datasets/ddi/000021.png
https://raw.githubusercontent.com/Olamide7920/scalp_disease_project/main/datasets/ddi/000022.png,datasets/ddi/000022.png
https://raw.githubusercontent.com/Olamide7920/scalp_disease_project/main/datasets/ddi/000023.png,datasets/ddi/000023.png
https://raw.githubusercontent.com/Olamide7920/scalp_disease_project/main/datasets/ddi/000024.png,datasets/ddi/000024.png
https://raw.githubusercontent.com/Olamide7920/scalp_disease_project/main/datasets/ddi/000025.png,datasets/ddi/000025.png
https://raw.githubusercontent.com/Olamide7920/scalp_disease_project/main/datasets/ddi/000026.png,datasets/ddi/000026.png
https://raw.githubusercontent.com/Olamide7920/scalp_disease_project/main/datasets/ddi/000027.png,datasets/ddi/000027.png
https://raw.githubusercontent.com/Olamide7920/scalp_disease_project/main/datasets/ddi/000028.png,datasets/ddi/000028.png
https://raw.githubusercontent.com/Olamide7920/scalp_disease_project/main/datasets/ddi/000029.png,datasets/ddi/000029.png
https://raw.githubusercontent.com/Olamide7920/scalp_disease_project/main/datasets/ddi/000030.png,datasets/ddi/000030.png
https://raw.githubusercontent.com/Olamide7920/scalp_disease_project/main/datasets/ddi/000031.png,datasets/ddi/000031.png
https://raw.githubusercontent.com/Olamide7920/scalp_disease_project/main/datasets/ddi/000032.png,datasets/ddi/000032.png
https://raw.githubusercontent.com/Olamide7920/scalp_disease_project/main/datasets/ddi/000033.png,datasets/ddi/000033.png
https://raw.githubusercontent.com/Olamide7920/scalp_disease_project/main/datasets/ddi/000034.png,datasets/ddi/000034.png
https://raw.githubusercontent.com/Olamide7920/scalp_disease_project/main/datasets/ddi/000035.png,datasets/ddi/000035.png
https://raw.githubusercontent.com/Olamide7920/scalp_disease_project/main/datasets/ddi/000036.png,datasets/ddi/000036.png
https://raw.githubusercontent.com/Olamide7920/scalp_disease_project/main/datasets/ddi/000037.png,datasets/ddi/000037.png
https://raw.githubusercontent.com/Olamide7920/scalp_disease_project/main/datasets/ddi/000038.png,datasets/ddi/000038.png
https://raw.githubusercontent.com/Olamide7920/scalp_disease_project/main/datasets/ddi/000039.png,datasets/ddi/000039.png
https://raw.githubusercontent.com/Olamide7920/scalp_disease_project/main/datasets/ddi/000040.png,datasets/ddi/000040.png
https://raw.githubusercontent.com/Olamide7920/scalp_disease_project/main/datasets/ddi/000041.png,datasets/ddi/000041.png
https://raw.githubusercontent.com/Olamide7920/scalp_disease_project/main/datasets/ddi/000042.png,datasets/ddi/000042.png
https://raw.githubusercontent.com/Olamide7920/scalp_disease_project/main/datasets/ddi/000043.png,datasets/ddi/000043.png
https://raw.githubusercontent.com/Olamide7920/scalp_disease_project/main/datasets/ddi/000044.png,datasets/ddi/000044.png
https://raw.githubusercontent.com/Olamide7920/scalp_disease_project/main/datasets/ddi/000045.png,datasets/ddi/000045.png
https://raw.githubusercontent.com/Olamide7920/scalp_disease_project/main/datasets/ddi/000046.png,datasets/ddi/000046.png
https://raw.githubusercontent.com/Olamide7920/scalp_disease_project/main/datasets/ddi/000047.png,datasets/ddi/000047.png
https://raw.githubusercontent.com/Olamide7920/scalp_disease_project/main/datasets/ddi/000048.png,datasets/ddi/000048.png
https://raw.githubusercontent.com/Olamide7920/scalp_disease_project/main/datasets/ddi/000049.png,datasets/ddi/000049.png
https://raw.githubusercontent.com/Olamide7920/scalp_disease_project/main/datasets/ddi/000050.png,datasets/ddi/000050.png
https://raw.githubusercontent.com/Olamide7920/scalp_disease_project/main/datasets/ddi/000051.png,datasets/ddi/000051.png
https://raw.githubusercontent.com/Olamide7920/scalp_disease_project/main/datasets/ddi/000052.png,datasets/ddi/000052.png
https://raw.githubusercontent.com/Olamide7920/scalp_disease_project/main/datasets/ddi/000053.png,datasets/ddi/000053.png
https://raw.githubusercontent.com/Olamide7920/scalp_disease_project/main/datasets/ddi/000054.png,datasets/ddi/000054.png
https://raw.githubusercontent.com/Olamide7920/scalp_disease_project/main/datasets/ddi/000055.png,datasets/ddi/000055.png
https://raw.githubusercontent.com/Olamide7920/scalp_disease_project/main/datasets/ddi/000056.png,datasets/ddi/000056.png
https://raw.githubusercontent.com/Olamide7920/scalp_disease_project/main/datasets/ddi/000057.png,datasets/ddi/000057.png
https://raw.githubusercontent.com/Olamide7920/scalp_disease_project/main/datasets/ddi/000058.png,datasets/ddi/000058.png
https://raw.githubusercontent.com/Olamide7920/scalp_disease_project/main/datasets/ddi/000059.png,datasets/ddi/000059.png
https://raw.githubusercontent.com/Olamide7920/scalp_disease_project/main/datasets/ddi/000060.png,datasets/ddi/000060.png
https://raw.githubusercontent.com/Olamide7920/scalp_disease_project/main/datasets/ddi/000061.png,datasets/ddi/000061.png
https://raw.githubusercontent.com/Olamide7920/scalp_disease_project/main/datasets/ddi/000062.png,datasets/ddi/000062.png
https://raw.githubusercontent.com/Olamide7920/scalp_disease_project/main/datasets/ddi/000063.png,datasets/ddi/000063.png
https://raw.githubusercontent.com/Olamide7920/scalp_disease_project/main/datasets/ddi/000064.png,datasets/ddi/000064.png
https://raw.githubusercontent.com/Olamide7920/scalp_disease_project/main/datasets/ddi/000065.png,datasets/ddi/000065.png
https://raw.githubusercontent.com/Olamide7920/scalp_disease_project/main/datasets/ddi/000066.png,datasets/ddi/000066.png
https://raw.githubusercontent.com/Olamide7920/scalp_disease_project/main/datasets/ddi/000067.png,datasets/ddi/000067.png
https://raw.githubusercontent.com/Olamide7920/scalp_disease_project/main/datasets/ddi/000068.png,datasets/ddi/000068.png
https://raw.githubusercontent.com/Olamide7920/scalp_disease_project/main/datasets/ddi/000069.png,datasets/ddi/000069.png
https://raw.githubusercontent.com/Olamide7920/scalp_disease_project/main/datasets/ddi/000070.png,datasets/ddi/000070.png
https://raw.githubusercontent.com/Olamide7920/scalp_disease_project/main/datasets/ddi/000071.png,datasets/ddi/000071.png
https://raw.githubusercontent.com/Olamide7920/scalp_disease_project/main/datasets/ddi/000072.png,datasets/ddi/000072.png
https://raw.githubusercontent.com/Olamide7920/scalp_disease_project/main/datasets/ddi/000073.png,datasets/ddi/000073.png
https://raw.githubusercontent.com/Olamide7920/scalp_disease_project/main/datasets/ddi/000074.png,datasets/ddi/000074.png
https://raw.githubusercontent.com/Olamide7920/scalp_disease_project/main/datasets/ddi/000075.png,datasets/ddi/000075.png
https://raw.githubusercontent.com/Olamide7920/scalp_disease_project/main/datasets/ddi/000076.png,datasets/ddi/000076.png
https://raw.githubusercontent.com/Olamide7920/scalp_disease_project/main/datasets/ddi/000077.png,datasets/ddi/000077.png
https://raw.githubusercontent.com/Olamide7920/scalp_disease_project/main/datasets/ddi/000078.png,datasets/ddi/000078.png
https://raw.githubusercontent.com/Olamide7920/scalp_disease_project/main/datasets/ddi/000079.png,datasets/ddi/000079.png
https://raw.githubusercontent.com/Olamide7920/scalp_disease_project/main/datasets/ddi/000080.png,datasets/ddi/000080.png
https://raw.githubusercontent.com/Olamide7920/scalp_disease_project/main/datasets/ddi/000081.png,datasets/ddi/000081.png
https://raw.githubusercontent.com/Olamide7920/scalp_disease_project/main/datasets/ddi/000082.png,datasets/ddi/000082.png
https://raw.githubusercontent.com/Olamide7920/scalp_disease_project/main/datasets/ddi/000083.png,datasets/ddi/000083.png
https://raw.githubusercontent.com/Olamide7920/scalp_disease_project/main/datasets/ddi/000084.png,datasets/ddi/000084.png
https://raw.githubusercontent.com/Olamide7920/scalp_disease_project/main/datasets/ddi/000085.png,datasets/ddi/000085.png
https://raw.githubusercontent.com/Olamide7920/scalp_disease_project/main/datasets/ddi/000086.png,datasets/ddi/000086.png
https://raw.githubusercontent.com/Olamide7920/scalp_disease_project/main/datasets/ddi/000087.png,datasets/ddi/000087.png
https://raw.githubusercontent.com/Olamide7920/scalp_disease_project/main/datasets/ddi/000088.png,datasets/ddi/000088.png
https://raw.githubusercontent.com/Olamide7920/scalp_disease_project/main/datasets/ddi/000089.png,datasets/ddi/000089.png
https://raw.githubusercontent.com/Olamide7920/scalp_disease_project/main/datasets/ddi/000090.png,datasets/ddi/000090.png
https://raw.githubusercontent.com/Olamide7920/scalp_disease_project/main/datasets/ddi/000091.png,datasets/ddi/000091.png
https://raw.githubusercontent.com/Olamide7920/scalp_disease_project/main/datasets/ddi/000092.png,datasets/ddi/000092.png
https://raw.githubusercontent.com/Olamide7920/scalp_disease_project/main/datasets/ddi/000093.png,datasets/ddi/000093.png
https://raw.githubusercontent.com/Olamide7920/scalp_disease_project/main/datasets/ddi/000094.png,datasets/ddi/000094.png
https://raw.githubusercontent.com/Olamide7920/scalp_disease_project/main/datasets/ddi/000095.png,datasets/ddi/000095.png
https://raw.githubusercontent.com/Olamide7920/scalp_disease_project/main/datasets/ddi/000096.png,datasets/ddi/000096.png
https://raw.githubusercontent.com/Olamide7920/scalp_disease_project/main/datasets/ddi/000097.png,datasets/ddi/000097.png
https://raw.githubusercontent.com/Olamide7920/scalp_disease_project/main/datasets/ddi/000098.png,datasets/ddi/000098.png
https://raw.githubusercontent.com/Olamide7920/scalp_disease_project/main/datasets/ddi/000099.png,datasets/ddi/000099.png
https://raw.githubusercontent.com/Olamide7920/scalp_disease_project/main/datasets/ddi/000100.png,datasets/ddi/000100.png
https://raw.githubusercontent.com/Olamide7920/scalp_disease_project/main/datasets/ddi/000101.png,datasets/ddi/000101.png
https://raw.githubusercontent.com/Olamide7920/scalp_disease_project/main/datasets/ddi/000102.png,datasets/ddi/000102.png
https://raw.githubusercontent.com/Olamide7920/scalp_disease_project/main/datasets/ddi/000103.png,datasets/ddi/000103.png
https://raw.githubusercontent.com/Olamide7920/scalp_disease_project/main/datasets/ddi/000104.png,datasets/ddi/000104.png
https://raw.githubusercontent.com/Olamide7920/scalp_disease_project/main/datasets/ddi/000105.png,datasets/ddi/000105.png
https://raw.githubusercontent.com/Olamide7920/scalp_disease_project/main/datasets/ddi/000106.png,datasets/ddi/000106.png
https://raw.githubusercontent.com/Olamide7920/scalp_disease_project/main/datasets/ddi/000107.png,datasets/ddi/000107.png
https://raw.githubusercontent.com/Olamide7920/scalp_disease_project/main/datasets/ddi/000108.png,datasets/ddi/000108.png
https://raw.githubusercontent.com/Olamide7920/scalp_disease_project/main/datasets/ddi/000109.png,datasets/ddi/000109.png
https://raw.githubusercontent.com/Olamide7920/scalp_disease_project/main/datasets/ddi/000110.png,datasets/ddi/000110.png
https://raw.githubusercontent.com/Olamide7920/scalp_disease_project/main/datasets/ddi/000111.png,datasets/ddi/000111.png
https://raw.githubusercontent.com/Olamide7920/scalp_disease_project/main/datasets/ddi/000112.png,datasets/ddi/000112.png
https://raw.githubusercontent.com/Olamide7920/scalp_disease_project/main/datasets/ddi/000113.png,datasets/ddi/000113.png
https://raw.githubusercontent.com/Olamide7920/scalp_disease_project/main/datasets/ddi/000114.png,datasets/ddi/000114.png
https://raw.githubusercontent.com/Olamide7920/scalp_disease_project/main/datasets/ddi/000115.png,datasets/ddi/000115.png
https://raw.githubusercontent.com/Olamide7920/scalp_disease_project/main/datasets/ddi/000116.png,datasets/ddi/000116.png
https://raw.githubusercontent.com/Olamide7920/scalp_disease_project/main/datasets/ddi/000117.png,datasets/ddi/000117.png
https://raw.githubusercontent.com/Olamide7920/scalp_disease_project/main/datasets/ddi/000118.png,datasets/ddi/000118.png
https://raw.githubusercontent.com/Olamide7920/scalp_disease_project/main/datasets/ddi/000119.png,datasets/ddi/000119.png
https://raw.githubusercontent.com/Olamide7920/scalp_disease_project/main/datasets/ddi/000120.png,datasets/ddi/000120.png
https://raw.githubusercontent.com/Olamide7920/scalp_disease_project/main/datasets/ddi/000121.png,datasets/ddi/000121.png
https://raw.githubusercontent.com/Olamide7920/scalp_disease_project/main/datasets/ddi/000122.png,datasets/ddi/000122.png
https://raw.githubusercontent.com/Olamide7920/scalp_disease_project/main/datasets/ddi/000123.png,datasets/ddi/000123.png
https://raw.githubusercontent.com/Olamide7920/scalp_disease_project/main/datasets/ddi/000124.png,datasets/ddi/000124.png
https://raw.githubusercontent.com/Olamide7920/scalp_disease_project/main/datasets/ddi/000125.png,datasets/ddi/000125.png
https://raw.githubusercontent.com/Olamide7920/scalp_disease_project/main/datasets/ddi/000126.png,datasets/ddi/000126.png
https://raw.githubusercontent.com/Olamide7920/scalp_disease_project/main/datasets/ddi/000127.png,datasets/ddi/000127.png
https://raw.githubusercontent.com/Olamide7920/scalp_disease_project/main/datasets/ddi/000128.png,datasets/ddi/000128.png
https://raw.githubusercontent.com/Olamide7920/scalp_disease_project/main/datasets/ddi/000129.png,datasets/ddi/000129.png
https://raw.githubusercontent.com/Olamide7920/scalp_disease_project/main/datasets/ddi/000130.png,datasets/ddi/000130.png
https://raw.githubusercontent.com/Olamide7920/scalp_disease_project/main/datasets/ddi/000131.png,datasets/ddi/000131.png
https://raw.githubusercontent.com/Olamide7920/scalp_disease_project/main/datasets/ddi/000132.png,datasets/ddi/000132.png
https://raw.githubusercontent.com/Olamide7920/scalp_disease_project/main/datasets/ddi/000133.png,datasets/ddi/000133.png
https://raw.githubusercontent.com/Olamide7920/scalp_disease_project/main/datasets/ddi/000134.png,datasets/ddi/000134.png
https://raw.githubusercontent.com/Olamide7920/scalp_disease_project/main/datasets/ddi/000135.png,datasets/ddi/000135.png
https://raw.githubusercontent.com/Olamide7920/scalp_disease_project/main/datasets/ddi/000136.png,datasets/ddi/000136.png
https://raw.githubusercontent.com/Olamide7920/scalp_disease_project/main/datasets/ddi/000137.png,datasets/ddi/000137.png
https://raw.githubusercontent.com/Olamide7920/scalp_disease_project/main/datasets/ddi/000138.png,datasets/ddi/000138.png
https://raw.githubusercontent.com/Olamide7920/scalp_disease_project/main/datasets/ddi/000139.png,datasets/ddi/000139.png
https://raw.githubusercontent.com/Olamide7920/scalp_disease_project/main/datasets/ddi/000140.png,datasets/ddi/000140.png
https://raw.githubusercontent.com/Olamide7920/scalp_disease_project/main/datasets/ddi/000141.png,datasets/ddi/000141.png
https://raw.githubusercontent.com/Olamide7920/scalp_disease_project/main/datasets/ddi/000142.png,datasets/ddi/000142.png
https://raw.githubusercontent.com/Olamide7920/scalp_disease_project/main/datasets/ddi/000143.png,datasets/ddi/000143.png
https://raw.githubusercontent.com/Olamide7920/scalp_disease_project/main/datasets/ddi/000144.png,datasets/ddi/000144.png
https://raw.githubusercontent.com/Olamide7920/scalp_disease_project/main/datasets/ddi/000145.png,datasets/ddi/000145.png
https://raw.githubusercontent.com/Olamide7920/scalp_disease_project/main/datasets/ddi/000146.png,datasets/ddi/000146.png
https://raw.githubusercontent.com/Olamide7920/scalp_disease_project/main/datasets/ddi/000147.png,datasets/ddi/000147.png
https://raw.githubusercontent.com/Olamide7920/scalp_disease_project/main/datasets/ddi/000148.png,datasets/ddi/000148.png
https://raw.githubusercontent.com/Olamide7920/scalp_disease_project/main/datasets/ddi/000149.png,datasets/ddi/000149.png
https://raw.githubusercontent.com/Olamide7920/scalp_disease_project/main/datasets/ddi/000150.png,datasets/ddi/000150.png
https://raw.githubusercontent.com/Olamide7920/scalp_disease_project/main/datasets/ddi/000151.png,datasets/ddi/000151.png
https://raw.githubusercontent.com/Olamide7920/scalp_disease_project/main/datasets/ddi/000152.png,datasets/ddi/000152.png
https://raw.githubusercontent.com/Olamide7920/scalp_disease_project/main/datasets/ddi/000153.png,datasets/ddi/000153.png
https://raw.githubusercontent.com/Olamide7920/scalp_disease_project/main/datasets/ddi/000154.png,datasets/ddi/000154.png
https://raw.githubusercontent.com/Olamide7920/scalp_disease_project/main/datasets/ddi/000155.png,datasets/ddi/000155.png
https://raw.githubusercontent.com/Olamide7920/scalp_disease_project/main/datasets/ddi/000156.png,datasets/ddi/000156.png
https://raw.githubusercontent.com/Olamide7920/scalp_disease_project/main/datasets/ddi/000157.png,datasets/ddi/000157.png
https://raw.githubusercontent.com/Olamide7920/scalp_disease_project/main/datasets/ddi/000158.png,datasets/ddi/000158.png
https://raw.githubusercontent.com/Olamide7920/scalp_disease_project/main/datasets/ddi/000159.png,datasets/ddi/000159.png
https://raw.githubusercontent.com/Olamide7920/scalp_disease_project/main/datasets/ddi/000160.png,datasets/ddi/000160.png
https://raw.githubusercontent.com/Olamide7920/scalp_disease_project/main/datasets/ddi/000161.png,datasets/ddi/000161.png
https://raw.githubusercontent.com/Olamide7920/scalp_disease_project/main/datasets/ddi/000162.png,datasets/ddi/000162.png
https://raw.githubusercontent.com/Olamide7920/scalp_disease_project/main/datasets/ddi/000163.png,datasets/ddi/000163.png
https://raw.githubusercontent.com/Olamide7920/scalp_disease_project/main/datasets/ddi/000164.png,datasets/ddi/000164.png
https://raw.githubusercontent.com/Olamide7920/scalp_disease_project/main/datasets/ddi/000165.png,datasets/ddi/000165.png
https://raw.githubusercontent.com/Olamide7920/scalp_disease_project/main/datasets/ddi/000166.png,datasets/ddi/000166.png
https://raw.githubusercontent.com/Olamide7920/scalp_disease_project/main/datasets/ddi/000167.png,datasets/ddi/000167.png
https://raw.githubusercontent.com/Olamide7920/scalp_disease_project/main/datasets/ddi/000168.png,datasets/ddi/000168.png
https://raw.githubusercontent.com/Olamide7920/scalp_disease_project/main/datasets/ddi/000169.png,datasets/ddi/000169.png
https://raw.githubusercontent.com/Olamide7920/scalp_disease_project/main/datasets/ddi/000170.png,datasets/ddi/000170.png
https://raw.githubusercontent.com/Olamide7920/scalp_disease_project/main/datasets/ddi/000171.png,datasets/ddi/000171.png
https://raw.githubusercontent.com/Olamide7920/scalp_disease_project/main/datasets/ddi/000172.png,datasets/ddi/000172.png
https://raw.githubusercontent.com/Olamide7920/scalp_disease_project/main/datasets/ddi/000173.png,datasets/ddi/000173.png
https://raw.githubusercontent.com/Olamide7920/scalp_disease_project/main/datasets/ddi/000174.png,datasets/ddi/000174.png
https://raw.githubusercontent.com/Olamide7920/scalp_disease_project/main/datasets/ddi/000175.png,datasets/ddi/000175.png
https://raw.githubusercontent.com/Olamide7920/scalp_disease_project/main/datasets/ddi/000176.png,datasets/ddi/000176.png
https://raw.githubusercontent.com/Olamide7920/scalp_disease_project/main/datasets/ddi/000177.png,datasets/ddi/000177.png
https://raw.githubusercontent.com/Olamide7920/scalp_disease_project/main/datasets/ddi/000178.png,datasets/ddi/000178.png
https://raw.githubusercontent.com/Olamide7920/scalp_disease_project/main/datasets/ddi/000179.png,datasets/ddi/000179.png
https://raw.githubusercontent.com/Olamide7920/scalp_disease_project/main/datasets/ddi/000180.png,datasets/ddi/000180.png
https://raw.githubusercontent.com/Olamide7920/scalp_disease_project/main/datasets/ddi/000181.png,datasets/ddi/000181.png
https://raw.githubusercontent.com/Olamide7920/scalp_disease_project/main/datasets/ddi/000182.png,datasets/ddi/000182.png
https://raw.githubusercontent.com/Olamide7920/scalp_disease_project/main/datasets/ddi/000183.png,datasets/ddi/000183.png
https://raw.githubusercontent.com/Olamide7920/scalp_disease_project/main/datasets/ddi/000184.png,datasets/ddi/000184.png
https://raw.githubusercontent.com/Olamide7920/scalp_disease_project/main/datasets/ddi/000185.png,datasets/ddi/000185.png
https://raw.githubusercontent.com/Olamide7920/scalp_disease_project/main/datasets/ddi/000186.png,datasets/ddi/000186.png
https://raw.githubusercontent.com/Olamide7920/scalp_disease_project/main/datasets/ddi/000187.png,datasets/ddi/000187.png
https://raw.githubusercontent.com/Olamide7920/scalp_disease_project/main/datasets/ddi/000188.png,datasets/ddi/000188.png
https://raw.githubusercontent.com/Olamide7920/scalp_disease_project/main/datasets/ddi/000189.png,datasets/ddi/000189.png
https://raw.githubusercontent.com/Olamide7920/scalp_disease_project/main/datasets/ddi/000190.png,datasets/ddi/000190.png
https://raw.githubusercontent.com/Olamide7920/scalp_disease_project/main/datasets/ddi/000191.png,datasets/ddi/000191.png
https://raw.githubusercontent.com/Olamide7920/scalp_disease_project/main/datasets/ddi/000192.png,datasets/ddi/000192.png
https://raw.githubusercontent.com/Olamide7920/scalp_disease_project/main/datasets/ddi/000193.png,datasets/ddi/000193.png
https://raw.githubusercontent.com/Olamide7920/scalp_disease_project/main/datasets/ddi/000194.png,datasets/ddi/000194.png
https://raw.githubusercontent.com/Olamide7920/scalp_disease_project/main/datasets/ddi/000195.png,datasets/ddi/000195.png
https://raw.githubusercontent.com/Olamide7920/scalp_disease_project/main/datasets/ddi/000196.png,datasets/ddi/000196.png
https://raw.githubusercontent.com/Olamide7920/scalp_disease_project/main/datasets/ddi/000197.png,datasets/ddi/000197.png
https://raw.githubusercontent.com/Olamide7920/scalp_disease_project/main/datasets/ddi/000198.png,datasets/ddi/000198.png
https://raw.githubusercontent.com/Olamide7920/scalp_disease_project/main/datasets/ddi/000199.png,datasets/ddi/000199.png
https://raw.githubusercontent.com/Olamide7920/scalp_disease_project/main/datasets/ddi/000200.png,datasets/ddi/000200.png
https://raw.githubusercontent.com/Olamide7920/scalp_disease_project/main/datasets/ddi/000201.png,datasets/ddi/000201.png
https://raw.githubusercontent.com/Olamide7920/scalp_disease_project/main/datasets/ddi/000202.png,datasets/ddi/000202.png
https://raw.githubusercontent.com/Olamide7920/scalp_disease_project/main/datasets/ddi/000203.png,datasets/ddi/000203.png
https://raw.githubusercontent.com/Olamide7920/scalp_disease_project/main/datasets/ddi/000204.png,datasets/ddi/000204.png
https://raw.githubusercontent.com/Olamide7920/scalp_disease_project/main/datasets/ddi/000205.png,datasets/ddi/000205.png
https://raw.githubusercontent.com/Olamide7920/scalp_disease_project/main/datasets/ddi/000206.png,datasets/ddi/000206.png
https://raw.githubusercontent.com/Olamide7920/scalp_disease_project/main/datasets/ddi/000207.png,datasets/ddi/000207.png
https://raw.githubusercontent.com/Olamide7920/scalp_disease_project/main/datasets/ddi/000208.png,datasets/ddi/000208.png
https://raw.githubusercontent.com/Olamide7920/scalp_disease_project/main/datasets/ddi/000209.png,datasets/ddi/000209.png
https://raw.githubusercontent.com/Olamide7920/scalp_disease_project/main/datasets/ddi/000210.png,datasets/ddi/000210.png
https://raw.githubusercontent.com/Olamide7920/scalp_disease_project/main/datasets/ddi/000211.png,datasets/ddi/000211.png
https://raw.githubusercontent.com/Olamide7920/scalp_disease_project/main/datasets/ddi/000212.png,datasets/ddi/000212.png
https://raw.githubusercontent.com/Olamide7920/scalp_disease_project/main/datasets/ddi/000213.png,datasets/ddi/000213.png
https://raw.githubusercontent.com/Olamide7920/scalp_disease_project/main/datasets/ddi/000214.png,datasets/ddi/000214.png
https://raw.githubusercontent.com/Olamide7920/scalp_disease_project/main/datasets/ddi/000215.png,datasets/ddi/000215.png
https://raw.githubusercontent.com/Olamide7920/scalp_disease_project/main/datasets/ddi/000216.png,datasets/ddi/000216.png
https://raw.githubusercontent.com/Olamide7920/scalp_disease_project/main/datasets/ddi/000217.png,datasets/ddi/000217.png
https://raw.githubusercontent.com/Olamide7920/scalp_disease_project/main/datasets/ddi/000218.png,datasets/ddi/000218.png
https://raw.githubusercontent.com/Olamide7920/scalp_disease_project/main/datasets/ddi/000219.png,datasets/ddi/000219.png
https://raw.githubusercontent.com/Olamide7920/scalp_disease_project/main/datasets/ddi/000220.png,datasets/ddi/000220.png
https://raw.githubusercontent.com/Olamide7920/scalp_disease_project/main/datasets/ddi/000221.png,datasets/ddi/000221.png
https://raw.githubusercontent.com/Olamide7920/scalp_disease_project/main/datasets/ddi/000222.png,datasets/ddi/000222.png
https://raw.githubusercontent.com/Olamide7920/scalp_disease_project/main/datasets/ddi/000223.png,datasets/ddi/000223.png
https://raw.githubusercontent.com/Olamide7920/scalp_disease_project/main/datasets/ddi/000224.png,datasets/ddi/000224.png
https://raw.githubusercontent.com/Olamide7920/scalp_disease_project/main/datasets/ddi/000225.png,datasets/ddi/000225.png
https://raw.githubusercontent.com/Olamide7920/scalp_disease_project/main/datasets/ddi/000226.png,datasets/ddi/000226.png
https://raw.githubusercontent.com/Olamide7920/scalp_disease_project/main/datasets/ddi/000227.png,datasets/ddi/000227.png
https://raw.githubusercontent.com/Olamide7920/scalp_disease_project/main/datasets/ddi/000228.png,datasets/ddi/000228.png
https://raw.githubusercontent.com/Olamide7920/scalp_disease_project/main/datasets/ddi/000229.png,datasets/ddi/000229.png
https://raw.githubusercontent.com/Olamide7920/scalp_disease_project/main/datasets/ddi/000230.png,datasets/ddi/000230.png
https://raw.githubusercontent.com/Olamide7920/scalp_disease_project/main/datasets/ddi/000231.png,datasets/ddi/000231.png
https://raw.githubusercontent.com/Olamide7920/scalp_disease_project/main/datasets/ddi/000232.png,datasets/ddi/000232.png
https://raw.githubusercontent.com/Olamide7920/scalp_disease_project/main/datasets/ddi/000233.png,datasets/ddi/000233.png
https://raw.githubusercontent.com/Olamide7920/scalp_disease_project/main/datasets/ddi/000234.png,datasets/ddi/000234.png
https://raw.githubusercontent.com/Olamide7920/scalp_disease_project/main/datasets/ddi/000235.png,datasets/ddi/000235.png
https://raw.githubusercontent.com/Olamide7920/scalp_disease_project/main/datasets/ddi/000236.png,datasets/ddi/000236.png
https://raw.githubusercontent.com/Olamide7920/scalp_disease_project/main/datasets/ddi/000237.png,datasets/ddi/000237.png
https://raw.githubusercontent.com/Olamide7920/scalp_disease_project/main/datasets/ddi/000238.png,datasets/ddi/000238.png
https://raw.githubusercontent.com/Olamide7920/scalp_disease_project/main/datasets/ddi/000239.png,datasets/ddi/000239.png
https://raw.githubusercontent.com/Olamide7920/scalp_disease_project/main/datasets/ddi/000240.png,datasets/ddi/000240.png
https://raw.githubusercontent.com/Olamide7920/scalp_disease_project/main/datasets/ddi/000241.png,datasets/ddi/000241.png
https://raw.githubusercontent.com/Olamide7920/scalp_disease_project/main/datasets/ddi/000242.png,datasets/ddi/000242.png
https://raw.githubusercontent.com/Olamide7920/scalp_disease_project/main/datasets/ddi/000243.png,datasets/ddi/000243.png
https://raw.githubusercontent.com/Olamide7920/scalp_disease_project/main/datasets/ddi/000244.png,datasets/ddi/000244.png
https://raw.githubusercontent.com/Olamide7920/scalp_disease_project/main/datasets/ddi/000245.png,datasets/ddi/000245.png
https://raw.githubusercontent.com/Olamide7920/scalp_disease_project/main/datasets/ddi/000246.png,datasets/ddi/000246.png
https://raw.githubusercontent.com/Olamide7920/scalp_disease_project/main/datasets/ddi/000247.png,datasets/ddi/000247.png
https://raw.githubusercontent.com/Olamide7920/scalp_disease_project/main/datasets/ddi/000248.png,datasets/ddi/000248.png
https://raw.githubusercontent.com/Olamide7920/scalp_disease_project/main/datasets/ddi/000249.png,datasets/ddi/000249.png
https://raw.githubusercontent.com/Olamide7920/scalp_disease_project/main/datasets/ddi/000250.png,datasets/ddi/000250.png
https://raw.githubusercontent.com/Olamide7920/scalp_disease_project/main/datasets/ddi/000251.png,datasets/ddi/000251.png
https://raw.githubusercontent.com/Olamide7920/scalp_disease_project/main/datasets/ddi/000252.png,datasets/ddi/000252.png
https://raw.githubusercontent.com/Olamide7920/scalp_disease_project/main/datasets/ddi/000253.png,datasets/ddi/000253.png
https://raw.githubusercontent.com/Olamide7920/scalp_disease_project/main/datasets/ddi/000254.png,datasets/ddi/000254.png
https://raw.githubusercontent.com/Olamide7920/scalp_disease_project/main/datasets/ddi/000255.png,datasets/ddi/000255.png
https://raw.githubusercontent.com/Olamide7920/scalp_disease_project/main/datasets/ddi/000256.png,datasets/ddi/000256.png
https://raw.githubusercontent.com/Olamide7920/scalp_disease_project/main/datasets/ddi/000257.png,datasets/ddi/000257.png
https://raw.githubusercontent.com/Olamide7920/scalp_disease_project/main/datasets/ddi/000258.png,datasets/ddi/000258.png
https://raw.githubusercontent.com/Olamide7920/scalp_disease_project/main/datasets/ddi/000259.png,datasets/ddi/000259.png
https://raw.githubusercontent.com/Olamide7920/scalp_disease_project/main/datasets/ddi/000260.png,datasets/ddi/000260.png
https://raw.githubusercontent.com/Olamide7920/scalp_disease_project/main/datasets/ddi/000261.png,datasets/ddi/000261.png
https://raw.githubusercontent.com/Olamide7920/scalp_disease_project/main/datasets/ddi/000262.png,datasets/ddi/000262.png
https://raw.githubusercontent.com/Olamide7920/scalp_disease_project/main/datasets/ddi/000263.png,datasets/ddi/000263.png
https://raw.githubusercontent.com/Olamide7920/scalp_disease_project/main/datasets/ddi/000264.png,datasets/ddi/000264.png
https://raw.githubusercontent.com/Olamide7920/scalp_disease_project/main/datasets/ddi/000265.png,datasets/ddi/000265.png
https://raw.githubusercontent.com/Olamide7920/scalp_disease_project/main/datasets/ddi/000266.png,datasets/ddi/000266.png
https://raw.githubusercontent.com/Olamide7920/scalp_disease_project/main/datasets/ddi/000267.png,datasets/ddi/000267.png
https://raw.githubusercontent.com/Olamide7920/scalp_disease_project/main/datasets/ddi/000268.png,datasets/ddi/000268.png
https://raw.githubusercontent.com/Olamide7920/scalp_disease_project/main/datasets/ddi/000269.png,datasets/ddi/000269.png
https://raw.githubusercontent.com/Olamide7920/scalp_disease_project/main/datasets/ddi/000270.png,datasets/ddi/000270.png
https://raw.githubusercontent.com/Olamide7920/scalp_disease_project/main/datasets/ddi/000271.png,datasets/ddi/000271.png
https://raw.githubusercontent.com/Olamide7920/scalp_disease_project/main/datasets/ddi/000272.png,datasets/ddi/000272.png
https://raw.githubusercontent.com/Olamide7920/scalp_disease_project/main/datasets/ddi/000273.png,datasets/ddi/000273.png
https://raw.githubusercontent.com/Olamide7920/scalp_disease_project/main/datasets/ddi/000274.png,datasets/ddi/000274.png
https://raw.githubusercontent.com/Olamide7920/scalp_disease_project/main/datasets/ddi/000275.png,datasets/ddi/000275.png
https://raw.githubusercontent.com/Olamide7920/scalp_disease_project/main/datasets/ddi/000276.png,datasets/ddi/000276.png
https://raw.githubusercontent.com/Olamide7920/scalp_disease_project/main/datasets/ddi/000277.png,datasets/ddi/000277.png
https://raw.githubusercontent.com/Olamide7920/scalp_disease_project/main/datasets/ddi/000278.png,datasets/ddi/000278.png
https://raw.githubusercontent.com/Olamide7920/scalp_disease_project/main/datasets/ddi/000279.png,datasets/ddi/000279.png
https://raw.githubusercontent.com/Olamide7920/scalp_disease_project/main/datasets/ddi/000280.png,datasets/ddi/000280.png
https://raw.githubusercontent.com/Olamide7920/scalp_disease_project/main/datasets/ddi/000281.png,datasets/ddi/000281.png
https://raw.githubusercontent.com/Olamide7920/scalp_disease_project/main/datasets/ddi/000282.png,datasets/ddi/000282.png
https://raw.githubusercontent.com/Olamide7920/scalp_disease_project/main/datasets/ddi/000283.png,datasets/ddi/000283.png
https://raw.githubusercontent.com/Olamide7920/scalp_disease_project/main/datasets/ddi/000284.png,datasets/ddi/000284.png
https://raw.githubusercontent.com/Olamide7920/scalp_disease_project/main/datasets/ddi/000285.png,datasets/ddi/000285.png
https://raw.githubusercontent.com/Olamide7920/scalp_disease_project/main/datasets/ddi/000286.png,datasets/ddi/000286.png
https://raw.githubusercontent.com/Olamide7920/scalp_disease_project/main/datasets/ddi/000287.png,datasets/ddi/000287.png
https://raw.githubusercontent.com/Olamide7920/scalp_disease_project/main/datasets/ddi/000288.png,datasets/ddi/000288.png
https://raw.githubusercontent.com/Olamide7920/scalp_disease_project/main/datasets/ddi/000289.png,datasets/ddi/000289.png
https://raw.githubusercontent.com/Olamide7920/scalp_disease_project/main/datasets/ddi/000290.png,datasets/ddi/000290.png
https://raw.githubusercontent.com/Olamide7920/scalp_disease_project/main/datasets/ddi/000291.png,datasets/ddi/000291.png
https://raw.githubusercontent.com/Olamide7920/scalp_disease_project/main/datasets/ddi/000292.png,datasets/ddi/000292.png
https://raw.githubusercontent.com/Olamide7920/scalp_disease_project/main/datasets/ddi/000293.png,datasets/ddi/000293.png
https://raw.githubusercontent.com/Olamide7920/scalp_disease_project/main/datasets/ddi/000294.png,datasets/ddi/000294.png
https://raw.githubusercontent.com/Olamide7920/scalp_disease_project/main/datasets/ddi/000295.png,datasets/ddi/000295.png
https://raw.githubusercontent.com/Olamide7920/scalp_disease_project/main/datasets/ddi/000296.png,datasets/ddi/000296.png
https://raw.githubusercontent.com/Olamide7920/scalp_disease_project/main/datasets/ddi/000297.png,datasets/ddi/000297.png
https://raw.githubusercontent.com/Olamide7920/scalp_disease_project/main/datasets/ddi/000298.png,datasets/ddi/000298.png
https://raw.githubusercontent.com/Olamide7920/scalp_disease_project/main/datasets/ddi/000299.png,datasets/ddi/000299.png
https://raw.githubusercontent.com/Olamide7920/scalp_disease_project/main/datasets/ddi/000300.png,datasets/ddi/000300.png
https://raw.githubusercontent.com/Olamide7920/scalp_disease_project/main/datasets/ddi/000301.png,datasets/ddi/000301.png
https://raw.githubusercontent.com/Olamide7920/scalp_disease_project/main/datasets/ddi/000302.png,datasets/ddi/000302.png
https://raw.githubusercontent.com/Olamide7920/scalp_disease_project/main/datasets/ddi/000303.png,datasets/ddi/000303.png
https://raw.githubusercontent.com/Olamide7920/scalp_disease_project/main/datasets/ddi/000304.png,datasets/ddi/000304.png
https://raw.githubusercontent.com/Olamide7920/scalp_disease_project/main/datasets/ddi/000305.png,datasets/ddi/000305.png
https://raw.githubusercontent.com/Olamide7920/scalp_disease_project/main/datasets/ddi/000306.png,datasets/ddi/000306.png
https://raw.githubusercontent.com/Olamide7920/scalp_disease_project/main/datasets/ddi/000307.png,datasets/ddi/000307.png
https://raw.githubusercontent.com/Olamide7920/scalp_disease_project/main/datasets/ddi/000308.png,datasets/ddi/000308.png
https://raw.githubusercontent.com/Olamide7920/scalp_disease_project/main/datasets/ddi/000309.png,datasets/ddi/000309.png
https://raw.githubusercontent.com/Olamide7920/scalp_disease_project/main/datasets/ddi/000310.png,datasets/ddi/000310.png
https://raw.githubusercontent.com/Olamide7920/scalp_disease_project/main/datasets/ddi/000311.png,datasets/ddi/000311.png
https://raw.githubusercontent.com/Olamide7920/scalp_disease_project/main/datasets/ddi/000312.png,datasets/ddi/000312.png
https://raw.githubusercontent.com/Olamide7920/scalp_disease_project/main/datasets/ddi/000313.png,datasets/ddi/000313.png
https://raw.githubusercontent.com/Olamide7920/scalp_disease_project/main/datasets/ddi/000314.png,datasets/ddi/000314.png
https://raw.githubusercontent.com/Olamide7920/scalp_disease_project/main/datasets/ddi/000315.png,datasets/ddi/000315.png
https://raw.githubusercontent.com/Olamide7920/scalp_disease_project/main/datasets/ddi/000316.png,datasets/ddi/000316.png
https://raw.githubusercontent.com/Olamide7920/scalp_disease_project/main/datasets/ddi/000317.png,datasets/ddi/000317.png
https://raw.githubusercontent.com/Olamide7920/scalp_disease_project/main/datasets/ddi/000318.png,datasets/ddi/000318.png
https://raw.githubusercontent.com/Olamide7920/scalp_disease_project/main/datasets/ddi/000319.png,datasets/ddi/000319.png
https://raw.githubusercontent.com/Olamide7920/scalp_disease_project/main/datasets/ddi/000320.png,datasets/ddi/000320.png
https://raw.githubusercontent.com/Olamide7920/scalp_disease_project/main/datasets/ddi/000321.png,datasets/ddi/000321.png
https://raw.githubusercontent.com/Olamide7920/scalp_disease_project/main/datasets/ddi/000322.png,datasets/ddi/000322.png
https://raw.githubusercontent.com/Olamide7920/scalp_disease_project/main/datasets/ddi/000323.png,datasets/ddi/000323.png
https://raw.githubusercontent.com/Olamide7920/scalp_disease_project/main/datasets/ddi/000324.png,datasets/ddi/000324.png
https://raw.githubusercontent.com/Olamide7920/scalp_disease_project/main/datasets/ddi/000325.png,datasets/ddi/000325.png
https://raw.githubusercontent.com/Olamide7920/scalp_disease_project/main/datasets/ddi/000326.png,datasets/ddi/000326.png
https://raw.githubusercontent.com/Olamide7920/scalp_disease_project/main/datasets/ddi/000327.png,datasets/ddi/000327.png
https://raw.githubusercontent.com/Olamide7920/scalp_disease_project/main/datasets/ddi/000328.png,datasets/ddi/000328.png
https://raw.githubusercontent.com/Olamide7920/scalp_disease_project/main/datasets/ddi/000329.png,datasets/ddi/000329.png
https://raw.githubusercontent.com/Olamide7920/scalp_disease_project/main/datasets/ddi/000330.png,datasets/ddi/000330.png
https://raw.githubusercontent.com/Olamide7920/scalp_disease_project/main/datasets/ddi/000331.png,datasets/ddi/000331.png
https://raw.githubusercontent.com/Olamide7920/scalp_disease_project/main/datasets/ddi/000332.png,datasets/ddi/000332.png
https://raw.githubusercontent.com/Olamide7920/scalp_disease_project/main/datasets/ddi/000333.png,datasets/ddi/000333.png
https://raw.githubusercontent.com/Olamide7920/scalp_disease_project/main/datasets/ddi/000334.png,datasets/ddi/000334.png
https://raw.githubusercontent.com/Olamide7920/scalp_disease_project/main/datasets/ddi/000335.png,datasets/ddi/000335.png
https://raw.githubusercontent.com/Olamide7920/scalp_disease_project/main/datasets/ddi/000336.png,datasets/ddi/000336.png
https://raw.githubusercontent.com/Olamide7920/scalp_disease_project/main/datasets/ddi/000337.png,datasets/ddi/000337.png
https://raw.githubusercontent.com/Olamide7920/scalp_disease_project/main/datasets/ddi/000338.png,datasets/ddi/000338.png
https://raw.githubusercontent.com/Olamide7920/scalp_disease_project/main/datasets/ddi/000339.png,datasets/ddi/000339.png
https://raw.githubusercontent.com/Olamide7920/scalp_disease_project/main/datasets/ddi/000340.png,datasets/ddi/000340.png
https://raw.githubusercontent.com/Olamide7920/scalp_disease_project/main/datasets/ddi/000341.png,datasets/ddi/000341.png
https://raw.githubusercontent.com/Olamide7920/scalp_disease_project/main/datasets/ddi/000342.png,datasets/ddi/000342.png
https://raw.githubusercontent.com/Olamide7920/scalp_disease_project/main/datasets/ddi/000343.png,datasets/ddi/000343.png
https://raw.githubusercontent.com/Olamide7920/scalp_disease_project/main/datasets/ddi/000344.png,datasets/ddi/000344.png
https://raw.githubusercontent.com/Olamide7920/scalp_disease_project/main/datasets/ddi/000345.png,datasets/ddi/000345.png
https://raw.githubusercontent.com/Olamide7920/scalp_disease_project/main/datasets/ddi/000346.png,datasets/ddi/000346.png
https://raw.githubusercontent.com/Olamide7920/scalp_disease_project/main/datasets/ddi/000347.png,datasets/ddi/000347.png
https://raw.githubusercontent.com/Olamide7920/scalp_disease_project/main/datasets/ddi/000348.png,datasets/ddi/000348.png
https://raw.githubusercontent.com/Olamide7920/scalp_disease_project/main/datasets/ddi/000349.png,datasets/ddi/000349.png
https://raw.githubusercontent.com/Olamide7920/scalp_disease_project/main/datasets/ddi/000350.png,datasets/ddi/000350.png
https://raw.githubusercontent.com/Olamide7920/scalp_disease_project/main/datasets/ddi/000351.png,datasets/ddi/000351.png
https://raw.githubusercontent.com/Olamide7920/scalp_disease_project/main/datasets/ddi/000352.png,datasets/ddi/000352.png
https://raw.githubusercontent.com/Olamide7920/scalp_disease_project/main/datasets/ddi/000353.png,datasets/ddi/000353.png
https://raw.githubusercontent.com/Olamide7920/scalp_disease_project/main/datasets/ddi/000354.png,datasets/ddi/000354.png
https://raw.githubusercontent.com/Olamide7920/scalp_disease_project/main/datasets/ddi/000355.png,datasets/ddi/000355.png
https://raw.githubusercontent.com/Olamide7920/scalp_disease_project/main/datasets/ddi/000356.png,datasets/ddi/000356.png
https://raw.githubusercontent.com/Olamide7920/scalp_disease_project/main/datasets/ddi/000357.png,datasets/ddi/000357.png
https://raw.githubusercontent.com/Olamide7920/scalp_disease_project/main/datasets/ddi/000358.png,datasets/ddi/000358.png
https://raw.githubusercontent.com/Olamide7920/scalp_disease_project/main/datasets/ddi/000359.png,datasets/ddi/000359.png
https://raw.githubusercontent.com/Olamide7920/scalp_disease_project/main/datasets/ddi/000360.png,datasets/ddi/000360.png
https://raw.githubusercontent.com/Olamide7920/scalp_disease_project/main/datasets/ddi/000361.png,datasets/ddi/000361.png
https://raw.githubusercontent.com/Olamide7920/scalp_disease_project/main/datasets/ddi/000362.png,datasets/ddi/000362.png
https://raw.githubusercontent.com/Olamide7920/scalp_disease_project/main/datasets/ddi/000363.png,datasets/ddi/000363.png
https://raw.githubusercontent.com/Olamide7920/scalp_disease_project/main/datasets/ddi/000364.png,datasets/ddi/000364.png
https://raw.githubusercontent.com/Olamide7920/scalp_disease_project/main/datasets/ddi/000365.png,datasets/ddi/000365.png
https://raw.githubusercontent.com/Olamide7920/scalp_disease_project/main/datasets/ddi/000366.png,datasets/ddi/000366.png
https://raw.githubusercontent.com/Olamide7920/scalp_disease_project/main/datasets/ddi/000367.png,datasets/ddi/000367.png
https://raw.githubusercontent.com/Olamide7920/scalp_disease_project/main/datasets/ddi/000368.png,datasets/ddi/000368.png
https://raw.githubusercontent.com/Olamide7920/scalp_disease_project/main/datasets/ddi/000369.png,datasets/ddi/000369.png
https://raw.githubusercontent.com/Olamide7920/scalp_disease_project/main/datasets/ddi/000370.png,datasets/ddi/000370.png
https://raw.githubusercontent.com/Olamide7920/scalp_disease_project/main/datasets/ddi/000371.png,datasets/ddi/000371.png
https://raw.githubusercontent.com/Olamide7920/scalp_disease_project/main/datasets/ddi/000372.png,datasets/ddi/000372.png
https://raw.githubusercontent.com/Olamide7920/scalp_disease_project/main/datasets/ddi/000373.png,datasets/ddi/000373.png
https://raw.githubusercontent.com/Olamide7920/scalp_disease_project/main/datasets/ddi/000374.png,datasets/ddi/000374.png
https://raw.githubusercontent.com/Olamide7920/scalp_disease_project/main/datasets/ddi/000375.png,datasets/ddi/000375.png
https://raw.githubusercontent.com/Olamide7920/scalp_disease_project/main/datasets/ddi/000376.png,datasets/ddi/000376.png
https://raw.githubusercontent.com/Olamide7920/scalp_disease_project/main/datasets/ddi/000377.png,datasets/ddi/000377.png
https://raw.githubusercontent.com/Olamide7920/scalp_disease_project/main/datasets/ddi/000378.png,datasets/ddi/000378.png
https://raw.githubusercontent.com/Olamide7920/scalp_disease_project/main/datasets/ddi/000379.png,datasets/ddi/000379.png
https://raw.githubusercontent.com/Olamide7920/scalp_disease_project/main/datasets/ddi/000380.png,datasets/ddi/000380.png
https://raw.githubusercontent.com/Olamide7920/scalp_disease_project/main/datasets/ddi/000381.png,datasets/ddi/000381.png
https://raw.githubusercontent.com/Olamide7920/scalp_disease_project/main/datasets/ddi/000382.png,datasets/ddi/000382.png
https://raw.githubusercontent.com/Olamide7920/scalp_disease_project/main/datasets/ddi/000383.png,datasets/ddi/000383.png
https://raw.githubusercontent.com/Olamide7920/scalp_disease_project/main/datasets/ddi/000384.png,datasets/ddi/000384.png
https://raw.githubusercontent.com/Olamide7920/scalp_disease_project/main/datasets/ddi/000385.png,datasets/ddi/000385.png
https://raw.githubusercontent.com/Olamide7920/scalp_disease_project/main/datasets/ddi/000386.png,datasets/ddi/000386.png
https://raw.githubusercontent.com/Olamide7920/scalp_disease_project/main/datasets/ddi/000387.png,datasets/ddi/000387.png
https://raw.githubusercontent.com/Olamide7920/scalp_disease_project/main/datasets/ddi/000388.png,datasets/ddi/000388.png
https://raw.githubusercontent.com/Olamide7920/scalp_disease_project/main/datasets/ddi/000389.png,datasets/ddi/000389.png
https://raw.githubusercontent.com/Olamide7920/scalp_disease_project/main/datasets/ddi/000390.png,datasets/ddi/000390.png
https://raw.githubusercontent.com/Olamide7920/scalp_disease_project/main/datasets/ddi/000391.png,datasets/ddi/000391.png
https://raw.githubusercontent.com/Olamide7920/scalp_disease_project/main/datasets/ddi/000392.png,datasets/ddi/000392.png
https://raw.githubusercontent.com/Olamide7920/scalp_disease_project/main/datasets/ddi/000393.png,datasets/ddi/000393.png
https://raw.githubusercontent.com/Olamide7920/scalp_disease_project/main/datasets/ddi/000394.png,datasets/ddi/000394.png
https://raw.githubusercontent.com/Olamide7920/scalp_disease_project/main/datasets/ddi/000395.png,datasets/ddi/000395.png
https://raw.githubusercontent.com/Olamide7920/scalp_disease_project/main/datasets/ddi/000396.png,datasets/ddi/000396.png
https://raw.githubusercontent.com/Olamide7920/scalp_disease_project/main/datasets/ddi/000397.png,datasets/ddi/000397.png
https://raw.githubusercontent.com/Olamide7920/scalp_disease_project/main/datasets/ddi/000398.png,datasets/ddi/000398.png
https://raw.githubusercontent.com/Olamide7920/scalp_disease_project/main/datasets/ddi/000399.png,datasets/ddi/000399.png
https://raw.githubusercontent.com/Olamide7920/scalp_disease_project/main/datasets/ddi/000400.png,datasets/ddi/000400.png
https://raw.githubusercontent.com/Olamide7920/scalp_disease_project/main/datasets/ddi/000401.png,datasets/ddi/000401.png
https://raw.githubusercontent.com/Olamide7920/scalp_disease_project/main/datasets/ddi/000402.png,datasets/ddi/000402.png
https://raw.githubusercontent.com/Olamide7920/scalp_disease_project/main/datasets/ddi/000403.png,datasets/ddi/000403.png
https://raw.githubusercontent.com/Olamide7920/scalp_disease_project/main/datasets/ddi/000404.png,datasets/ddi/000404.png
https://raw.githubusercontent.com/Olamide7920/scalp_disease_project/main/datasets/ddi/000405.png,datasets/ddi/000405.png
https://raw.githubusercontent.com/Olamide7920/scalp_disease_project/main/datasets/ddi/000406.png,datasets/ddi/000406.png
https://raw.githubusercontent.com/Olamide7920/scalp_disease_project/main/datasets/ddi/000407.png,datasets/ddi/000407.png
https://raw.githubusercontent.com/Olamide7920/scalp_disease_project/main/datasets/ddi/000408.png,datasets/ddi/000408.png
https://raw.githubusercontent.com/Olamide7920/scalp_disease_project/main/datasets/ddi/000409.png,datasets/ddi/000409.png
https://raw.githubusercontent.com/Olamide7920/scalp_disease_project/main/datasets/ddi/000410.png,datasets/ddi/000410.png
https://raw.githubusercontent.com/Olamide7920/scalp_disease_project/main/datasets/ddi/000411.png,datasets/ddi/000411.png
https://raw.githubusercontent.com/Olamide7920/scalp_disease_project/main/datasets/ddi/000412.png,datasets/ddi/000412.png
https://raw.githubusercontent.com/Olamide7920/scalp_disease_project/main/datasets/ddi/000413.png,datasets/ddi/000413.png
https://raw.githubusercontent.com/Olamide7920/scalp_disease_project/main/datasets/ddi/000414.png,datasets/ddi/000414.png
https://raw.githubusercontent.com/Olamide7920/scalp_disease_project/main/datasets/ddi/000415.png,datasets/ddi/000415.png
https://raw.githubusercontent.com/Olamide7920/scalp_disease_project/main/datasets/ddi/000416.png,datasets/ddi/000416.png
https://raw.githubusercontent.com/Olamide7920/scalp_disease_project/main/datasets/ddi/000417.png,datasets/ddi/000417.png
https://raw.githubusercontent.com/Olamide7920/scalp_disease_project/main/datasets/ddi/000418.png,datasets/ddi/000418.png
https://raw.githubusercontent.com/Olamide7920/scalp_disease_project/main/datasets/ddi/000419.png,datasets/ddi/000419.png
https://raw.githubusercontent.com/Olamide7920/scalp_disease_project/main/datasets/ddi/000420.png,datasets/ddi/000420.png
https://raw.githubusercontent.com/Olamide7920/scalp_disease_project/main/datasets/ddi/000421.png,datasets/ddi/000421.png
https://raw.githubusercontent.com/Olamide7920/scalp_disease_project/main/datasets/ddi/000422.png,datasets/ddi/000422.png
https://raw.githubusercontent.com/Olamide7920/scalp_disease_project/main/datasets/ddi/000423.png,datasets/ddi/000423.png
https://raw.githubusercontent.com/Olamide7920/scalp_disease_project/main/datasets/ddi/000424.png,datasets/ddi/000424.png
https://raw.githubusercontent.com/Olamide7920/scalp_disease_project/main/datasets/ddi/000425.png,datasets/ddi/000425.png
https://raw.githubusercontent.com/Olamide7920/scalp_disease_project/main/datasets/ddi/000426.png,datasets/ddi/000426.png
https://raw.githubusercontent.com/Olamide7920/scalp_disease_project/main/datasets/ddi/000427.png,datasets/ddi/000427.png
https://raw.githubusercontent.com/Olamide7920/scalp_disease_project/main/datasets/ddi/000428.png,datasets/ddi/000428.png
https://raw.githubusercontent.com/Olamide7920/scalp_disease_project/main/datasets/ddi/000429.png,datasets/ddi/000429.png
https://raw.githubusercontent.com/Olamide7920/scalp_disease_project/main/datasets/ddi/000430.png,datasets/ddi/000430.png
https://raw.githubusercontent.com/Olamide7920/scalp_disease_project/main/datasets/ddi/000431.png,datasets/ddi/000431.png
https://raw.githubusercontent.com/Olamide7920/scalp_disease_project/main/datasets/ddi/000432.png,datasets/ddi/000432.png
https://raw.githubusercontent.com/Olamide7920/scalp_disease_project/main/datasets/ddi/000433.png,datasets/ddi/000433.png
https://raw.githubusercontent.com/Olamide7920/scalp_disease_project/main/datasets/ddi/000434.png,datasets/ddi/000434.png
https://raw.githubusercontent.com/Olamide7920/scalp_disease_project/main/datasets/ddi/000435.png,datasets/ddi/000435.png
https://raw.githubusercontent.com/Olamide7920/scalp_disease_project/main/datasets/ddi/000436.png,datasets/ddi/000436.png
https://raw.githubusercontent.com/Olamide7920/scalp_disease_project/main/datasets/ddi/000437.png,datasets/ddi/000437.png
https://raw.githubusercontent.com/Olamide7920/scalp_disease_project/main/datasets/ddi/000438.png,datasets/ddi/000438.png
https://raw.githubusercontent.com/Olamide7920/scalp_disease_project/main/datasets/ddi/000439.png,datasets/ddi/000439.png
https://raw.githubusercontent.com/Olamide7920/scalp_disease_project/main/datasets/ddi/000440.png,datasets/ddi/000440.png
https://raw.githubusercontent.com/Olamide7920/scalp_disease_project/main/datasets/ddi/000441.png,datasets/ddi/000441.png
https://raw.githubusercontent.com/Olamide7920/scalp_disease_project/main/datasets/ddi/000442.png,datasets/ddi/000442.png
https://raw.githubusercontent.com/Olamide7920/scalp_disease_project/main/datasets/ddi/000443.png,datasets/ddi/000443.png
https://raw.githubusercontent.com/Olamide7920/scalp_disease_project/main/datasets/ddi/000444.png,datasets/ddi/000444.png
https://raw.githubusercontent.com/Olamide7920/scalp_disease_project/main/datasets/ddi/000445.png,datasets/ddi/000445.png
https://raw.githubusercontent.com/Olamide7920/scalp_disease_project/main/datasets/ddi/000446.png,datasets/ddi/000446.png
https://raw.githubusercontent.com/Olamide7920/scalp_disease_project/main/datasets/ddi/000447.png,datasets/ddi/000447.png
https://raw.githubusercontent.com/Olamide7920/scalp_disease_project/main/datasets/ddi/000448.png,datasets/ddi/000448.png
https://raw.githubusercontent.com/Olamide7920/scalp_disease_project/main/datasets/ddi/000449.png,datasets/ddi/000449.png
https://raw.githubusercontent.com/Olamide7920/scalp_disease_project/main/datasets/ddi/000450.png,datasets/ddi/000450.png
https://raw.githubusercontent.com/Olamide7920/scalp_disease_project/main/datasets/ddi/000451.png,datasets/ddi/000451.png
https://raw.githubusercontent.com/Olamide7920/scalp_disease_project/main/datasets/ddi/000452.png,datasets/ddi/000452.png
https://raw.githubusercontent.com/Olamide7920/scalp_disease_project/main/datasets/ddi/000453.png,datasets/ddi/000453.png
https://raw.githubusercontent.com/Olamide7920/scalp_disease_project/main/datasets/ddi/000454.png,datasets/ddi/000454.png
https://raw.githubusercontent.com/Olamide7920/scalp_disease_project/main/datasets/ddi/000455.png,datasets/ddi/000455.png
https://raw.githubusercontent.com/Olamide7920/scalp_disease_project/main/datasets/ddi/000456.png,datasets/ddi/000456.png
https://raw.githubusercontent.com/Olamide7920/scalp_disease_project/main/datasets/ddi/000457.png,datasets/ddi/000457.png
https://raw.githubusercontent.com/Olamide7920/scalp_disease_project/main/datasets/ddi/000458.png,datasets/ddi/000458.png
https://raw.githubusercontent.com/Olamide7920/scalp_disease_project/main/datasets/ddi/000459.png,datasets/ddi/000459.png
https://raw.githubusercontent.com/Olamide7920/scalp_disease_project/main/datasets/ddi/000460.png,datasets/ddi/000460.png
https://raw.githubusercontent.com/Olamide7920/scalp_disease_project/main/datasets/ddi/000461.png,datasets/ddi/000461.png
https://raw.githubusercontent.com/Olamide7920/scalp_disease_project/main/datasets/ddi/000462.png,datasets/ddi/000462.png
https://raw.githubusercontent.com/Olamide7920/scalp_disease_project/main/datasets/ddi/000463.png,datasets/ddi/000463.png
https://raw.githubusercontent.com/Olamide7920/scalp_disease_project/main/datasets/ddi/000464.png,datasets/ddi/000464.png
https://raw.githubusercontent.com/Olamide7920/scalp_disease_project/main/datasets/ddi/000465.png,datasets/ddi/000465.png
https://raw.githubusercontent.com/Olamide7920/scalp_disease_project/main/datasets/ddi/000466.png,datasets/ddi/000466.png
https://raw.githubusercontent.com/Olamide7920/scalp_disease_project/main/datasets/ddi/000467.png,datasets/ddi/000467.png
https://raw.githubusercontent.com/Olamide7920/scalp_disease_project/main/datasets/ddi/000468.png,datasets/ddi/000468.png
https://raw.githubusercontent.com/Olamide7920/scalp_disease_project/main/datasets/ddi/000469.png,datasets/ddi/000469.png
https://raw.githubusercontent.com/Olamide7920/scalp_disease_project/main/datasets/ddi/000470.png,datasets/ddi/000470.png
https://raw.githubusercontent.com/Olamide7920/scalp_disease_project/main/datasets/ddi/000471.png,datasets/ddi/000471.png
https://raw.githubusercontent.com/Olamide7920/scalp_disease_project/main/datasets/ddi/000472.png,datasets/ddi/000472.png
https://raw.githubusercontent.com/Olamide7920/scalp_disease_project/main/datasets/ddi/000473.png,datasets/ddi/000473.png
https://raw.githubusercontent.com/Olamide7920/scalp_disease_project/main/datasets/ddi/000474.png,datasets/ddi/000474.png
https://raw.githubusercontent.com/Olamide7920/scalp_disease_project/main/datasets/ddi/000475.png,datasets/ddi/000475.png
https://raw.githubusercontent.com/Olamide7920/scalp_disease_project/main/datasets/ddi/000476.png,datasets/ddi/000476.png
https://raw.githubusercontent.com/Olamide7920/scalp_disease_project/main/datasets/ddi/000477.png,datasets/ddi/000477.png
https://raw.githubusercontent.com/Olamide7920/scalp_disease_project/main/datasets/ddi/000478.png,datasets/ddi/000478.png
https://raw.githubusercontent.com/Olamide7920/scalp_disease_project/main/datasets/ddi/000479.png,datasets/ddi/000479.png
https://raw.githubusercontent.com/Olamide7920/scalp_disease_project/main/datasets/ddi/000480.png,datasets/ddi/000480.png
https://raw.githubusercontent.com/Olamide7920/scalp_disease_project/main/datasets/ddi/000481.png,datasets/ddi/000481.png
https://raw.githubusercontent.com/Olamide7920/scalp_disease_project/main/datasets/ddi/000482.png,datasets/ddi/000482.png
https://raw.githubusercontent.com/Olamide7920/scalp_disease_project/main/datasets/ddi/000483.png,datasets/ddi/000483.png
https://raw.githubusercontent.com/Olamide7920/scalp_disease_project/main/datasets/ddi/000484.png,datasets/ddi/000484.png
https://raw.githubusercontent.com/Olamide7920/scalp_disease_project/main/datasets/ddi/000485.png,datasets/ddi/000485.png
https://raw.githubusercontent.com/Olamide7920/scalp_disease_project/main/datasets/ddi/000486.png,datasets/ddi/000486.png
https://raw.githubusercontent.com/Olamide7920/scalp_disease_project/main/datasets/ddi/000487.png,datasets/ddi/000487.png
https://raw.githubusercontent.com/Olamide7920/scalp_disease_project/main/datasets/ddi/000488.png,datasets/ddi/000488.png
https://raw.githubusercontent.com/Olamide7920/scalp_disease_project/main/datasets/ddi/000489.png,datasets/ddi/000489.png
https://raw.githubusercontent.com/Olamide7920/scalp_disease_project/main/datasets/ddi/000490.png,datasets/ddi/000490.png
https://raw.githubusercontent.com/Olamide7920/scalp_disease_project/main/datasets/ddi/000491.png,datasets/ddi/000491.png
https://raw.githubusercontent.com/Olamide7920/scalp_disease_project/main/datasets/ddi/000492.png,datasets/ddi/000492.png
https://raw.githubusercontent.com/Olamide7920/scalp_disease_project/main/datasets/ddi/000493.png,datasets/ddi/000493.png
https://raw.githubusercontent.com/Olamide7920/scalp_disease_project/main/datasets/ddi/000494.png,datasets/ddi/000494.png
https://raw.githubusercontent.com/Olamide7920/scalp_disease_project/main/datasets/ddi/000495.png,datasets/ddi/000495.png
https://raw.githubusercontent.com/Olamide7920/scalp_disease_project/main/datasets/ddi/000496.png,datasets/ddi/000496.png
https://raw.githubusercontent.com/Olamide7920/scalp_disease_project/main/datasets/ddi/000497.png,datasets/ddi/000497.png
https://raw.githubusercontent.com/Olamide7920/scalp_disease_project/main/datasets/ddi/000498.png,datasets/ddi/000498.png
https://raw.githubusercontent.com/Olamide7920/scalp_disease_project/main/datasets/ddi/000499.png,datasets/ddi/000499.png
https://raw.githubusercontent.com/Olamide7920/scalp_disease_project/main/datasets/ddi/000500.png,datasets/ddi/000500.png
https://raw.githubusercontent.com/Olamide7920/scalp_disease_project/main/datasets/ddi/000501.png,datasets/ddi/000501.png
https://raw.githubusercontent.com/Olamide7920/scalp_disease_project/main/datasets/ddi/000502.png,datasets/ddi/000502.png
https://raw.githubusercontent.com/Olamide7920/scalp_disease_project/main/datasets/ddi/000503.png,datasets/ddi/000503.png
https://raw.githubusercontent.com/Olamide7920/scalp_disease_project/main/datasets/ddi/000504.png,datasets/ddi/000504.png
https://raw.githubusercontent.com/Olamide7920/scalp_disease_project/main/datasets/ddi/000505.png,datasets/ddi/000505.png
https://raw.githubusercontent.com/Olamide7920/scalp_disease_project/main/datasets/ddi/000506.png,datasets/ddi/000506.png
https://raw.githubusercontent.com/Olamide7920/scalp_disease_project/main/datasets/ddi/000507.png,datasets/ddi/000507.png
https://raw.githubusercontent.com/Olamide7920/scalp_disease_project/main/datasets/ddi/000508.png,datasets/ddi/000508.png
https://raw.githubusercontent.com/Olamide7920/scalp_disease_project/main/datasets/ddi/000509.png,datasets/ddi/000509.png
https://raw.githubusercontent.com/Olamide7920/scalp_disease_project/main/datasets/ddi/000510.png,datasets/ddi/000510.png
https://raw.githubusercontent.com/Olamide7920/scalp_disease_project/main/datasets/ddi/000511.png,datasets/ddi/000511.png
https://raw.githubusercontent.com/Olamide7920/scalp_disease_project/main/datasets/ddi/000512.png,datasets/ddi/000512.png
https://raw.githubusercontent.com/Olamide7920/scalp_disease_project/main/datasets/ddi/000513.png,datasets/ddi/000513.png
https://raw.githubusercontent.com/Olamide7920/scalp_disease_project/main/datasets/ddi/000514.png,datasets/ddi/000514.png
https://raw.githubusercontent.com/Olamide7920/scalp_disease_project/main/datasets/ddi/000515.png,datasets/ddi/000515.png
https://raw.githubusercontent.com/Olamide7920/scalp_disease_project/main/datasets/ddi/000516.png,datasets/ddi/000516.png
https://raw.githubusercontent.com/Olamide7920/scalp_disease_project/main/datasets/ddi/000517.png,datasets/ddi/000517.png
https://raw.githubusercontent.com/Olamide7920/scalp_disease_project/main/datasets/ddi/000518.png,datasets/ddi/000518.png
https://raw.githubusercontent.com/Olamide7920/scalp_disease_project/main/datasets/ddi/000519.png,datasets/ddi/000519.png
https://raw.githubusercontent.com/Olamide7920/scalp_disease_project/main/datasets/ddi/000520.png,datasets/ddi/000520.png
https://raw.githubusercontent.com/Olamide7920/scalp_disease_project/main/datasets/ddi/000521.png,datasets/ddi/000521.png
https://raw.githubusercontent.com/Olamide7920/scalp_disease_project/main/datasets/ddi/000522.png,datasets/ddi/000522.png
https://raw.githubusercontent.com/Olamide7920/scalp_disease_project/main/datasets/ddi/000523.png,datasets/ddi/000523.png
https://raw.githubusercontent.com/Olamide7920/scalp_disease_project/main/datasets/ddi/000524.png,datasets/ddi/000524.png
https://raw.githubusercontent.com/Olamide7920/scalp_disease_project/main/datasets/ddi/000525.png,datasets/ddi/000525.png
https://raw.githubusercontent.com/Olamide7920/scalp_disease_project/main/datasets/ddi/000526.png,datasets/ddi/000526.png
https://raw.githubusercontent.com/Olamide7920/scalp_disease_project/main/datasets/ddi/000527.png,datasets/ddi/000527.png
https://raw.githubusercontent.com/Olamide7920/scalp_disease_project/main/datasets/ddi/000528.png,datasets/ddi/000528.png
https://raw.githubusercontent.com/Olamide7920/scalp_disease_project/main/datasets/ddi/000529.png,datasets/ddi/000529.png
https://raw.githubusercontent.com/Olamide7920/scalp_disease_project/main/datasets/ddi/000530.png,datasets/ddi/000530.png
https://raw.githubusercontent.com/Olamide7920/scalp_disease_project/main/datasets/ddi/000531.png,datasets/ddi/000531.png
https://raw.githubusercontent.com/Olamide7920/scalp_disease_project/main/datasets/ddi/000532.png,datasets/ddi/000532.png
https://raw.githubusercontent.com/Olamide7920/scalp_disease_project/main/datasets/ddi/000533.png,datasets/ddi/000533.png
https://raw.githubusercontent.com/Olamide7920/scalp_disease_project/main/datasets/ddi/000534.png,datasets/ddi/000534.png
https://raw.githubusercontent.com/Olamide7920/scalp_disease_project/main/datasets/ddi/000535.png,datasets/ddi/000535.png
https://raw.githubusercontent.com/Olamide7920/scalp_disease_project/main/datasets/ddi/000536.png,datasets/ddi/000536.png
https://raw.githubusercontent.com/Olamide7920/scalp_disease_project/main/datasets/ddi/000537.png,datasets/ddi/000537.png
https://raw.githubusercontent.com/Olamide7920/scalp_disease_project/main/datasets/ddi/000538.png,datasets/ddi/000538.png
https://raw.githubusercontent.com/Olamide7920/scalp_disease_project/main/datasets/ddi/000539.png,datasets/ddi/000539.png
https://raw.githubusercontent.com/Olamide7920/scalp_disease_project/main/datasets/ddi/000540.png,datasets/ddi/000540.png
https://raw.githubusercontent.com/Olamide7920/scalp_disease_project/main/datasets/ddi/000541.png,datasets/ddi/000541.png
https://raw.githubusercontent.com/Olamide7920/scalp_disease_project/main/datasets/ddi/000542.png,datasets/ddi/000542.png
https://raw.githubusercontent.com/Olamide7920/scalp_disease_project/main/datasets/ddi/000543.png,datasets/ddi/000543.png
https://raw.githubusercontent.com/Olamide7920/scalp_disease_project/main/datasets/ddi/000544.png,datasets/ddi/000544.png
https://raw.githubusercontent.com/Olamide7920/scalp_disease_project/main/datasets/ddi/000545.png,datasets/ddi/000545.png
https://raw.githubusercontent.com/Olamide7920/scalp_disease_project/main/datasets/ddi/000546.png,datasets/ddi/000546.png
https://raw.githubusercontent.com/Olamide7920/scalp_disease_project/main/datasets/ddi/000547.png,datasets/ddi/000547.png
https://raw.githubusercontent.com/Olamide7920/scalp_disease_project/main/datasets/ddi/000548.png,datasets/ddi/000548.png
https://raw.githubusercontent.com/Olamide7920/scalp_disease_project/main/datasets/ddi/000549.png,datasets/ddi/000549.png
https://raw.githubusercontent.com/Olamide7920/scalp_disease_project/main/datasets/ddi/000550.png,datasets/ddi/000550.png
https://raw.githubusercontent.com/Olamide7920/scalp_disease_project/main/datasets/ddi/000551.png,datasets/ddi/000551.png
https://raw.githubusercontent.com/Olamide7920/scalp_disease_project/main/datasets/ddi/000552.png,datasets/ddi/000552.png
https://raw.githubusercontent.com/Olamide7920/scalp_disease_project/main/datasets/ddi/000553.png,datasets/ddi/000553.png
https://raw.githubusercontent.com/Olamide7920/scalp_disease_project/main/datasets/ddi/000554.png,datasets/ddi/000554.png
https://raw.githubusercontent.com/Olamide7920/scalp_disease_project/main/datasets/ddi/000555.png,datasets/ddi/000555.png
https://raw.githubusercontent.com/Olamide7920/scalp_disease_project/main/datasets/ddi/000556.png,datasets/ddi/000556.png
https://raw.githubusercontent.com/Olamide7920/scalp_disease_project/main/datasets/ddi/000557.png,datasets/ddi/000557.png
https://raw.githubusercontent.com/Olamide7920/scalp_disease_project/main/datasets/ddi/000558.png,datasets/ddi/000558.png
https://raw.githubusercontent.com/Olamide7920/scalp_disease_project/main/datasets/ddi/000559.png,datasets/ddi/000559.png
https://raw.githubusercontent.com/Olamide7920/scalp_disease_project/main/datasets/ddi/000560.png,datasets/ddi/000560.png
https://raw.githubusercontent.com/Olamide7920/scalp_disease_project/main/datasets/ddi/000561.png,datasets/ddi/000561.png
https://raw.githubusercontent.com/Olamide7920/scalp_disease_project/main/datasets/ddi/000562.png,datasets/ddi/000562.png
https://raw.githubusercontent.com/Olamide7920/scalp_disease_project/main/datasets/ddi/000563.png,datasets/ddi/000563.png
https://raw.githubusercontent.com/Olamide7920/scalp_disease_project/main/datasets/ddi/000564.png,datasets/ddi/000564.png
https://raw.githubusercontent.com/Olamide7920/scalp_disease_project/main/datasets/ddi/000565.png,datasets/ddi/000565.png
https://raw.githubusercontent.com/Olamide7920/scalp_disease_project/main/datasets/ddi/000566.png,datasets/ddi/000566.png
https://raw.githubusercontent.com/Olamide7920/scalp_disease_project/main/datasets/ddi/000567.png,datasets/ddi/000567.png
https://raw.githubusercontent.com/Olamide7920/scalp_disease_project/main/datasets/ddi/000568.png,datasets/ddi/000568.png
https://raw.githubusercontent.com/Olamide7920/scalp_disease_project/main/datasets/ddi/000569.png,datasets/ddi/000569.png
https://raw.githubusercontent.com/Olamide7920/scalp_disease_project/main/datasets/ddi/000570.png,datasets/ddi/000570.png
https://raw.githubusercontent.com/Olamide7920/scalp_disease_project/main/datasets/ddi/000571.png,datasets/ddi/000571.png
https://raw.githubusercontent.com/Olamide7920/scalp_disease_project/main/datasets/ddi/000572.png,datasets/ddi/000572.png
https://raw.githubusercontent.com/Olamide7920/scalp_disease_project/main/datasets/ddi/000573.png,datasets/ddi/000573.png
https://raw.githubusercontent.com/Olamide7920/scalp_disease_project/main/datasets/ddi/000574.png,datasets/ddi/000574.png
https://raw.githubusercontent.com/Olamide7920/scalp_disease_project/main/datasets/ddi/000575.png,datasets/ddi/000575.png
https://raw.githubusercontent.com/Olamide7920/scalp_disease_project/main/datasets/ddi/000576.png,datasets/ddi/000576.png
https://raw.githubusercontent.com/Olamide7920/scalp_disease_project/main/datasets/ddi/000577.png,datasets/ddi/000577.png
https://raw.githubusercontent.com/Olamide7920/scalp_disease_project/main/datasets/ddi/000578.png,datasets/ddi/000578.png
https://raw.githubusercontent.com/Olamide7920/scalp_disease_project/main/datasets/ddi/000579.png,datasets/ddi/000579.png
https://raw.githubusercontent.com/Olamide7920/scalp_disease_project/main/datasets/ddi/000580.png,datasets/ddi/000580.png
https://raw.githubusercontent.com/Olamide7920/scalp_disease_project/main/datasets/ddi/000581.png,datasets/ddi/000581.png
https://raw.githubusercontent.com/Olamide7920/scalp_disease_project/main/datasets/ddi/000582.png,datasets/ddi/000582.png
https://raw.githubusercontent.com/Olamide7920/scalp_disease_project/main/datasets/ddi/000583.png,datasets/ddi/000583.png
https://raw.githubusercontent.com/Olamide7920/scalp_disease_project/main/datasets/ddi/000584.png,datasets/ddi/000584.png
https://raw.githubusercontent.com/Olamide7920/scalp_disease_project/main/datasets/ddi/000585.png,datasets/ddi/000585.png
https://raw.githubusercontent.com/Olamide7920/scalp_disease_project/main/datasets/ddi/000586.png,datasets/ddi/000586.png
https://raw.githubusercontent.com/Olamide7920/scalp_disease_project/main/datasets/ddi/000587.png,datasets/ddi/000587.png
https://raw.githubusercontent.com/Olamide7920/scalp_disease_project/main/datasets/ddi/000588.png,datasets/ddi/000588.png
https://raw.githubusercontent.com/Olamide7920/scalp_disease_project/main/datasets/ddi/000589.png,datasets/ddi/000589.png
https://raw.githubusercontent.com/Olamide7920/scalp_disease_project/main/datasets/ddi/000590.png,datasets/ddi/000590.png
https://raw.githubusercontent.com/Olamide7920/scalp_disease_project/main/datasets/ddi/000591.png,datasets/ddi/000591.png
https://raw.githubusercontent.com/Olamide7920/scalp_disease_project/main/datasets/ddi/000592.png,datasets/ddi/000592.png
https://raw.githubusercontent.com/Olamide7920/scalp_disease_project/main/datasets/ddi/000593.png,datasets/ddi/000593.png
https://raw.githubusercontent.com/Olamide7920/scalp_disease_project/main/datasets/ddi/000594.png,datasets/ddi/000594.png
https://raw.githubusercontent.com/Olamide7920/scalp_disease_project/main/datasets/ddi/000595.png,datasets/ddi/000595.png
https://raw.githubusercontent.com/Olamide7920/scalp_disease_project/main/datasets/ddi/000596.png,datasets/ddi/000596.png
https://raw.githubusercontent.com/Olamide7920/scalp_disease_project/main/datasets/ddi/000597.png,datasets/ddi/000597.png
https://raw.githubusercontent.com/Olamide7920/scalp_disease_project/main/datasets/ddi/000598.png,datasets/ddi/000598.png
https://raw.githubusercontent.com/Olamide7920/scalp_disease_project/main/datasets/ddi/000599.png,datasets/ddi/000599.png
https://raw.githubusercontent.com/Olamide7920/scalp_disease_project/main/datasets/ddi/000600.png,datasets/ddi/000600.png
https://raw.githubusercontent.com/Olamide7920/scalp_disease_project/main/datasets/ddi/000601.png,datasets/ddi/000601.png
https://raw.githubusercontent.com/Olamide7920/scalp_disease_project/main/datasets/ddi/000602.png,datasets/ddi/000602.png
https://raw.githubusercontent.com/Olamide7920/scalp_disease_project/main/datasets/ddi/000603.png,datasets/ddi/000603.png
https://raw.githubusercontent.com/Olamide7920/scalp_disease_project/main/datasets/ddi/000604.png,datasets/ddi/000604.png
https://raw.githubusercontent.com/Olamide7920/scalp_disease_project/main/datasets/ddi/000605.png,datasets/ddi/000605.png
https://raw.githubusercontent.com/Olamide7920/scalp_disease_project/main/datasets/ddi/000606.png,datasets/ddi/000606.png
https://raw.githubusercontent.com/Olamide7920/scalp_disease_project/main/datasets/ddi/000607.png,datasets/ddi/000607.png
https://raw.githubusercontent.com/Olamide7920/scalp_disease_project/main/datasets/ddi/000608.png,datasets/ddi/000608.png
https://raw.githubusercontent.com/Olamide7920/scalp_disease_project/main/datasets/ddi/000609.png,datasets/ddi/000609.png
https://raw.githubusercontent.com/Olamide7920/scalp_disease_project/main/datasets/ddi/000610.png,datasets/ddi/000610.png
https://raw.githubusercontent.com/Olamide7920/scalp_disease_project/main/datasets/ddi/000611.png,datasets/ddi/000611.png
https://raw.githubusercontent.com/Olamide7920/scalp_disease_project/main/datasets/ddi/000612.png,datasets/ddi/000612.png
https://raw.githubusercontent.com/Olamide7920/scalp_disease_project/main/datasets/ddi/000613.png,datasets/ddi/000613.png
https://raw.githubusercontent.com/Olamide7920/scalp_disease_project/main/datasets/ddi/000614.png,datasets/ddi/000614.png
https://raw.githubusercontent.com/Olamide7920/scalp_disease_project/main/datasets/ddi/000615.png,datasets/ddi/000615.png
https://raw.githubusercontent.com/Olamide7920/scalp_disease_project/main/datasets/ddi/000616.png,datasets/ddi/000616.png
https://raw.githubusercontent.com/Olamide7920/scalp_disease_project/main/datasets/ddi/000617.png,datasets/ddi/000617.png
https://raw.githubusercontent.com/Olamide7920/scalp_disease_project/main/datasets/ddi/000618.png,datasets/ddi/000618.png
https://raw.githubusercontent.com/Olamide7920/scalp_disease_project/main/datasets/ddi/000619.png,datasets/ddi/000619.png
https://raw.githubusercontent.com/Olamide7920/scalp_disease_project/main/datasets/ddi/000620.png,datasets/ddi/000620.png
https://raw.githubusercontent.com/Olamide7920/scalp_disease_project/main/datasets/ddi/000621.png,datasets/ddi/000621.png
https://raw.githubusercontent.com/Olamide7920/scalp_disease_project/main/datasets/ddi/000622.png,datasets/ddi/000622.png
https://raw.githubusercontent.com/Olamide7920/scalp_disease_project/main/datasets/ddi/000623.png,datasets/ddi/000623.png
https://raw.githubusercontent.com/Olamide7920/scalp_disease_project/main/datasets/ddi/000624.png,datasets/ddi/000624.png
https://raw.githubusercontent.com/Olamide7920/scalp_disease_project/main/datasets/ddi/000625.png,datasets/ddi/000625.png
https://raw.githubusercontent.com/Olamide7920/scalp_disease_project/main/datasets/ddi/000626.png,datasets/ddi/000626.png
https://raw.githubusercontent.com/Olamide7920/scalp_disease_project/main/datasets/ddi/000627.png,datasets/ddi/000627.png
https://raw.githubusercontent.com/Olamide7920/scalp_disease_project/main/datasets/ddi/000628.png,datasets/ddi/000628.png
https://raw.githubusercontent.com/Olamide7920/scalp_disease_project/main/datasets/ddi/000629.png,datasets/ddi/000629.png
https://raw.githubusercontent.com/Olamide7920/scalp_disease_project/main/datasets/ddi/000630.png,datasets/ddi/000630.png
https://raw.githubusercontent.com/Olamide7920/scalp_disease_project/main/datasets/ddi/000631.png,datasets/ddi/000631.png
https://raw.githubusercontent.com/Olamide7920/scalp_disease_project/main/datasets/ddi/000632.png,datasets/ddi/000632.png
https://raw.githubusercontent.com/Olamide7920/scalp_disease_project/main/datasets/ddi/000633.png,datasets/ddi/000633.png
https://raw.githubusercontent.com/Olamide7920/scalp_disease_project/main/datasets/ddi/000634.png,datasets/ddi/000634.png
https://raw.githubusercontent.com/Olamide7920/scalp_disease_project/main/datasets/ddi/000635.png,datasets/ddi/000635.png
https://raw.githubusercontent.com/Olamide7920/scalp_disease_project/main/datasets/ddi/000636.png,datasets/ddi/000636.png
https://raw.githubusercontent.com/Olamide7920/scalp_disease_project/main/datasets/ddi/000637.png,datasets/ddi/000637.png
https://raw.githubusercontent.com/Olamide7920/scalp_disease_project/main/datasets/ddi/000638.png,datasets/ddi/000638.png
https://raw.githubusercontent.com/Olamide7920/scalp_disease_project/main/datasets/ddi/000639.png,datasets/ddi/000639.png
https://raw.githubusercontent.com/Olamide7920/scalp_disease_project/main/datasets/ddi/000640.png,datasets/ddi/000640.png
https://raw.githubusercontent.com/Olamide7920/scalp_disease_project/main/datasets/ddi/000641.png,datasets/ddi/000641.png
https://raw.githubusercontent.com/Olamide7920/scalp_disease_project/main/datasets/ddi/000642.png,datasets/ddi/000642.png
https://raw.githubusercontent.com/Olamide7920/scalp_disease_project/main/datasets/ddi/000643.png,datasets/ddi/000643.png
https://raw.githubusercontent.com/Olamide7920/scalp_disease_project/main/datasets/ddi/000644.png,datasets/ddi/000644.png
https://raw.githubusercontent.com/Olamide7920/scalp_disease_project/main/datasets/ddi/000645.png,datasets/ddi/000645.png
https://raw.githubusercontent.com/Olamide7920/scalp_disease_project/main/datasets/ddi/000646.png,datasets/ddi/000646.png
https://raw.githubusercontent.com/Olamide7920/scalp_disease_project/main/datasets/ddi/000647.png,datasets/ddi/000647.png
https://raw.githubusercontent.com/Olamide7920/scalp_disease_project/main/datasets/ddi/000648.png,datasets/ddi/000648.png
https://raw.githubusercontent.com/Olamide7920/scalp_disease_project/main/datasets/ddi/000649.png,datasets/ddi/000649.png
https://raw.githubusercontent.com/Olamide7920/scalp_disease_project/main/datasets/ddi/000650.png,datasets/ddi/000650.png
https://raw.githubusercontent.com/Olamide7920/scalp_disease_project/main/datasets/ddi/000651.png,datasets/ddi/000651.png
https://raw.githubusercontent.com/Olamide7920/scalp_disease_project/main/datasets/ddi/000652.png,datasets/ddi/000652.png
https://raw.githubusercontent.com/Olamide7920/scalp_disease_project/main/datasets/ddi/000653.png,datasets/ddi/000653.png
https://raw.githubusercontent.com/Olamide7920/scalp_disease_project/main/datasets/ddi/000654.png,datasets/ddi/000654.png
https://raw.githubusercontent.com/Olamide7920/scalp_disease_project/main/datasets/ddi/000655.png,datasets/ddi/000655.png
https://raw.githubusercontent.com/Olamide7920/scalp_disease_project/main/datasets/ddi/000656.png,datasets/ddi/000656.png
https://raw.githubusercontent.com/Olamide7920/scalp_disease_project/main/datasets/hair_only/ddi_hair/000014.png,datasets/hair_only/ddi_hair/000014.png
https://raw.githubusercontent.com/Olamide7920/scalp_disease_project/main/datasets/hair_only/ddi_hair/000094.png,datasets/hair_only/ddi_hair/000094.png
https://raw.githubusercontent.com/Olamide7920/scalp_disease_project/main/datasets/hair_only/ddi_hair/000117.png,datasets/hair_only/ddi_hair/000117.png
https://raw.githubusercontent.com/Olamide7920/scalp_disease_project/main/datasets/hair_only/ddi_hair/000128.png,datasets/hair_only/ddi_hair/000128.png
https://raw.githubusercontent.com/Olamide7920/scalp_disease_project/main/datasets/hair_only/ddi_hair/000143.png,datasets/hair_only/ddi_hair/000143.png
https://raw.githubusercontent.com/Olamide7920/scalp_disease_project/main/datasets/hair_only/ddi_hair/000145.png,datasets/hair_only/ddi_hair/000145.png
https://raw.githubusercontent.com/Olamide7920/scalp_disease_project/main/datasets/hair_only/ddi_hair/000155.png,datasets/hair_only/ddi_hair/000155.png
https://raw.githubusercontent.com/Olamide7920/scalp_disease_project/main/datasets/hair_only/ddi_hair/000156.png,datasets/hair_only/ddi_hair/000156.png
https://raw.githubusercontent.com/Olamide7920/scalp_disease_project/main/datasets/hair_only/ddi_hair/000157.png,datasets/hair_only/ddi_hair/000157.png
https://raw.githubusercontent.com/Olamide7920/scalp_disease_project/main/datasets/hair_only/ddi_hair/000161.png,datasets/hair_only/ddi_hair/000161.png
https://raw.githubusercontent.com/Olamide7920/scalp_disease_project/main/datasets/hair_only/ddi_hair/000163.png,datasets/hair_only/ddi_hair/000163.png
https://raw.githubusercontent.com/Olamide7920/scalp_disease_project/main/datasets/hair_only/ddi_hair/000166.png,datasets/hair_only/ddi_hair/000166.png
https://raw.githubusercontent.com/Olamide7920/scalp_disease_project/main/datasets/hair_only/ddi_hair/000169.png,datasets/hair_only/ddi_hair/000169.png
https://raw.githubusercontent.com/Olamide7920/scalp_disease_project/main/datasets/hair_only/ddi_hair/000193.png,datasets/hair_only/ddi_hair/000193.png
https://raw.githubusercontent.com/Olamide7920/scalp_disease_project/main/datasets/hair_only/ddi_hair/000199.png,datasets/hair_only/ddi_hair/000199.png
https://raw.githubusercontent.com/Olamide7920/scalp_disease_project/main/datasets/hair_only/ddi_hair/000229.png,datasets/hair_only/ddi_hair/000229.png
https://raw.githubusercontent.com/Olamide7920/scalp_disease_project/main/datasets/hair_only/ddi_hair/000247.png,datasets/hair_only/ddi_hair/000247.png
https://raw.githubusercontent.com/Olamide7920/scalp_disease_project/main/datasets/hair_only/ddi_hair/000316.png,datasets/hair_only/ddi_hair/000316.png
https://raw.githubusercontent.com/Olamide7920/scalp_disease_project/main/datasets/hair_only/ddi_hair/000331.png,datasets/hair_only/ddi_hair/000331.png
https://raw.githubusercontent.com/Olamide7920/scalp_disease_project/main/datasets/hair_only/ddi_hair/000363.png,datasets/hair_only/ddi_hair/000363.png
https://raw.githubusercontent.com/Olamide7920/scalp_disease_project/main/datasets/hair_only/ddi_hair/000394.png,datasets/hair_only/ddi_hair/000394.png
https://raw.githubusercontent.com/Olamide7920/scalp_disease_project/main/datasets/hair_only/ddi_hair/000462.png,datasets/hair_only/ddi_hair/000462.png
https://raw.githubusercontent.com/Olamide7920/scalp_disease_project/main/datasets/hair_only/ddi_hair/000468.png,datasets/hair_only/ddi_hair/000468.png
https://raw.githubusercontent.com/Olamide7920/scalp_disease_project/main/datasets/hair_only/ddi_hair/000501.png,datasets/hair_only/ddi_hair/000501.png
https://raw.githubusercontent.com/Olamide7920/scalp_disease_project/main/datasets/hair_only/ddi_hair/000571.png,datasets/hair_only/ddi_hair/000571.png
https://raw.githubusercontent.com/Olamide7920/scalp_disease_project/main/datasets/hair_only/ddi_hair/000573.png,datasets/hair_only/ddi_hair/000573.png
https://raw.githubusercontent.com/Olamide7920/scalp_disease_project/main/datasets/hair_only/ddi_hair/000641.png,datasets/hair_only/ddi_hair/000641.png
https://raw.githubusercontent.com/Olamide7920/scalp_disease_project/main/datasets/hair_only/dermnet/hair_loss_10.jpg,datasets/hair_only/dermnet/hair_loss_10.jpg
https://raw.githubusercontent.com/Olamide7920/scalp_disease_project/main/datasets/hair_only/dermnet/hair_loss_12.jpg,datasets/hair_only/dermnet/hair_loss_12.jpg
https://raw.githubusercontent.com/Olamide7920/scalp_disease_project/main/datasets/hair_only/dermnet/hair_loss_14.jpg,datasets/hair_only/dermnet/hair_loss_14.jpg
https://raw.githubusercontent.com/Olamide7920/scalp_disease_project/main/datasets/hair_only/dermnet/hair_loss_15.jpg,datasets/hair_only/dermnet/hair_loss_15.jpg
https://raw.githubusercontent.com/Olamide7920/scalp_disease_project/main/datasets/hair_only/dermnet/hair_loss_16.jpg,datasets/hair_only/dermnet/hair_loss_16.jpg
https://raw.githubusercontent.com/Olamide7920/scalp_disease_project/main/datasets/hair_only/dermnet/hair_loss_17.jpg,datasets/hair_only/dermnet/hair_loss_17.jpg
https://raw.githubusercontent.com/Olamide7920/scalp_disease_project/main/datasets/hair_only/dermnet/hair_loss_18.jpg,datasets/hair_only/dermnet/hair_loss_18.jpg
https://raw.githubusercontent.com/Olamide7920/scalp_disease_project/main/datasets/hair_only/dermnet/hair_loss_19.jpg,datasets/hair_only/dermnet/hair_loss_19.jpg
https://raw.githubusercontent.com/Olamide7920/scalp_disease_project/main/datasets/hair_only/dermnet/hair_loss_20.jpg,datasets/hair_only/dermnet/hair_loss_20.jpg
https://raw.githubusercontent.com/Olamide7920/scalp_disease_project/main/datasets/hair_only/dermnet/hair_loss_21.jpg,datasets/hair_only/dermnet/hair_loss_21.jpg
https://raw.githubusercontent.com/Olamide7920/scalp_disease_project/main/datasets/hair_only/dermnet/hair_loss_22.jpg,datasets/hair_only/dermnet/hair_loss_22.jpg
https://raw.githubusercontent.com/Olamide7920/scalp_disease_project/main/datasets/hair_only/dermnet/hair_loss_23.jpg,datasets/hair_only/dermnet/hair_loss_23.jpg
https://raw.githubusercontent.com/Olamide7920/scalp_disease_project/main/datasets/hair_only/dermnet/hair_loss_24.jpg,datasets/hair_only/dermnet/hair_loss_24.jpg
https://raw.githubusercontent.com/Olamide7920/scalp_disease_project/main/datasets/hair_only/dermnet/hair_loss_25.jpg,datasets/hair_only/dermnet/hair_loss_25.jpg
https://raw.githubusercontent.com/Olamide7920/scalp_disease_project/main/datasets/hair_only/dermnet/hair_loss_26.jpg,datasets/hair_only/dermnet/hair_loss_26.jpg
https://raw.githubusercontent.com/Olamide7920/scalp_disease_project/main/datasets/hair_only/scalp_diseases/acne-keloidalis/acne-keloidalis-1.jpg,datasets/hair_only/scalp_diseases/acne-keloidalis/acne-keloidalis-1.jpg
https://raw.githubusercontent.com/Olamide7920/scalp_disease_project/main/datasets/hair_only/scalp_diseases/acne-keloidalis/acne-keloidalis-10.jpg,datasets/hair_only/scalp_diseases/acne-keloidalis/acne-keloidalis-10.jpg
https://raw.githubusercontent.com/Olamide7920/scalp_disease_project/main/datasets/hair_only/scalp_diseases/acne-keloidalis/acne-keloidalis-11.jpg,datasets/hair_only/scalp_diseases/acne-keloidalis/acne-keloidalis-11.jpg
https://raw.githubusercontent.com/Olamide7920/scalp_disease_project/main/datasets/hair_only/scalp_diseases/acne-keloidalis/acne-keloidalis-12.jpg,datasets/hair_only/scalp_diseases/acne-keloidalis/acne-keloidalis-12.jpg
https://raw.githubusercontent.com/Olamide7920/scalp_disease_project/main/datasets/hair_only/scalp_diseases/acne-keloidalis/acne-keloidalis-13.jpg,datasets/hair_only/scalp_diseases/acne-keloidalis/acne-keloidalis-13.jpg
https://raw.githubusercontent.com/Olamide7920/scalp_disease_project/main/datasets/hair_only/scalp_diseases/acne-keloidalis/acne-keloidalis-15.jpg,datasets/hair_only/scalp_diseases/acne-keloidalis/acne-keloidalis-15.jpg
https://raw.githubusercontent.com/Olamide7920/scalp_disease_project/main/datasets/hair_only/scalp_diseases/acne-keloidalis/acne-keloidalis-16.jpg,datasets/hair_only/scalp_diseases/acne-keloidalis/acne-keloidalis-16.jpg
https://raw.githubusercontent.com/Olamide7920/scalp_disease_project/main/datasets/hair_only/scalp_diseases/acne-keloidalis/acne-keloidalis-18.jpg,datasets/hair_only/scalp_diseases/acne-keloidalis/acne-keloidalis-18.jpg
https://raw.githubusercontent.com/Olamide7920/scalp_disease_project/main/datasets/hair_only/scalp_diseases/acne-keloidalis/acne-keloidalis-19.jpg,datasets/hair_only/scalp_diseases/acne-keloidalis/acne-keloidalis-19.jpg
https://raw.githubusercontent.com/Olamide7920/scalp_disease_project/main/datasets/hair_only/scalp_diseases/acne-keloidalis/acne-keloidalis-2.jpg,datasets/hair_only/scalp_diseases/acne-keloidalis/acne-keloidalis-2.jpg
https://raw.githubusercontent.com/Olamide7920/scalp_disease_project/main/datasets/hair_only/scalp_diseases/acne-keloidalis/acne-keloidalis-20.jpg,datasets/hair_only/scalp_diseases/acne-keloidalis/acne-keloidalis-20.jpg
https://raw.githubusercontent.com/Olamide7920/scalp_disease_project/main/datasets/hair_only/scalp_diseases/acne-keloidalis/acne-keloidalis-21.jpg,datasets/hair_only/scalp_diseases/acne-keloidalis/acne-keloidalis-21.jpg
https://raw.githubusercontent.com/Olamide7920/scalp_disease_project/main/datasets/hair_only/scalp_diseases/acne-keloidalis/acne-keloidalis-22.jpg,datasets/hair_only/scalp_diseases/acne-keloidalis/acne-keloidalis-22.jpg
https://raw.githubusercontent.com/Olamide7920/scalp_disease_project/main/datasets/hair_only/scalp_diseases/acne-keloidalis/acne-keloidalis-23.jpg,datasets/hair_only/scalp_diseases/acne-keloidalis/acne-keloidalis-23.jpg
https://raw.githubusercontent.com/Olamide7920/scalp_disease_project/main/datasets/hair_only/scalp_diseases/acne-keloidalis/acne-keloidalis-24.jpg,datasets/hair_only/scalp_diseases/acne-keloidalis/acne-keloidalis-24.jpg
https://raw.githubusercontent.com/Olamide7920/scalp_disease_project/main/datasets/hair_only/scalp_diseases/acne-keloidalis/acne-keloidalis-25.jpg,datasets/hair_only/scalp_diseases/acne-keloidalis/acne-keloidalis-25.jpg
https://raw.githubusercontent.com/Olamide7920/scalp_disease_project/main/datasets/hair_only/scalp_diseases/acne-keloidalis/acne-keloidalis-26.jpg,datasets/hair_only/scalp_diseases/acne-keloidalis/acne-keloidalis-26.jpg
https://raw.githubusercontent.com/Olamide7920/scalp_disease_project/main/datasets/hair_only/scalp_diseases/acne-keloidalis/acne-keloidalis-27.jpg,datasets/hair_only/scalp_diseases/acne-keloidalis/acne-keloidalis-27.jpg
https://raw.githubusercontent.com/Olamide7920/scalp_disease_project/main/datasets/hair_only/scalp_diseases/acne-keloidalis/acne-keloidalis-28.jpg,datasets/hair_only/scalp_diseases/acne-keloidalis/acne-keloidalis-28.jpg
https://raw.githubusercontent.com/Olamide7920/scalp_disease_project/main/datasets/hair_only/scalp_diseases/acne-keloidalis/acne-keloidalis-29.jpg,datasets/hair_only/scalp_diseases/acne-keloidalis/acne-keloidalis-29.jpg
https://raw.githubusercontent.com/Olamide7920/scalp_disease_project/main/datasets/hair_only/scalp_diseases/acne-keloidalis/acne-keloidalis-3.jpg,datasets/hair_only/scalp_diseases/acne-keloidalis/acne-keloidalis-3.jpg
https://raw.githubusercontent.com/Olamide7920/scalp_disease_project/main/datasets/hair_only/scalp_diseases/acne-keloidalis/acne-keloidalis-30.jpg,datasets/hair_only/scalp_diseases/acne-keloidalis/acne-keloidalis-30.jpg
https://raw.githubusercontent.com/Olamide7920/scalp_disease_project/main/datasets/hair_only/scalp_diseases/acne-keloidalis/acne-keloidalis-31.jpg,datasets/hair_only/scalp_diseases/acne-keloidalis/acne-keloidalis-31.jpg
https://raw.githubusercontent.com/Olamide7920/scalp_disease_project/main/datasets/hair_only/scalp_diseases/acne-keloidalis/acne-keloidalis-32.jpg,datasets/hair_only/scalp_diseases/acne-keloidalis/acne-keloidalis-32.jpg
https://raw.githubusercontent.com/Olamide7920/scalp_disease_project/main/datasets/hair_only/scalp_diseases/acne-keloidalis/acne-keloidalis-33.jpg,datasets/hair_only/scalp_diseases/acne-keloidalis/acne-keloidalis-33.jpg
https://raw.githubusercontent.com/Olamide7920/scalp_disease_project/main/datasets/hair_only/scalp_diseases/acne-keloidalis/acne-keloidalis-34.jpg,datasets/hair_only/scalp_diseases/acne-keloidalis/acne-keloidalis-34.jpg
https://raw.githubusercontent.com/Olamide7920/scalp_disease_project/main/datasets/hair_only/scalp_diseases/acne-keloidalis/acne-keloidalis-35.jpg,datasets/hair_only/scalp_diseases/acne-keloidalis/acne-keloidalis-35.jpg
https://raw.githubusercontent.com/Olamide7920/scalp_disease_project/main/datasets/hair_only/scalp_diseases/acne-keloidalis/acne-keloidalis-36.jpg,datasets/hair_only/scalp_diseases/acne-keloidalis/acne-keloidalis-36.jpg
https://raw.githubusercontent.com/Olamide7920/scalp_disease_project/main/datasets/hair_only/scalp_diseases/acne-keloidalis/acne-keloidalis-37.jpg,datasets/hair_only/scalp_diseases/acne-keloidalis/acne-keloidalis-37.jpg
https://raw.githubusercontent.com/Olamide7920/scalp_disease_project/main/datasets/hair_only/scalp_diseases/acne-keloidalis/acne-keloidalis-38.jpg,datasets/hair_only/scalp_diseases/acne-keloidalis/acne-keloidalis-38.jpg
https://raw.githubusercontent.com/Olamide7920/scalp_disease_project/main/datasets/hair_only/scalp_diseases/acne-keloidalis/acne-keloidalis-39.jpg,datasets/hair_only/scalp_diseases/acne-keloidalis/acne-keloidalis-39.jpg
https://raw.githubusercontent.com/Olamide7920/scalp_disease_project/main/datasets/hair_only/scalp_diseases/acne-keloidalis/acne-keloidalis-4.jpg,datasets/hair_only/scalp_diseases/acne-keloidalis/acne-keloidalis-4.jpg
https://raw.githubusercontent.com/Olamide7920/scalp_disease_project/main/datasets/hair_only/scalp_diseases/acne-keloidalis/acne-keloidalis-40.jpg,datasets/hair_only/scalp_diseases/acne-keloidalis/acne-keloidalis-40.jpg
https://raw.githubusercontent.com/Olamide7920/scalp_disease_project/main/datasets/hair_only/scalp_diseases/acne-keloidalis/acne-keloidalis-41.jpg,datasets/hair_only/scalp_diseases/acne-keloidalis/acne-keloidalis-41.jpg
https://raw.githubusercontent.com/Olamide7920/scalp_disease_project/main/datasets/hair_only/scalp_diseases/acne-keloidalis/acne-keloidalis-42.jpg,datasets/hair_only/scalp_diseases/acne-keloidalis/acne-keloidalis-42.jpg
https://raw.githubusercontent.com/Olamide7920/scalp_disease_project/main/datasets/hair_only/scalp_diseases/acne-keloidalis/acne-keloidalis-43.jpg,datasets/hair_only/scalp_diseases/acne-keloidalis/acne-keloidalis-43.jpg
https://raw.githubusercontent.com/Olamide7920/scalp_disease_project/main/datasets/hair_only/scalp_diseases/acne-keloidalis/acne-keloidalis-44.jpg,datasets/hair_only/scalp_diseases/acne-keloidalis/acne-keloidalis-44.jpg
https://raw.githubusercontent.com/Olamide7920/scalp_disease_project/main/datasets/hair_only/scalp_diseases/acne-keloidalis/acne-keloidalis-45.jpg,datasets/hair_only/scalp_diseases/acne-keloidalis/acne-keloidalis-45.jpg
https://raw.githubusercontent.com/Olamide7920/scalp_disease_project/main/datasets/hair_only/scalp_diseases/acne-keloidalis/acne-keloidalis-46.jpg,datasets/hair_only/scalp_diseases/acne-keloidalis/acne-keloidalis-46.jpg
https://raw.githubusercontent.com/Olamide7920/scalp_disease_project/main/datasets/hair_only/scalp_diseases/acne-keloidalis/acne-keloidalis-47.jpg,datasets/hair_only/scalp_diseases/acne-keloidalis/acne-keloidalis-47.jpg
https://raw.githubusercontent.com/Olamide7920/scalp_disease_project/main/datasets/hair_only/scalp_diseases/acne-keloidalis/acne-keloidalis-48.jpg,datasets/hair_only/scalp_diseases/acne-keloidalis/acne-keloidalis-48.jpg
https://raw.githubusercontent.com/Olamide7920/scalp_disease_project/main/datasets/hair_only/scalp_diseases/acne-keloidalis/acne-keloidalis-49.jpg,datasets/hair_only/scalp_diseases/acne-keloidalis/acne-keloidalis-49.jpg
https://raw.githubusercontent.com/Olamide7920/scalp_disease_project/main/datasets/hair_only/scalp_diseases/acne-keloidalis/acne-keloidalis-5.jpg,datasets/hair_only/scalp_diseases/acne-keloidalis/acne-keloidalis-5.jpg
https://raw.githubusercontent.com/Olamide7920/scalp_disease_project/main/datasets/hair_only/scalp_diseases/acne-keloidalis/acne-keloidalis-50.jpg,datasets/hair_only/scalp_diseases/acne-keloidalis/acne-keloidalis-50.jpg
https://raw.githubusercontent.com/Olamide7920/scalp_disease_project/main/datasets/hair_only/scalp_diseases/acne-keloidalis/acne-keloidalis-51.jpg,datasets/hair_only/scalp_diseases/acne-keloidalis/acne-keloidalis-51.jpg
https://raw.githubusercontent.com/Olamide7920/scalp_disease_project/main/datasets/hair_only/scalp_diseases/acne-keloidalis/acne-keloidalis-52.jpg,datasets/hair_only/scalp_diseases/acne-keloidalis/acne-keloidalis-52.jpg
https://raw.githubusercontent.com/Olamide7920/scalp_disease_project/main/datasets/hair_only/scalp_diseases/acne-keloidalis/acne-keloidalis-53.jpg,datasets/hair_only/scalp_diseases/acne-keloidalis/acne-keloidalis-53.jpg
https://raw.githubusercontent.com/Olamide7920/scalp_disease_project/main/datasets/hair_only/scalp_diseases/acne-keloidalis/acne-keloidalis-54.jpg,datasets/hair_only/scalp_diseases/acne-keloidalis/acne-keloidalis-54.jpg
https://raw.githubusercontent.com/Olamide7920/scalp_disease_project/main/datasets/hair_only/scalp_diseases/acne-keloidalis/acne-keloidalis-55.jpg,datasets/hair_only/scalp_diseases/acne-keloidalis/acne-keloidalis-55.jpg
https://raw.githubusercontent.com/Olamide7920/scalp_disease_project/main/datasets/hair_only/scalp_diseases/acne-keloidalis/acne-keloidalis-56.jpg,datasets/hair_only/scalp_diseases/acne-keloidalis/acne-keloidalis-56.jpg
https://raw.githubusercontent.com/Olamide7920/scalp_disease_project/main/datasets/hair_only/scalp_diseases/acne-keloidalis/acne-keloidalis-57.jpg,datasets/hair_only/scalp_diseases/acne-keloidalis/acne-keloidalis-57.jpg
https://raw.githubusercontent.com/Olamide7920/scalp_disease_project/main/datasets/hair_only/scalp_diseases/acne-keloidalis/acne-keloidalis-58.jpg,datasets/hair_only/scalp_diseases/acne-keloidalis/acne-keloidalis-58.jpg
https://raw.githubusercontent.com/Olamide7920/scalp_disease_project/main/datasets/hair_only/scalp_diseases/acne-keloidalis/acne-keloidalis-59.jpg,datasets/hair_only/scalp_diseases/acne-keloidalis/acne-keloidalis-59.jpg
https://raw.githubusercontent.com/Olamide7920/scalp_disease_project/main/datasets/hair_only/scalp_diseases/acne-keloidalis/acne-keloidalis-6.jpg,datasets/hair_only/scalp_diseases/acne-keloidalis/acne-keloidalis-6.jpg
https://raw.githubusercontent.com/Olamide7920/scalp_disease_project/main/datasets/hair_only/scalp_diseases/acne-keloidalis/acne-keloidalis-60.jpg,datasets/hair_only/scalp_diseases/acne-keloidalis/acne-keloidalis-60.jpg
https://raw.githubusercontent.com/Olamide7920/scalp_disease_project/main/datasets/hair_only/scalp_diseases/acne-keloidalis/acne-keloidalis-61.jpg,datasets/hair_only/scalp_diseases/acne-keloidalis/acne-keloidalis-61.jpg
https://raw.githubusercontent.com/Olamide7920/scalp_disease_project/main/datasets/hair_only/scalp_diseases/acne-keloidalis/acne-keloidalis-62.jpg,datasets/hair_only/scalp_diseases/acne-keloidalis/acne-keloidalis-62.jpg
https://raw.githubusercontent.com/Olamide7920/scalp_disease_project/main/datasets/hair_only/scalp_diseases/acne-keloidalis/acne-keloidalis-63.jpg,datasets/hair_only/scalp_diseases/acne-keloidalis/acne-keloidalis-63.jpg
https://raw.githubusercontent.com/Olamide7920/scalp_disease_project/main/datasets/hair_only/scalp_diseases/acne-keloidalis/acne-keloidalis-7.jpg,datasets/hair_only/scalp_diseases/acne-keloidalis/acne-keloidalis-7.jpg
https://raw.githubusercontent.com/Olamide7920/scalp_disease_project/main/datasets/hair_only/scalp_diseases/acne-keloidalis/acne-keloidalis-8.jpg,datasets/hair_only/scalp_diseases/acne-keloidalis/acne-keloidalis-8.jpg
https://raw.githubusercontent.com/Olamide7920/scalp_disease_project/main/datasets/hair_only/scalp_diseases/acne-keloidalis/acne-keloidalis-9.jpg,datasets/hair_only/scalp_diseases/acne-keloidalis/acne-keloidalis-9.jpg
https://raw.githubusercontent.com/Olamide7920/scalp_disease_project/main/datasets/hair_only/scalp_diseases/alopecia-areata/alopecia-areata-10.jpg,datasets/hair_only/scalp_diseases/alopecia-areata/alopecia-areata-10.jpg
https://raw.githubusercontent.com/Olamide7920/scalp_disease_project/main/datasets/hair_only/scalp_diseases/alopecia-areata/alopecia-areata-100.jpg,datasets/hair_only/scalp_diseases/alopecia-areata/alopecia-areata-100.jpg
https://raw.githubusercontent.com/Olamide7920/scalp_disease_project/main/datasets/hair_only/scalp_diseases/alopecia-areata/alopecia-areata-101.jpg,datasets/hair_only/scalp_diseases/alopecia-areata/alopecia-areata-101.jpg
https://raw.githubusercontent.com/Olamide7920/scalp_disease_project/main/datasets/hair_only/scalp_diseases/alopecia-areata/alopecia-areata-102.jpg,datasets/hair_only/scalp_diseases/alopecia-areata/alopecia-areata-102.jpg
https://raw.githubusercontent.com/Olamide7920/scalp_disease_project/main/datasets/hair_only/scalp_diseases/alopecia-areata/alopecia-areata-103.jpg,datasets/hair_only/scalp_diseases/alopecia-areata/alopecia-areata-103.jpg
https://raw.githubusercontent.com/Olamide7920/scalp_disease_project/main/datasets/hair_only/scalp_diseases/alopecia-areata/alopecia-areata-104.jpg,datasets/hair_only/scalp_diseases/alopecia-areata/alopecia-areata-104.jpg
https://raw.githubusercontent.com/Olamide7920/scalp_disease_project/main/datasets/hair_only/scalp_diseases/alopecia-areata/alopecia-areata-105.jpg,datasets/hair_only/scalp_diseases/alopecia-areata/alopecia-areata-105.jpg
https://raw.githubusercontent.com/Olamide7920/scalp_disease_project/main/datasets/hair_only/scalp_diseases/alopecia-areata/alopecia-areata-106.jpg,datasets/hair_only/scalp_diseases/alopecia-areata/alopecia-areata-106.jpg
https://raw.githubusercontent.com/Olamide7920/scalp_disease_project/main/datasets/hair_only/scalp_diseases/alopecia-areata/alopecia-areata-107.jpg,datasets/hair_only/scalp_diseases/alopecia-areata/alopecia-areata-107.jpg
https://raw.githubusercontent.com/Olamide7920/scalp_disease_project/main/datasets/hair_only/scalp_diseases/alopecia-areata/alopecia-areata-12.jpg,datasets/hair_only/scalp_diseases/alopecia-areata/alopecia-areata-12.jpg
https://raw.githubusercontent.com/Olamide7920/scalp_disease_project/main/datasets/hair_only/scalp_diseases/alopecia-areata/alopecia-areata-13.jpg,datasets/hair_only/scalp_diseases/alopecia-areata/alopecia-areata-13.jpg
https://raw.githubusercontent.com/Olamide7920/scalp_disease_project/main/datasets/hair_only/scalp_diseases/alopecia-areata/alopecia-areata-14.jpg,datasets/hair_only/scalp_diseases/alopecia-areata/alopecia-areata-14.jpg
https://raw.githubusercontent.com/Olamide7920/scalp_disease_project/main/datasets/hair_only/scalp_diseases/alopecia-areata/alopecia-areata-15.jpg,datasets/hair_only/scalp_diseases/alopecia-areata/alopecia-areata-15.jpg
https://raw.githubusercontent.com/Olamide7920/scalp_disease_project/main/datasets/hair_only/scalp_diseases/alopecia-areata/alopecia-areata-16.jpg,datasets/hair_only/scalp_diseases/alopecia-areata/alopecia-areata-16.jpg
https://raw.githubusercontent.com/Olamide7920/scalp_disease_project/main/datasets/hair_only/scalp_diseases/alopecia-areata/alopecia-areata-17.jpg,datasets/hair_only/scalp_diseases/alopecia-areata/alopecia-areata-17.jpg
https://raw.githubusercontent.com/Olamide7920/scalp_disease_project/main/datasets/hair_only/scalp_diseases/alopecia-areata/alopecia-areata-18.jpg,datasets/hair_only/scalp_diseases/alopecia-areata/alopecia-areata-18.jpg
https://raw.githubusercontent.com/Olamide7920/scalp_disease_project/main/datasets/hair_only/scalp_diseases/alopecia-areata/alopecia-areata-19.jpg,datasets/hair_only/scalp_diseases/alopecia-areata/alopecia-areata-19.jpg
https://raw.githubusercontent.com/Olamide7920/scalp_disease_project/main/datasets/hair_only/scalp_diseases/alopecia-areata/alopecia-areata-20.jpg,datasets/hair_only/scalp_diseases/alopecia-areata/alopecia-areata-20.jpg
https://raw.githubusercontent.com/Olamide7920/scalp_disease_project/main/datasets/hair_only/scalp_diseases/alopecia-areata/alopecia-areata-21.jpg,datasets/hair_only/scalp_diseases/alopecia-areata/alopecia-areata-21.jpg
https://raw.githubusercontent.com/Olamide7920/scalp_disease_project/main/datasets/hair_only/scalp_diseases/alopecia-areata/alopecia-areata-22.jpg,datasets/hair_only/scalp_diseases/alopecia-areata/alopecia-areata-22.jpg
https://raw.githubusercontent.com/Olamide7920/scalp_disease_project/main/datasets/hair_only/scalp_diseases/alopecia-areata/alopecia-areata-23.jpg,datasets/hair_only/scalp_diseases/alopecia-areata/alopecia-areata-23.jpg
https://raw.githubusercontent.com/Olamide7920/scalp_disease_project/main/datasets/hair_only/scalp_diseases/alopecia-areata/alopecia-areata-25.jpg,datasets/hair_only/scalp_diseases/alopecia-areata/alopecia-areata-25.jpg
https://raw.githubusercontent.com/Olamide7920/scalp_disease_project/main/datasets/hair_only/scalp_diseases/alopecia-areata/alopecia-areata-26.jpg,datasets/hair_only/scalp_diseases/alopecia-areata/alopecia-areata-26.jpg
https://raw.githubusercontent.com/Olamide7920/scalp_disease_project/main/datasets/hair_only/scalp_diseases/alopecia-areata/alopecia-areata-27.jpg,datasets/hair_only/scalp_diseases/alopecia-areata/alopecia-areata-27.jpg
https://raw.githubusercontent.com/Olamide7920/scalp_disease_project/main/datasets/hair_only/scalp_diseases/alopecia-areata/alopecia-areata-28.jpg,datasets/hair_only/scalp_diseases/alopecia-areata/alopecia-areata-28.jpg
https://raw.githubusercontent.com/Olamide7920/scalp_disease_project/main/datasets/hair_only/scalp_diseases/alopecia-areata/alopecia-areata-29.jpg,datasets/hair_only/scalp_diseases/alopecia-areata/alopecia-areata-29.jpg
https://raw.githubusercontent.com/Olamide7920/scalp_disease_project/main/datasets/hair_only/scalp_diseases/alopecia-areata/alopecia-areata-3.jpg,datasets/hair_only/scalp_diseases/alopecia-areata/alopecia-areata-3.jpg
https://raw.githubusercontent.com/Olamide7920/scalp_disease_project/main/datasets/hair_only/scalp_diseases/alopecia-areata/alopecia-areata-30.jpg,datasets/hair_only/scalp_diseases/alopecia-areata/alopecia-areata-30.jpg
https://raw.githubusercontent.com/Olamide7920/scalp_disease_project/main/datasets/hair_only/scalp_diseases/alopecia-areata/alopecia-areata-31.jpg,datasets/hair_only/scalp_diseases/alopecia-areata/alopecia-areata-31.jpg
https://raw.githubusercontent.com/Olamide7920/scalp_disease_project/main/datasets/hair_only/scalp_diseases/alopecia-areata/alopecia-areata-32.jpg,datasets/hair_only/scalp_diseases/alopecia-areata/alopecia-areata-32.jpg
https://raw.githubusercontent.com/Olamide7920/scalp_disease_project/main/datasets/hair_only/scalp_diseases/alopecia-areata/alopecia-areata-33.jpg,datasets/hair_only/scalp_diseases/alopecia-areata/alopecia-areata-33.jpg
https://raw.githubusercontent.com/Olamide7920/scalp_disease_project/main/datasets/hair_only/scalp_diseases/alopecia-areata/alopecia-areata-34.jpg,datasets/hair_only/scalp_diseases/alopecia-areata/alopecia-areata-34.jpg
https://raw.githubusercontent.com/Olamide7920/scalp_disease_project/main/datasets/hair_only/scalp_diseases/alopecia-areata/alopecia-areata-35.jpg,datasets/hair_only/scalp_diseases/alopecia-areata/alopecia-areata-35.jpg
https://raw.githubusercontent.com/Olamide7920/scalp_disease_project/main/datasets/hair_only/scalp_diseases/alopecia-areata/alopecia-areata-36.jpg,datasets/hair_only/scalp_diseases/alopecia-areata/alopecia-areata-36.jpg
https://raw.githubusercontent.com/Olamide7920/scalp_disease_project/main/datasets/hair_only/scalp_diseases/alopecia-areata/alopecia-areata-37.jpg,datasets/hair_only/scalp_diseases/alopecia-areata/alopecia-areata-37.jpg
https://raw.githubusercontent.com/Olamide7920/scalp_disease_project/main/datasets/hair_only/scalp_diseases/alopecia-areata/alopecia-areata-38.jpg,datasets/hair_only/scalp_diseases/alopecia-areata/alopecia-areata-38.jpg
https://raw.githubusercontent.com/Olamide7920/scalp_disease_project/main/datasets/hair_only/scalp_diseases/alopecia-areata/alopecia-areata-39.jpg,datasets/hair_only/scalp_diseases/alopecia-areata/alopecia-areata-39.jpg
https://raw.githubusercontent.com/Olamide7920/scalp_disease_project/main/datasets/hair_only/scalp_diseases/alopecia-areata/alopecia-areata-40.jpg,datasets/hair_only/scalp_diseases/alopecia-areata/alopecia-areata-40.jpg
https://raw.githubusercontent.com/Olamide7920/scalp_disease_project/main/datasets/hair_only/scalp_diseases/alopecia-areata/alopecia-areata-41.jpg,datasets/hair_only/scalp_diseases/alopecia-areata/alopecia-areata-41.jpg
https://raw.githubusercontent.com/Olamide7920/scalp_disease_project/main/datasets/hair_only/scalp_diseases/alopecia-areata/alopecia-areata-42.jpg,datasets/hair_only/scalp_diseases/alopecia-areata/alopecia-areata-42.jpg
https://raw.githubusercontent.com/Olamide7920/scalp_disease_project/main/datasets/hair_only/scalp_diseases/alopecia-areata/alopecia-areata-43.jpg,datasets/hair_only/scalp_diseases/alopecia-areata/alopecia-areata-43.jpg
https://raw.githubusercontent.com/Olamide7920/scalp_disease_project/main/datasets/hair_only/scalp_diseases/alopecia-areata/alopecia-areata-44.jpg,datasets/hair_only/scalp_diseases/alopecia-areata/alopecia-areata-44.jpg
https://raw.githubusercontent.com/Olamide7920/scalp_disease_project/main/datasets/hair_only/scalp_diseases/alopecia-areata/alopecia-areata-45.jpg,datasets/hair_only/scalp_diseases/alopecia-areata/alopecia-areata-45.jpg
https://raw.githubusercontent.com/Olamide7920/scalp_disease_project/main/datasets/hair_only/scalp_diseases/alopecia-areata/alopecia-areata-46.jpg,datasets/hair_only/scalp_diseases/alopecia-areata/alopecia-areata-46.jpg
https://raw.githubusercontent.com/Olamide7920/scalp_disease_project/main/datasets/hair_only/scalp_diseases/alopecia-areata/alopecia-areata-47.jpg,datasets/hair_only/scalp_diseases/alopecia-areata/alopecia-areata-47.jpg
https://raw.githubusercontent.com/Olamide7920/scalp_disease_project/main/datasets/hair_only/scalp_diseases/alopecia-areata/alopecia-areata-48.jpg,datasets/hair_only/scalp_diseases/alopecia-areata/alopecia-areata-48.jpg
https://raw.githubusercontent.com/Olamide7920/scalp_disease_project/main/datasets/hair_only/scalp_diseases/alopecia-areata/alopecia-areata-49.jpg,datasets/hair_only/scalp_diseases/alopecia-areata/alopecia-areata-49.jpg
https://raw.githubusercontent.com/Olamide7920/scalp_disease_project/main/datasets/hair_only/scalp_diseases/alopecia-areata/alopecia-areata-5.jpg,datasets/hair_only/scalp_diseases/alopecia-areata/alopecia-areata-5.jpg
https://raw.githubusercontent.com/Olamide7920/scalp_disease_project/main/datasets/hair_only/scalp_diseases/alopecia-areata/alopecia-areata-50.jpg,datasets/hair_only/scalp_diseases/alopecia-areata/alopecia-areata-50.jpg
https://raw.githubusercontent.com/Olamide7920/scalp_disease_project/main/datasets/hair_only/scalp_diseases/alopecia-areata/alopecia-areata-51.jpg,datasets/hair_only/scalp_diseases/alopecia-areata/alopecia-areata-51.jpg
https://raw.githubusercontent.com/Olamide7920/scalp_disease_project/main/datasets/hair_only/scalp_diseases/alopecia-areata/alopecia-areata-52.jpg,datasets/hair_only/scalp_diseases/alopecia-areata/alopecia-areata-52.jpg
https://raw.githubusercontent.com/Olamide7920/scalp_disease_project/main/datasets/hair_only/scalp_diseases/alopecia-areata/alopecia-areata-53.jpg,datasets/hair_only/scalp_diseases/alopecia-areata/alopecia-areata-53.jpg
https://raw.githubusercontent.com/Olamide7920/scalp_disease_project/main/datasets/hair_only/scalp_diseases/alopecia-areata/alopecia-areata-54.jpg,datasets/hair_only/scalp_diseases/alopecia-areata/alopecia-areata-54.jpg
https://raw.githubusercontent.com/Olamide7920/scalp_disease_project/main/datasets/hair_only/scalp_diseases/alopecia-areata/alopecia-areata-55.jpg,datasets/hair_only/scalp_diseases/alopecia-areata/alopecia-areata-55.jpg
https://raw.githubusercontent.com/Olamide7920/scalp_disease_project/main/datasets/hair_only/scalp_diseases/alopecia-areata/alopecia-areata-56.jpg,datasets/hair_only/scalp_diseases/alopecia-areata/alopecia-areata-56.jpg
https://raw.githubusercontent.com/Olamide7920/scalp_disease_project/main/datasets/hair_only/scalp_diseases/alopecia-areata/alopecia-areata-57.jpg,datasets/hair_only/scalp_diseases/alopecia-areata/alopecia-areata-57.jpg
https://raw.githubusercontent.com/Olamide7920/scalp_disease_project/main/datasets/hair_only/scalp_diseases/alopecia-areata/alopecia-areata-58.jpg,datasets/hair_only/scalp_diseases/alopecia-areata/alopecia-areata-58.jpg
https://raw.githubusercontent.com/Olamide7920/scalp_disease_project/main/datasets/hair_only/scalp_diseases/alopecia-areata/alopecia-areata-59.jpg,datasets/hair_only/scalp_diseases/alopecia-areata/alopecia-areata-59.jpg
https://raw.githubusercontent.com/Olamide7920/scalp_disease_project/main/datasets/hair_only/scalp_diseases/alopecia-areata/alopecia-areata-6.jpg,datasets/hair_only/scalp_diseases/alopecia-areata/alopecia-areata-6.jpg
https://raw.githubusercontent.com/Olamide7920/scalp_disease_project/main/datasets/hair_only/scalp_diseases/alopecia-areata/alopecia-areata-60.jpg,datasets/hair_only/scalp_diseases/alopecia-areata/alopecia-areata-60.jpg
https://raw.githubusercontent.com/Olamide7920/scalp_disease_project/main/datasets/hair_only/scalp_diseases/alopecia-areata/alopecia-areata-61.jpg,datasets/hair_only/scalp_diseases/alopecia-areata/alopecia-areata-61.jpg
https://raw.githubusercontent.com/Olamide7920/scalp_disease_project/main/datasets/hair_only/scalp_diseases/alopecia-areata/alopecia-areata-62.jpg,datasets/hair_only/scalp_diseases/alopecia-areata/alopecia-areata-62.jpg
https://raw.githubusercontent.com/Olamide7920/scalp_disease_project/main/datasets/hair_only/scalp_diseases/alopecia-areata/alopecia-areata-63.jpg,datasets/hair_only/scalp_diseases/alopecia-areata/alopecia-areata-63.jpg
https://raw.githubusercontent.com/Olamide7920/scalp_disease_project/main/datasets/hair_only/scalp_diseases/alopecia-areata/alopecia-areata-64.jpg,datasets/hair_only/scalp_diseases/alopecia-areata/alopecia-areata-64.jpg
https://raw.githubusercontent.com/Olamide7920/scalp_disease_project/main/datasets/hair_only/scalp_diseases/alopecia-areata/alopecia-areata-65.jpg,datasets/hair_only/scalp_diseases/alopecia-areata/alopecia-areata-65.jpg
https://raw.githubusercontent.com/Olamide7920/scalp_disease_project/main/datasets/hair_only/scalp_diseases/alopecia-areata/alopecia-areata-66.jpg,datasets/hair_only/scalp_diseases/alopecia-areata/alopecia-areata-66.jpg
https://raw.githubusercontent.com/Olamide7920/scalp_disease_project/main/datasets/hair_only/scalp_diseases/alopecia-areata/alopecia-areata-67.jpg,datasets/hair_only/scalp_diseases/alopecia-areata/alopecia-areata-67.jpg
https://raw.githubusercontent.com/Olamide7920/scalp_disease_project/main/datasets/hair_only/scalp_diseases/alopecia-areata/alopecia-areata-68.jpg,datasets/hair_only/scalp_diseases/alopecia-areata/alopecia-areata-68.jpg
https://raw.githubusercontent.com/Olamide7920/scalp_disease_project/main/datasets/hair_only/scalp_diseases/alopecia-areata/alopecia-areata-69.jpg,datasets/hair_only/scalp_diseases/alopecia-areata/alopecia-areata-69.jpg
https://raw.githubusercontent.com/Olamide7920/scalp_disease_project/main/datasets/hair_only/scalp_diseases/alopecia-areata/alopecia-areata-7.jpg,datasets/hair_only/scalp_diseases/alopecia-areata/alopecia-areata-7.jpg
https://raw.githubusercontent.com/Olamide7920/scalp_disease_project/main/datasets/hair_only/scalp_diseases/alopecia-areata/alopecia-areata-70.jpg,datasets/hair_only/scalp_diseases/alopecia-areata/alopecia-areata-70.jpg
https://raw.githubusercontent.com/Olamide7920/scalp_disease_project/main/datasets/hair_only/scalp_diseases/alopecia-areata/alopecia-areata-71.jpg,datasets/hair_only/scalp_diseases/alopecia-areata/alopecia-areata-71.jpg
https://raw.githubusercontent.com/Olamide7920/scalp_disease_project/main/datasets/hair_only/scalp_diseases/alopecia-areata/alopecia-areata-72.jpg,datasets/hair_only/scalp_diseases/alopecia-areata/alopecia-areata-72.jpg
https://raw.githubusercontent.com/Olamide7920/scalp_disease_project/main/datasets/hair_only/scalp_diseases/alopecia-areata/alopecia-areata-73.jpg,datasets/hair_only/scalp_diseases/alopecia-areata/alopecia-areata-73.jpg
https://raw.githubusercontent.com/Olamide7920/scalp_disease_project/main/datasets/hair_only/scalp_diseases/alopecia-areata/alopecia-areata-74.jpg,datasets/hair_only/scalp_diseases/alopecia-areata/alopecia-areata-74.jpg
https://raw.githubusercontent.com/Olamide7920/scalp_disease_project/main/datasets/hair_only/scalp_diseases/alopecia-areata/alopecia-areata-75.jpg,datasets/hair_only/scalp_diseases/alopecia-areata/alopecia-areata-75.jpg
https://raw.githubusercontent.com/Olamide7920/scalp_disease_project/main/datasets/hair_only/scalp_diseases/alopecia-areata/alopecia-areata-76.jpg,datasets/hair_only/scalp_diseases/alopecia-areata/alopecia-areata-76.jpg
https://raw.githubusercontent.com/Olamide7920/scalp_disease_project/main/datasets/hair_only/scalp_diseases/alopecia-areata/alopecia-areata-77.jpg,datasets/hair_only/scalp_diseases/alopecia-areata/alopecia-areata-77.jpg
https://raw.githubusercontent.com/Olamide7920/scalp_disease_project/main/datasets/hair_only/scalp_diseases/alopecia-areata/alopecia-areata-78.jpg,datasets/hair_only/scalp_diseases/alopecia-areata/alopecia-areata-78.jpg
https://raw.githubusercontent.com/Olamide7920/scalp_disease_project/main/datasets/hair_only/scalp_diseases/alopecia-areata/alopecia-areata-79.jpg,datasets/hair_only/scalp_diseases/alopecia-areata/alopecia-areata-79.jpg
https://raw.githubusercontent.com/Olamide7920/scalp_disease_project/main/datasets/hair_only/scalp_diseases/alopecia-areata/alopecia-areata-8.jpg,datasets/hair_only/scalp_diseases/alopecia-areata/alopecia-areata-8.jpg
https://raw.githubusercontent.com/Olamide7920/scalp_disease_project/main/datasets/hair_only/scalp_diseases/alopecia-areata/alopecia-areata-80.jpg,datasets/hair_only/scalp_diseases/alopecia-areata/alopecia-areata-80.jpg
https://raw.githubusercontent.com/Olamide7920/scalp_disease_project/main/datasets/hair_only/scalp_diseases/alopecia-areata/alopecia-areata-81.jpg,datasets/hair_only/scalp_diseases/alopecia-areata/alopecia-areata-81.jpg
https://raw.githubusercontent.com/Olamide7920/scalp_disease_project/main/datasets/hair_only/scalp_diseases/alopecia-areata/alopecia-areata-82.jpg,datasets/hair_only/scalp_diseases/alopecia-areata/alopecia-areata-82.jpg
https://raw.githubusercontent.com/Olamide7920/scalp_disease_project/main/datasets/hair_only/scalp_diseases/alopecia-areata/alopecia-areata-83.jpg,datasets/hair_only/scalp_diseases/alopecia-areata/alopecia-areata-83.jpg
https://raw.githubusercontent.com/Olamide7920/scalp_disease_project/main/datasets/hair_only/scalp_diseases/alopecia-areata/alopecia-areata-84.jpg,datasets/hair_only/scalp_diseases/alopecia-areata/alopecia-areata-84.jpg
https://raw.githubusercontent.com/Olamide7920/scalp_disease_project/main/datasets/hair_only/scalp_diseases/alopecia-areata/alopecia-areata-85.jpg,datasets/hair_only/scalp_diseases/alopecia-areata/alopecia-areata-85.jpg
https://raw.githubusercontent.com/Olamide7920/scalp_disease_project/main/datasets/hair_only/scalp_diseases/alopecia-areata/alopecia-areata-86.jpg,datasets/hair_only/scalp_diseases/alopecia-areata/alopecia-areata-86.jpg
https://raw.githubusercontent.com/Olamide7920/scalp_disease_project/main/datasets/hair_only/scalp_diseases/alopecia-areata/alopecia-areata-89.jpg,datasets/hair_only/scalp_diseases/alopecia-areata/alopecia-areata-89.jpg
https://raw.githubusercontent.com/Olamide7920/scalp_disease_project/main/datasets/hair_only/scalp_diseases/alopecia-areata/alopecia-areata-9.jpg,datasets/hair_only/scalp_diseases/alopecia-areata/alopecia-areata-9.jpg
https://raw.githubusercontent.com/Olamide7920/scalp_disease_project/main/datasets/hair_only/scalp_diseases/alopecia-areata/alopecia-areata-90.jpg,datasets/hair_only/scalp_diseases/alopecia-areata/alopecia-areata-90.jpg
https://raw.githubusercontent.com/Olamide7920/scalp_disease_project/main/datasets/hair_only/scalp_diseases/alopecia-areata/alopecia-areata-91.jpg,datasets/hair_only/scalp_diseases/alopecia-areata/alopecia-areata-91.jpg
https://raw.githubusercontent.com/Olamide7920/scalp_disease_project/main/datasets/hair_only/scalp_diseases/alopecia-areata/alopecia-areata-92.jpg,datasets/hair_only/scalp_diseases/alopecia-areata/alopecia-areata-92.jpg
https://raw.githubusercontent.com/Olamide7920/scalp_disease_project/main/datasets/hair_only/scalp_diseases/alopecia-areata/alopecia-areata-93.jpg,datasets/hair_only/scalp_diseases/alopecia-areata/alopecia-areata-93.jpg
https://raw.githubusercontent.com/Olamide7920/scalp_disease_project/main/datasets/hair_only/scalp_diseases/alopecia-areata/alopecia-areata-94.jpg,datasets/hair_only/scalp_diseases/alopecia-areata/alopecia-areata-94.jpg
https://raw.githubusercontent.com/Olamide7920/scalp_disease_project/main/datasets/hair_only/scalp_diseases/alopecia-areata/alopecia-areata-95.jpg,datasets/hair_only/scalp_diseases/alopecia-areata/alopecia-areata-95.jpg
https://raw.githubusercontent.com/Olamide7920/scalp_disease_project/main/datasets/hair_only/scalp_diseases/alopecia-areata/alopecia-areata-96.jpg,datasets/hair_only/scalp_diseases/alopecia-areata/alopecia-areata-96.jpg
https://raw.githubusercontent.com/Olamide7920/scalp_disease_project/main/datasets/hair_only/scalp_diseases/alopecia-areata/alopecia-areata-97.jpg,datasets/hair_only/scalp_diseases/alopecia-areata/alopecia-areata-97.jpg
https://raw.githubusercontent.com/Olamide7920/scalp_disease_project/main/datasets/hair_only/scalp_diseases/alopecia-areata/alopecia-areata-98.jpg,datasets/hair_only/scalp_diseases/alopecia-areata/alopecia-areata-98.jpg
https://raw.githubusercontent.com/Olamide7920/scalp_disease_project/main/datasets/hair_only/scalp_diseases/alopecia-areata/alopecia-areata-99.jpg,datasets/hair_only/scalp_diseases/alopecia-areata/alopecia-areata-99.jpg
https://raw.githubusercontent.com/Olamide7920/scalp_disease_project/main/datasets/hair_only/scalp_diseases/alopecia-areata/alopecia_areata_10.jpg,datasets/hair_only/scalp_diseases/alopecia-areata/alopecia_areata_10.jpg
https://raw.githubusercontent.com/Olamide7920/scalp_disease_project/main/datasets/hair_only/scalp_diseases/alopecia-areata/alopecia_areata_11.jpg,datasets/hair_only/scalp_diseases/alopecia-areata/alopecia_areata_11.jpg
https://raw.githubusercontent.com/Olamide7920/scalp_disease_project/main/datasets/hair_only/scalp_diseases/alopecia-areata/alopecia_areata_12.jpg,datasets/hair_only/scalp_diseases/alopecia-areata/alopecia_areata_12.jpg
https://raw.githubusercontent.com/Olamide7920/scalp_disease_project/main/datasets/hair_only/scalp_diseases/alopecia-areata/alopecia_areata_13.jpg,datasets/hair_only/scalp_diseases/alopecia-areata/alopecia_areata_13.jpg
https://raw.githubusercontent.com/Olamide7920/scalp_disease_project/main/datasets/hair_only/scalp_diseases/alopecia-areata/alopecia_areata_14.jpg,datasets/hair_only/scalp_diseases/alopecia-areata/alopecia_areata_14.jpg
https://raw.githubusercontent.com/Olamide7920/scalp_disease_project/main/datasets/hair_only/scalp_diseases/alopecia-areata/alopecia_areata_15.jpg,datasets/hair_only/scalp_diseases/alopecia-areata/alopecia_areata_15.jpg
https://raw.githubusercontent.com/Olamide7920/scalp_disease_project/main/datasets/hair_only/scalp_diseases/alopecia-areata/alopecia_areata_16.jpg,datasets/hair_only/scalp_diseases/alopecia-areata/alopecia_areata_16.jpg
https://raw.githubusercontent.com/Olamide7920/scalp_disease_project/main/datasets/hair_only/scalp_diseases/alopecia-areata/alopecia_areata_17.jpg,datasets/hair_only/scalp_diseases/alopecia-areata/alopecia_areata_17.jpg
https://raw.githubusercontent.com/Olamide7920/scalp_disease_project/main/datasets/hair_only/scalp_diseases/alopecia-areata/alopecia_areata_18.jpg,datasets/hair_only/scalp_diseases/alopecia-areata/alopecia_areata_18.jpg
https://raw.githubusercontent.com/Olamide7920/scalp_disease_project/main/datasets/hair_only/scalp_diseases/alopecia-areata/alopecia_areata_19.jpg,datasets/hair_only/scalp_diseases/alopecia-areata/alopecia_areata_19.jpg
https://raw.githubusercontent.com/Olamide7920/scalp_disease_project/main/datasets/hair_only/scalp_diseases/alopecia-areata/alopecia_areata_20.jpg,datasets/hair_only/scalp_diseases/alopecia-areata/alopecia_areata_20.jpg
https://raw.githubusercontent.com/Olamide7920/scalp_disease_project/main/datasets/hair_only/scalp_diseases/alopecia-areata/alopecia_areata_21.jpg,datasets/hair_only/scalp_diseases/alopecia-areata/alopecia_areata_21.jpg
https://raw.githubusercontent.com/Olamide7920/scalp_disease_project/main/datasets/hair_only/scalp_diseases/alopecia-areata/alopecia_areata_22.jpg,datasets/hair_only/scalp_diseases/alopecia-areata/alopecia_areata_22.jpg
https://raw.githubusercontent.com/Olamide7920/scalp_disease_project/main/datasets/hair_only/scalp_diseases/alopecia-areata/alopecia_areata_23.jpg,datasets/hair_only/scalp_diseases/alopecia-areata/alopecia_areata_23.jpg
https://raw.githubusercontent.com/Olamide7920/scalp_disease_project/main/datasets/hair_only/scalp_diseases/alopecia-areata/alopecia_areata_24.jpg,datasets/hair_only/scalp_diseases/alopecia-areata/alopecia_areata_24.jpg
https://raw.githubusercontent.com/Olamide7920/scalp_disease_project/main/datasets/hair_only/scalp_diseases/alopecia-areata/alopecia_areata_25.jpg,datasets/hair_only/scalp_diseases/alopecia-areata/alopecia_areata_25.jpg
https://raw.githubusercontent.com/Olamide7920/scalp_disease_project/main/datasets/hair_only/scalp_diseases/alopecia-areata/alopecia_areata_26.jpg,datasets/hair_only/scalp_diseases/alopecia-areata/alopecia_areata_26.jpg
https://raw.githubusercontent.com/Olamide7920/scalp_disease_project/main/datasets/hair_only/scalp_diseases/alopecia-areata/alopecia_areata_27.jpg,datasets/hair_only/scalp_diseases/alopecia-areata/alopecia_areata_27.jpg
https://raw.githubusercontent.com/Olamide7920/scalp_disease_project/main/datasets/hair_only/scalp_diseases/alopecia-areata/alopecia_areata_28.jpg,datasets/hair_only/scalp_diseases/alopecia-areata/alopecia_areata_28.jpg
https://raw.githubusercontent.com/Olamide7920/scalp_disease_project/main/datasets/hair_only/scalp_diseases/alopecia-areata/alopecia_areata_29.jpg,datasets/hair_only/scalp_diseases/alopecia-areata/alopecia_areata_29.jpg
https://raw.githubusercontent.com/Olamide7920/scalp_disease_project/main/datasets/hair_only/scalp_diseases/alopecia-areata/alopecia_areata_30.jpg,datasets/hair_only/scalp_diseases/alopecia-areata/alopecia_areata_30.jpg
https://raw.githubusercontent.com/Olamide7920/scalp_disease_project/main/datasets/hair_only/scalp_diseases/alopecia-areata/alopecia_areata_31.jpg,datasets/hair_only/scalp_diseases/alopecia-areata/alopecia_areata_31.jpg
https://raw.githubusercontent.com/Olamide7920/scalp_disease_project/main/datasets/hair_only/scalp_diseases/alopecia-areata/alopecia_areata_32.jpg,datasets/hair_only/scalp_diseases/alopecia-areata/alopecia_areata_32.jpg
https://raw.githubusercontent.com/Olamide7920/scalp_disease_project/main/datasets/hair_only/scalp_diseases/alopecia-areata/alopecia_areata_33.jpg,datasets/hair_only/scalp_diseases/alopecia-areata/alopecia_areata_33.jpg
https://raw.githubusercontent.com/Olamide7920/scalp_disease_project/main/datasets/hair_only/scalp_diseases/alopecia-areata/alopecia_areata_34.jpg,datasets/hair_only/scalp_diseases/alopecia-areata/alopecia_areata_34.jpg
https://raw.githubusercontent.com/Olamide7920/scalp_disease_project/main/datasets/hair_only/scalp_diseases/alopecia-areata/alopecia_areata_35.jpg,datasets/hair_only/scalp_diseases/alopecia-areata/alopecia_areata_35.jpg
https://raw.githubusercontent.com/Olamide7920/scalp_disease_project/main/datasets/hair_only/scalp_diseases/alopecia-areata/alopecia_areata_36.jpg,datasets/hair_only/scalp_diseases/alopecia-areata/alopecia_areata_36.jpg
https://raw.githubusercontent.com/Olamide7920/scalp_disease_project/main/datasets/hair_only/scalp_diseases/alopecia-areata/alopecia_areata_37.jpg,datasets/hair_only/scalp_diseases/alopecia-areata/alopecia_areata_37.jpg
https://raw.githubusercontent.com/Olamide7920/scalp_disease_project/main/datasets/hair_only/scalp_diseases/alopecia-areata/alopecia_areata_38.jpg,datasets/hair_only/scalp_diseases/alopecia-areata/alopecia_areata_38.jpg
https://raw.githubusercontent.com/Olamide7920/scalp_disease_project/main/datasets/hair_only/scalp_diseases/alopecia-areata/alopecia_areata_39.jpg,datasets/hair_only/scalp_diseases/alopecia-areata/alopecia_areata_39.jpg
https://raw.githubusercontent.com/Olamide7920/scalp_disease_project/main/datasets/hair_only/scalp_diseases/alopecia-areata/alopecia_areata_40.jpg,datasets/hair_only/scalp_diseases/alopecia-areata/alopecia_areata_40.jpg
https://raw.githubusercontent.com/Olamide7920/scalp_disease_project/main/datasets/hair_only/scalp_diseases/alopecia-areata/alopecia_areata_41.jpg,datasets/hair_only/scalp_diseases/alopecia-areata/alopecia_areata_41.jpg
https://raw.githubusercontent.com/Olamide7920/scalp_disease_project/main/datasets/hair_only/scalp_diseases/alopecia-areata/alopecia_areata_42.jpg,datasets/hair_only/scalp_diseases/alopecia-areata/alopecia_areata_42.jpg
https://raw.githubusercontent.com/Olamide7920/scalp_disease_project/main/datasets/hair_only/scalp_diseases/alopecia-areata/alopecia_areata_43.jpg,datasets/hair_only/scalp_diseases/alopecia-areata/alopecia_areata_43.jpg
https://raw.githubusercontent.com/Olamide7920/scalp_disease_project/main/datasets/hair_only/scalp_diseases/alopecia-areata/alopecia_areata_44.jpg,datasets/hair_only/scalp_diseases/alopecia-areata/alopecia_areata_44.jpg
https://raw.githubusercontent.com/Olamide7920/scalp_disease_project/main/datasets/hair_only/scalp_diseases/alopecia-areata/alopecia_areata_45.jpg,datasets/hair_only/scalp_diseases/alopecia-areata/alopecia_areata_45.jpg
https://raw.githubusercontent.com/Olamide7920/scalp_disease_project/main/datasets/hair_only/scalp_diseases/alopecia-areata/alopecia_areata_46.jpg,datasets/hair_only/scalp_diseases/alopecia-areata/alopecia_areata_46.jpg
https://raw.githubusercontent.com/Olamide7920/scalp_disease_project/main/datasets/hair_only/scalp_diseases/alopecia-areata/alopecia_areata_47.jpg,datasets/hair_only/scalp_diseases/alopecia-areata/alopecia_areata_47.jpg
https://raw.githubusercontent.com/Olamide7920/scalp_disease_project/main/datasets/hair_only/scalp_diseases/alopecia-areata/alopecia_areata_48.jpg,datasets/hair_only/scalp_diseases/alopecia-areata/alopecia_areata_48.jpg
https://raw.githubusercontent.com/Olamide7920/scalp_disease_project/main/datasets/hair_only/scalp_diseases/alopecia-areata/alopecia_areata_49.jpg,datasets/hair_only/scalp_diseases/alopecia-areata/alopecia_areata_49.jpg
https://raw.githubusercontent.com/Olamide7920/scalp_disease_project/main/datasets/hair_only/scalp_diseases/alopecia-areata/alopecia_areata_50.jpg,datasets/hair_only/scalp_diseases/alopecia-areata/alopecia_areata_50.jpg
https://raw.githubusercontent.com/Olamide7920/scalp_disease_project/main/datasets/hair_only/scalp_diseases/alopecia-areata/alopecia_areata_51.jpg,datasets/hair_only/scalp_diseases/alopecia-areata/alopecia_areata_51.jpg
https://raw.githubusercontent.com/Olamide7920/scalp_disease_project/main/datasets/hair_only/scalp_diseases/alopecia-areata/alopecia_areata_52.jpg,datasets/hair_only/scalp_diseases/alopecia-areata/alopecia_areata_52.jpg
https://raw.githubusercontent.com/Olamide7920/scalp_disease_project/main/datasets/hair_only/scalp_diseases/alopecia-areata/alopecia_areata_53.jpg,datasets/hair_only/scalp_diseases/alopecia-areata/alopecia_areata_53.jpg
https://raw.githubusercontent.com/Olamide7920/scalp_disease_project/main/datasets/hair_only/scalp_diseases/alopecia-areata/alopecia_areata_54.jpg,datasets/hair_only/scalp_diseases/alopecia-areata/alopecia_areata_54.jpg
https://raw.githubusercontent.com/Olamide7920/scalp_disease_project/main/datasets/hair_only/scalp_diseases/alopecia-areata/alopecia_areata_55.jpg,datasets/hair_only/scalp_diseases/alopecia-areata/alopecia_areata_55.jpg
https://raw.githubusercontent.com/Olamide7920/scalp_disease_project/main/datasets/hair_only/scalp_diseases/alopecia-areata/alopecia_areata_56.jpg,datasets/hair_only/scalp_diseases/alopecia-areata/alopecia_areata_56.jpg
https://raw.githubusercontent.com/Olamide7920/scalp_disease_project/main/datasets/hair_only/scalp_diseases/alopecia-areata/alopecia_areata_57.jpg,datasets/hair_only/scalp_diseases/alopecia-areata/alopecia_areata_57.jpg
https://raw.githubusercontent.com/Olamide7920/scalp_disease_project/main/datasets/hair_only/scalp_diseases/alopecia-areata/alopecia_areata_58.jpg,datasets/hair_only/scalp_diseases/alopecia-areata/alopecia_areata_58.jpg
https://raw.githubusercontent.com/Olamide7920/scalp_disease_project/main/datasets/hair_only/scalp_diseases/alopecia-areata/alopecia_areata_59.jpg,datasets/hair_only/scalp_diseases/alopecia-areata/alopecia_areata_59.jpg
https://raw.githubusercontent.com/Olamide7920/scalp_disease_project/main/datasets/hair_only/scalp_diseases/alopecia-areata/alopecia_areata_6.jpg,datasets/hair_only/scalp_diseases/alopecia-areata/alopecia_areata_6.jpg
https://raw.githubusercontent.com/Olamide7920/scalp_disease_project/main/datasets/hair_only/scalp_diseases/alopecia-areata/alopecia_areata_60.jpg,datasets/hair_only/scalp_diseases/alopecia-areata/alopecia_areata_60.jpg
https://raw.githubusercontent.com/Olamide7920/scalp_disease_project/main/datasets/hair_only/scalp_diseases/alopecia-areata/alopecia_areata_61.jpg,datasets/hair_only/scalp_diseases/alopecia-areata/alopecia_areata_61.jpg
https://raw.githubusercontent.com/Olamide7920/scalp_disease_project/main/datasets/hair_only/scalp_diseases/alopecia-areata/alopecia_areata_62.jpg,datasets/hair_only/scalp_diseases/alopecia-areata/alopecia_areata_62.jpg
https://raw.githubusercontent.com/Olamide7920/scalp_disease_project/main/datasets/hair_only/scalp_diseases/alopecia-areata/alopecia_areata_63.jpg,datasets/hair_only/scalp_diseases/alopecia-areata/alopecia_areata_63.jpg
https://raw.githubusercontent.com/Olamide7920/scalp_disease_project/main/datasets/hair_only/scalp_diseases/alopecia-areata/alopecia_areata_64.jpg,datasets/hair_only/scalp_diseases/alopecia-areata/alopecia_areata_64.jpg
https://raw.githubusercontent.com/Olamide7920/scalp_disease_project/main/datasets/hair_only/scalp_diseases/alopecia-areata/alopecia_areata_65.jpg,datasets/hair_only/scalp_diseases/alopecia-areata/alopecia_areata_65.jpg
https://raw.githubusercontent.com/Olamide7920/scalp_disease_project/main/datasets/hair_only/scalp_diseases/alopecia-areata/alopecia_areata_66.jpg,datasets/hair_only/scalp_diseases/alopecia-areata/alopecia_areata_66.jpg
https://raw.githubusercontent.com/Olamide7920/scalp_disease_project/main/datasets/hair_only/scalp_diseases/alopecia-areata/alopecia_areata_7.jpg,datasets/hair_only/scalp_diseases/alopecia-areata/alopecia_areata_7.jpg
https://raw.githubusercontent.com/Olamide7920/scalp_disease_project/main/datasets/hair_only/scalp_diseases/alopecia-areata/alopecia_areata_8.jpg,datasets/hair_only/scalp_diseases/alopecia-areata/alopecia_areata_8.jpg
https://raw.githubusercontent.com/Olamide7920/scalp_disease_project/main/datasets/hair_only/scalp_diseases/alopecia-areata/alopecia_areata_9.jpg,datasets/hair_only/scalp_diseases/alopecia-areata/alopecia_areata_9.jpg
https://raw.githubusercontent.com/Olamide7920/scalp_disease_project/main/datasets/hair_only/scalp_diseases/androgenic-alopecia/androgenic-alopecia-men-1.jpg,datasets/hair_only/scalp_diseases/androgenic-alopecia/androgenic-alopecia-men-1.jpg
https://raw.githubusercontent.com/Olamide7920/scalp_disease_project/main/datasets/hair_only/scalp_diseases/androgenic-alopecia/androgenic-alopecia-men-2.jpg,datasets/hair_only/scalp_diseases/androgenic-alopecia/androgenic-alopecia-men-2.jpg
https://raw.githubusercontent.com/Olamide7920/scalp_disease_project/main/datasets/hair_only/scalp_diseases/androgenic-alopecia/androgenic-alopecia-men-3.jpg,datasets/hair_only/scalp_diseases/androgenic-alopecia/androgenic-alopecia-men-3.jpg
https://raw.githubusercontent.com/Olamide7920/scalp_disease_project/main/datasets/hair_only/scalp_diseases/androgenic-alopecia/androgenic-alopecia-men-4.jpg,datasets/hair_only/scalp_diseases/androgenic-alopecia/androgenic-alopecia-men-4.jpg
https://raw.githubusercontent.com/Olamide7920/scalp_disease_project/main/datasets/hair_only/scalp_diseases/androgenic-alopecia/androgenic-alopecia-men-5.jpg,datasets/hair_only/scalp_diseases/androgenic-alopecia/androgenic-alopecia-men-5.jpg
https://raw.githubusercontent.com/Olamide7920/scalp_disease_project/main/datasets/hair_only/scalp_diseases/androgenic-alopecia/androgenic-alopecia-women-1.jpg,datasets/hair_only/scalp_diseases/androgenic-alopecia/androgenic-alopecia-women-1.jpg
https://raw.githubusercontent.com/Olamide7920/scalp_disease_project/main/datasets/hair_only/scalp_diseases/androgenic-alopecia/androgenic-alopecia-women-10.jpg,datasets/hair_only/scalp_diseases/androgenic-alopecia/androgenic-alopecia-women-10.jpg
https://raw.githubusercontent.com/Olamide7920/scalp_disease_project/main/datasets/hair_only/scalp_diseases/androgenic-alopecia/androgenic-alopecia-women-2.jpg,datasets/hair_only/scalp_diseases/androgenic-alopecia/androgenic-alopecia-women-2.jpg
https://raw.githubusercontent.com/Olamide7920/scalp_disease_project/main/datasets/hair_only/scalp_diseases/androgenic-alopecia/androgenic-alopecia-women-3.jpg,datasets/hair_only/scalp_diseases/androgenic-alopecia/androgenic-alopecia-women-3.jpg
https://raw.githubusercontent.com/Olamide7920/scalp_disease_project/main/datasets/hair_only/scalp_diseases/androgenic-alopecia/androgenic-alopecia-women-4.jpg,datasets/hair_only/scalp_diseases/androgenic-alopecia/androgenic-alopecia-women-4.jpg
https://raw.githubusercontent.com/Olamide7920/scalp_disease_project/main/datasets/hair_only/scalp_diseases/androgenic-alopecia/androgenic-alopecia-women-5.jpg,datasets/hair_only/scalp_diseases/androgenic-alopecia/androgenic-alopecia-women-5.jpg
https://raw.githubusercontent.com/Olamide7920/scalp_disease_project/main/datasets/hair_only/scalp_diseases/androgenic-alopecia/androgenic-alopecia-women-6.jpg,datasets/hair_only/scalp_diseases/androgenic-alopecia/androgenic-alopecia-women-6.jpg
https://raw.githubusercontent.com/Olamide7920/scalp_disease_project/main/datasets/hair_only/scalp_diseases/androgenic-alopecia/androgenic-alopecia-women-7.jpg,datasets/hair_only/scalp_diseases/androgenic-alopecia/androgenic-alopecia-women-7.jpg
https://raw.githubusercontent.com/Olamide7920/scalp_disease_project/main/datasets/hair_only/scalp_diseases/androgenic-alopecia/androgenic-alopecia-women-8.jpg,datasets/hair_only/scalp_diseases/androgenic-alopecia/androgenic-alopecia-women-8.jpg
https://raw.githubusercontent.com/Olamide7920/scalp_disease_project/main/datasets/hair_only/scalp_diseases/androgenic-alopecia/androgenic-alopecia-women-9.jpg,datasets/hair_only/scalp_diseases/androgenic-alopecia/androgenic-alopecia-women-9.jpg
https://raw.githubusercontent.com/Olamide7920/scalp_disease_project/main/datasets/hair_only/scalp_diseases/contact_dermatitis/contact_dermatitis_0001_jpg.rf.QpFZhycdU3X476bWeQXU.jpg,datasets/hair_only/scalp_diseases/contact_dermatitis/contact_dermatitis_0001_jpg.rf.QpFZhycdU3X476bWeQXU.jpg
https://raw.githubusercontent.com/Olamide7920/scalp_disease_project/main/datasets/hair_only/scalp_diseases/contact_dermatitis/contact_dermatitis_0002_jpg.rf.5cFUnmBCc133bsT7MRWR.jpg,datasets/hair_only/scalp_diseases/contact_dermatitis/contact_dermatitis_0002_jpg.rf.5cFUnmBCc133bsT7MRWR.jpg
https://raw.githubusercontent.com/Olamide7920/scalp_disease_project/main/datasets/hair_only/scalp_diseases/contact_dermatitis/contact_dermatitis_0003_jpg.rf.A6iZawKhBNSCyC02fNAZ.jpg,datasets/hair_only/scalp_diseases/contact_dermatitis/contact_dermatitis_0003_jpg.rf.A6iZawKhBNSCyC02fNAZ.jpg
https://raw.githubusercontent.com/Olamide7920/scalp_disease_project/main/datasets/hair_only/scalp_diseases/contact_dermatitis/contact_dermatitis_0004_jpg.rf.Jj1OhJQRA07H1jETLwd3.jpg,datasets/hair_only/scalp_diseases/contact_dermatitis/contact_dermatitis_0004_jpg.rf.Jj1OhJQRA07H1jETLwd3.jpg
https://raw.githubusercontent.com/Olamide7920/scalp_disease_project/main/datasets/hair_only/scalp_diseases/contact_dermatitis/contact_dermatitis_0005_jpg.rf.hi2Wv59MzGsfEpRlEkFj.jpg,datasets/hair_only/scalp_diseases/contact_dermatitis/contact_dermatitis_0005_jpg.rf.hi2Wv59MzGsfEpRlEkFj.jpg
https://raw.githubusercontent.com/Olamide7920/scalp_disease_project/main/datasets/hair_only/scalp_diseases/contact_dermatitis/contact_dermatitis_0006_jpg.rf.9la6Hi2sbPJrGzvsdemF.jpg,datasets/hair_only/scalp_diseases/contact_dermatitis/contact_dermatitis_0006_jpg.rf.9la6Hi2sbPJrGzvsdemF.jpg
https://raw.githubusercontent.com/Olamide7920/scalp_disease_project/main/datasets/hair_only/scalp_diseases/contact_dermatitis/contact_dermatitis_0007_jpg.rf.QGYGAxNsiEq20jK490CS.jpg,datasets/hair_only/scalp_diseases/contact_dermatitis/contact_dermatitis_0007_jpg.rf.QGYGAxNsiEq20jK490CS.jpg
https://raw.githubusercontent.com/Olamide7920/scalp_disease_project/main/datasets/hair_only/scalp_diseases/contact_dermatitis/contact_dermatitis_0008_jpg.rf.nfaEPLOpJ3df8NJ3SWMo.jpg,datasets/hair_only/scalp_diseases/contact_dermatitis/contact_dermatitis_0008_jpg.rf.nfaEPLOpJ3df8NJ3SWMo.jpg
https://raw.githubusercontent.com/Olamide7920/scalp_disease_project/main/datasets/hair_only/scalp_diseases/contact_dermatitis/contact_dermatitis_0009_jpg.rf.cRz9aSs61AqwgPuhJ1Z9.jpg,datasets/hair_only/scalp_diseases/contact_dermatitis/contact_dermatitis_0009_jpg.rf.cRz9aSs61AqwgPuhJ1Z9.jpg
https://raw.githubusercontent.com/Olamide7920/scalp_disease_project/main/datasets/hair_only/scalp_diseases/contact_dermatitis/contact_dermatitis_0010_jpg.rf.upSagPYjnhcQ9B5sVKLK.jpg,datasets/hair_only/scalp_diseases/contact_dermatitis/contact_dermatitis_0010_jpg.rf.upSagPYjnhcQ9B5sVKLK.jpg
https://raw.githubusercontent.com/Olamide7920/scalp_disease_project/main/datasets/hair_only/scalp_diseases/contact_dermatitis/contact_dermatitis_0011_jpg.rf.lURVrFX5w8zvHLqdTK8F.jpg,datasets/hair_only/scalp_diseases/contact_dermatitis/contact_dermatitis_0011_jpg.rf.lURVrFX5w8zvHLqdTK8F.jpg
https://raw.githubusercontent.com/Olamide7920/scalp_disease_project/main/datasets/hair_only/scalp_diseases/contact_dermatitis/contact_dermatitis_0012_jpg.rf.BdGCgkJvwpUKYx2vhSKr.jpg,datasets/hair_only/scalp_diseases/contact_dermatitis/contact_dermatitis_0012_jpg.rf.BdGCgkJvwpUKYx2vhSKr.jpg
https://raw.githubusercontent.com/Olamide7920/scalp_disease_project/main/datasets/hair_only/scalp_diseases/contact_dermatitis/contact_dermatitis_0013_jpg.rf.uNa1C90gd9cBsNTMGHN6.jpg,datasets/hair_only/scalp_diseases/contact_dermatitis/contact_dermatitis_0013_jpg.rf.uNa1C90gd9cBsNTMGHN6.jpg
https://raw.githubusercontent.com/Olamide7920/scalp_disease_project/main/datasets/hair_only/scalp_diseases/contact_dermatitis/contact_dermatitis_0014_jpg.rf.t9qx8JcmaHA3Lp1Brwhg.jpg,datasets/hair_only/scalp_diseases/contact_dermatitis/contact_dermatitis_0014_jpg.rf.t9qx8JcmaHA3Lp1Brwhg.jpg
https://raw.githubusercontent.com/Olamide7920/scalp_disease_project/main/datasets/hair_only/scalp_diseases/contact_dermatitis/contact_dermatitis_0015_jpg.rf.9FS9Dncq4WZLcnXuQzde.jpg,datasets/hair_only/scalp_diseases/contact_dermatitis/contact_dermatitis_0015_jpg.rf.9FS9Dncq4WZLcnXuQzde.jpg
https://raw.githubusercontent.com/Olamide7920/scalp_disease_project/main/datasets/hair_only/scalp_diseases/contact_dermatitis/contact_dermatitis_0016_jpg.rf.HyUsx0r66C2e3e76MoGN.jpg,datasets/hair_only/scalp_diseases/contact_dermatitis/contact_dermatitis_0016_jpg.rf.HyUsx0r66C2e3e76MoGN.jpg
https://raw.githubusercontent.com/Olamide7920/scalp_disease_project/main/datasets/hair_only/scalp_diseases/contact_dermatitis/contact_dermatitis_0017_jpg.rf.gFyiAZkhNtx0qaaxx15j.jpg,datasets/hair_only/scalp_diseases/contact_dermatitis/contact_dermatitis_0017_jpg.rf.gFyiAZkhNtx0qaaxx15j.jpg
https://raw.githubusercontent.com/Olamide7920/scalp_disease_project/main/datasets/hair_only/scalp_diseases/contact_dermatitis/contact_dermatitis_0018_jpg.rf.bomcYIOTWZopkrzyxshP.jpg,datasets/hair_only/scalp_diseases/contact_dermatitis/contact_dermatitis_0018_jpg.rf.bomcYIOTWZopkrzyxshP.jpg
https://raw.githubusercontent.com/Olamide7920/scalp_disease_project/main/datasets/hair_only/scalp_diseases/contact_dermatitis/contact_dermatitis_0019_jpg.rf.N7DdxKN60ZqOCR1cjjLo.jpg,datasets/hair_only/scalp_diseases/contact_dermatitis/contact_dermatitis_0019_jpg.rf.N7DdxKN60ZqOCR1cjjLo.jpg
https://raw.githubusercontent.com/Olamide7920/scalp_disease_project/main/datasets/hair_only/scalp_diseases/contact_dermatitis/contact_dermatitis_0020_jpg.rf.forXulYlqvqnZB6IVmjH.jpg,datasets/hair_only/scalp_diseases/contact_dermatitis/contact_dermatitis_0020_jpg.rf.forXulYlqvqnZB6IVmjH.jpg
https://raw.githubusercontent.com/Olamide7920/scalp_disease_project/main/datasets/hair_only/scalp_diseases/contact_dermatitis/contact_dermatitis_0021_jpg.rf.kxGgMES4OojbyhCq9lAi.jpg,datasets/hair_only/scalp_diseases/contact_dermatitis/contact_dermatitis_0021_jpg.rf.kxGgMES4OojbyhCq9lAi.jpg
https://raw.githubusercontent.com/Olamide7920/scalp_disease_project/main/datasets/hair_only/scalp_diseases/contact_dermatitis/contact_dermatitis_0022_jpg.rf.zuZl8gnJtKbWynj6BRsT.jpg,datasets/hair_only/scalp_diseases/contact_dermatitis/contact_dermatitis_0022_jpg.rf.zuZl8gnJtKbWynj6BRsT.jpg
https://raw.githubusercontent.com/Olamide7920/scalp_disease_project/main/datasets/hair_only/scalp_diseases/contact_dermatitis/contact_dermatitis_0023_jpg.rf.ZpKXT8Bc1eGlcK83gp5P.jpg,datasets/hair_only/scalp_diseases/contact_dermatitis/contact_dermatitis_0023_jpg.rf.ZpKXT8Bc1eGlcK83gp5P.jpg
https://raw.githubusercontent.com/Olamide7920/scalp_disease_project/main/datasets/hair_only/scalp_diseases/contact_dermatitis/contact_dermatitis_0024_jpg.rf.P6zqNutsnJ1uqI5BWYDw.jpg,datasets/hair_only/scalp_diseases/contact_dermatitis/contact_dermatitis_0024_jpg.rf.P6zqNutsnJ1uqI5BWYDw.jpg
https://raw.githubusercontent.com/Olamide7920/scalp_disease_project/main/datasets/hair_only/scalp_diseases/contact_dermatitis/contact_dermatitis_0025_jpg.rf.dc2YVuugahQFuxsjYVGv.jpg,datasets/hair_only/scalp_diseases/contact_dermatitis/contact_dermatitis_0025_jpg.rf.dc2YVuugahQFuxsjYVGv.jpg
https://raw.githubusercontent.com/Olamide7920/scalp_disease_project/main/datasets/hair_only/scalp_diseases/contact_dermatitis/contact_dermatitis_0026_jpg.rf.yREcLo0vEPcN5WjOoiA9.jpg,datasets/hair_only/scalp_diseases/contact_dermatitis/contact_dermatitis_0026_jpg.rf.yREcLo0vEPcN5WjOoiA9.jpg
https://raw.githubusercontent.com/Olamide7920/scalp_disease_project/main/datasets/hair_only/scalp_diseases/contact_dermatitis/contact_dermatitis_0027_jpg.rf.fija8euCq9XGbf3kJA3x.jpg,datasets/hair_only/scalp_diseases/contact_dermatitis/contact_dermatitis_0027_jpg.rf.fija8euCq9XGbf3kJA3x.jpg
https://raw.githubusercontent.com/Olamide7920/scalp_disease_project/main/datasets/hair_only/scalp_diseases/contact_dermatitis/contact_dermatitis_0028_jpg.rf.nbUJBq6vg2j6ukgoyILp.jpg,datasets/hair_only/scalp_diseases/contact_dermatitis/contact_dermatitis_0028_jpg.rf.nbUJBq6vg2j6ukgoyILp.jpg
https://raw.githubusercontent.com/Olamide7920/scalp_disease_project/main/datasets/hair_only/scalp_diseases/contact_dermatitis/contact_dermatitis_0029_jpg.rf.VvcyfyrCYXJPEHCpBmUq.jpg,datasets/hair_only/scalp_diseases/contact_dermatitis/contact_dermatitis_0029_jpg.rf.VvcyfyrCYXJPEHCpBmUq.jpg
https://raw.githubusercontent.com/Olamide7920/scalp_disease_project/main/datasets/hair_only/scalp_diseases/contact_dermatitis/contact_dermatitis_0030_jpg.rf.s0eELYRigFixdjA2Y9xE.jpg,datasets/hair_only/scalp_diseases/contact_dermatitis/contact_dermatitis_0030_jpg.rf.s0eELYRigFixdjA2Y9xE.jpg
https://raw.githubusercontent.com/Olamide7920/scalp_disease_project/main/datasets/hair_only/scalp_diseases/contact_dermatitis/contact_dermatitis_0031_jpg.rf.lRE0diRjcyPJD6hXx1ve.jpg,datasets/hair_only/scalp_diseases/contact_dermatitis/contact_dermatitis_0031_jpg.rf.lRE0diRjcyPJD6hXx1ve.jpg
https://raw.githubusercontent.com/Olamide7920/scalp_disease_project/main/datasets/hair_only/scalp_diseases/contact_dermatitis/contact_dermatitis_0032_jpg.rf.MR40MgqbB2rFuuhk62gf.jpg,datasets/hair_only/scalp_diseases/contact_dermatitis/contact_dermatitis_0032_jpg.rf.MR40MgqbB2rFuuhk62gf.jpg
https://raw.githubusercontent.com/Olamide7920/scalp_disease_project/main/datasets/hair_only/scalp_diseases/contact_dermatitis/contact_dermatitis_0033_jpg.rf.YroIQ2jw5jR8FcSfGfRP.jpg,datasets/hair_only/scalp_diseases/contact_dermatitis/contact_dermatitis_0033_jpg.rf.YroIQ2jw5jR8FcSfGfRP.jpg
https://raw.githubusercontent.com/Olamide7920/scalp_disease_project/main/datasets/hair_only/scalp_diseases/contact_dermatitis/contact_dermatitis_0034_jpg.rf.0weTYAYqPm9ujeFpmgd7.jpg,datasets/hair_only/scalp_diseases/contact_dermatitis/contact_dermatitis_0034_jpg.rf.0weTYAYqPm9ujeFpmgd7.jpg
https://raw.githubusercontent.com/Olamide7920/scalp_disease_project/main/datasets/hair_only/scalp_diseases/contact_dermatitis/contact_dermatitis_0035_jpg.rf.klD4vCcqW54mzkrjfbjn.jpg,datasets/hair_only/scalp_diseases/contact_dermatitis/contact_dermatitis_0035_jpg.rf.klD4vCcqW54mzkrjfbjn.jpg
https://raw.githubusercontent.com/Olamide7920/scalp_disease_project/main/datasets/hair_only/scalp_diseases/contact_dermatitis/contact_dermatitis_0036_jpg.rf.uNI0pKIn6Y22aac3SNdw.jpg,datasets/hair_only/scalp_diseases/contact_dermatitis/contact_dermatitis_0036_jpg.rf.uNI0pKIn6Y22aac3SNdw.jpg
https://raw.githubusercontent.com/Olamide7920/scalp_disease_project/main/datasets/hair_only/scalp_diseases/contact_dermatitis/contact_dermatitis_0037_jpg.rf.2IfwO3GZIav4BglxxBGn.jpg,datasets/hair_only/scalp_diseases/contact_dermatitis/contact_dermatitis_0037_jpg.rf.2IfwO3GZIav4BglxxBGn.jpg
https://raw.githubusercontent.com/Olamide7920/scalp_disease_project/main/datasets/hair_only/scalp_diseases/contact_dermatitis/contact_dermatitis_0038_jpg.rf.q1RKPGtyvIvsEmQBaHpd.jpg,datasets/hair_only/scalp_diseases/contact_dermatitis/contact_dermatitis_0038_jpg.rf.q1RKPGtyvIvsEmQBaHpd.jpg
https://raw.githubusercontent.com/Olamide7920/scalp_disease_project/main/datasets/hair_only/scalp_diseases/contact_dermatitis/contact_dermatitis_0039_jpg.rf.r7y4Q3VaZEXXHYUOEEJY.jpg,datasets/hair_only/scalp_diseases/contact_dermatitis/contact_dermatitis_0039_jpg.rf.r7y4Q3VaZEXXHYUOEEJY.jpg
https://raw.githubusercontent.com/Olamide7920/scalp_disease_project/main/datasets/hair_only/scalp_diseases/contact_dermatitis/contact_dermatitis_0040_jpg.rf.SUyt4m1sky6jCQeaC097.jpg,datasets/hair_only/scalp_diseases/contact_dermatitis/contact_dermatitis_0040_jpg.rf.SUyt4m1sky6jCQeaC097.jpg
https://raw.githubusercontent.com/Olamide7920/scalp_disease_project/main/datasets/hair_only/scalp_diseases/contact_dermatitis/contact_dermatitis_0041_jpg.rf.dBHGiEE7EelDONJYaiQu.jpg,datasets/hair_only/scalp_diseases/contact_dermatitis/contact_dermatitis_0041_jpg.rf.dBHGiEE7EelDONJYaiQu.jpg
https://raw.githubusercontent.com/Olamide7920/scalp_disease_project/main/datasets/hair_only/scalp_diseases/contact_dermatitis/contact_dermatitis_0042_jpg.rf.L1dtvbnKNjIYl7d0cuap.jpg,datasets/hair_only/scalp_diseases/contact_dermatitis/contact_dermatitis_0042_jpg.rf.L1dtvbnKNjIYl7d0cuap.jpg
https://raw.githubusercontent.com/Olamide7920/scalp_disease_project/main/datasets/hair_only/scalp_diseases/contact_dermatitis/contact_dermatitis_0043_jpg.rf.Sy3XtYku4pbriJ5lpI82.jpg,datasets/hair_only/scalp_diseases/contact_dermatitis/contact_dermatitis_0043_jpg.rf.Sy3XtYku4pbriJ5lpI82.jpg
https://raw.githubusercontent.com/Olamide7920/scalp_disease_project/main/datasets/hair_only/scalp_diseases/contact_dermatitis/contact_dermatitis_0044_jpg.rf.BUnCEjxXJ4UAZlJXCDHn.jpg,datasets/hair_only/scalp_diseases/contact_dermatitis/contact_dermatitis_0044_jpg.rf.BUnCEjxXJ4UAZlJXCDHn.jpg
https://raw.githubusercontent.com/Olamide7920/scalp_disease_project/main/datasets/hair_only/scalp_diseases/contact_dermatitis/contact_dermatitis_0045_jpg.rf.LRTIiUk3EuRDtW2c1ty9.jpg,datasets/hair_only/scalp_diseases/contact_dermatitis/contact_dermatitis_0045_jpg.rf.LRTIiUk3EuRDtW2c1ty9.jpg
https://raw.githubusercontent.com/Olamide7920/scalp_disease_project/main/datasets/hair_only/scalp_diseases/contact_dermatitis/contact_dermatitis_0046_jpg.rf.tRHi9ZpLX32100rYqN8K.jpg,datasets/hair_only/scalp_diseases/contact_dermatitis/contact_dermatitis_0046_jpg.rf.tRHi9ZpLX32100rYqN8K.jpg
https://raw.githubusercontent.com/Olamide7920/scalp_disease_project/main/datasets/hair_only/scalp_diseases/contact_dermatitis/contact_dermatitis_0047_jpg.rf.DcYFhmqvkHWlnJbTiPfl.jpg,datasets/hair_only/scalp_diseases/contact_dermatitis/contact_dermatitis_0047_jpg.rf.DcYFhmqvkHWlnJbTiPfl.jpg
https://raw.githubusercontent.com/Olamide7920/scalp_disease_project/main/datasets/hair_only/scalp_diseases/contact_dermatitis/contact_dermatitis_0048_jpg.rf.4XKUkZivuT9ZBuS5g02H.jpg,datasets/hair_only/scalp_diseases/contact_dermatitis/contact_dermatitis_0048_jpg.rf.4XKUkZivuT9ZBuS5g02H.jpg
https://raw.githubusercontent.com/Olamide7920/scalp_disease_project/main/datasets/hair_only/scalp_diseases/contact_dermatitis/contact_dermatitis_0049_jpg.rf.JNzqHVsLJK4DeKorkPwb.jpg,datasets/hair_only/scalp_diseases/contact_dermatitis/contact_dermatitis_0049_jpg.rf.JNzqHVsLJK4DeKorkPwb.jpg
https://raw.githubusercontent.com/Olamide7920/scalp_disease_project/main/datasets/hair_only/scalp_diseases/contact_dermatitis/contact_dermatitis_0050_jpg.rf.UxwCVUxqZaBoXRorwIk2.jpg,datasets/hair_only/scalp_diseases/contact_dermatitis/contact_dermatitis_0050_jpg.rf.UxwCVUxqZaBoXRorwIk2.jpg
https://raw.githubusercontent.com/Olamide7920/scalp_disease_project/main/datasets/hair_only/scalp_diseases/contact_dermatitis/contact_dermatitis_0051_jpg.rf.iBy480a4MJhGiw4Fm6Sa.jpg,datasets/hair_only/scalp_diseases/contact_dermatitis/contact_dermatitis_0051_jpg.rf.iBy480a4MJhGiw4Fm6Sa.jpg
https://raw.githubusercontent.com/Olamide7920/scalp_disease_project/main/datasets/hair_only/scalp_diseases/contact_dermatitis/contact_dermatitis_0052_jpg.rf.F8nsF004bBUNN67BAry5.jpg,datasets/hair_only/scalp_diseases/contact_dermatitis/contact_dermatitis_0052_jpg.rf.F8nsF004bBUNN67BAry5.jpg
https://raw.githubusercontent.com/Olamide7920/scalp_disease_project/main/datasets/hair_only/scalp_diseases/contact_dermatitis/contact_dermatitis_0053_jpg.rf.UU7GmGroh7Nl20HqCt8L.jpg,datasets/hair_only/scalp_diseases/contact_dermatitis/contact_dermatitis_0053_jpg.rf.UU7GmGroh7Nl20HqCt8L.jpg
https://raw.githubusercontent.com/Olamide7920/scalp_disease_project/main/datasets/hair_only/scalp_diseases/contact_dermatitis/contact_dermatitis_0054_jpg.rf.i56W7m6Ej1fS8RFXSz1o.jpg,datasets/hair_only/scalp_diseases/contact_dermatitis/contact_dermatitis_0054_jpg.rf.i56W7m6Ej1fS8RFXSz1o.jpg
https://raw.githubusercontent.com/Olamide7920/scalp_disease_project/main/datasets/hair_only/scalp_diseases/contact_dermatitis/contact_dermatitis_0055_jpg.rf.cUTl7Q4ZrEQgUkbYMt4C.jpg,datasets/hair_only/scalp_diseases/contact_dermatitis/contact_dermatitis_0055_jpg.rf.cUTl7Q4ZrEQgUkbYMt4C.jpg
https://raw.githubusercontent.com/Olamide7920/scalp_disease_project/main/datasets/hair_only/scalp_diseases/contact_dermatitis/contact_dermatitis_0056_jpg.rf.3GklIHFun8XMDpG6OU5P.jpg,datasets/hair_only/scalp_diseases/contact_dermatitis/contact_dermatitis_0056_jpg.rf.3GklIHFun8XMDpG6OU5P.jpg
https://raw.githubusercontent.com/Olamide7920/scalp_disease_project/main/datasets/hair_only/scalp_diseases/contact_dermatitis/contact_dermatitis_0057_jpg.rf.KqBNhPQ2X5jRzOegn9v0.jpg,datasets/hair_only/scalp_diseases/contact_dermatitis/contact_dermatitis_0057_jpg.rf.KqBNhPQ2X5jRzOegn9v0.jpg
https://raw.githubusercontent.com/Olamide7920/scalp_disease_project/main/datasets/hair_only/scalp_diseases/contact_dermatitis/contact_dermatitis_0058_jpg.rf.7hMysK0iiCTAbYavE6Yn.jpg,datasets/hair_only/scalp_diseases/contact_dermatitis/contact_dermatitis_0058_jpg.rf.7hMysK0iiCTAbYavE6Yn.jpg
https://raw.githubusercontent.com/Olamide7920/scalp_disease_project/main/datasets/hair_only/scalp_diseases/contact_dermatitis/contact_dermatitis_0059_jpg.rf.0Y92UG40279qYV8YV6au.jpg,datasets/hair_only/scalp_diseases/contact_dermatitis/contact_dermatitis_0059_jpg.rf.0Y92UG40279qYV8YV6au.jpg
https://raw.githubusercontent.com/Olamide7920/scalp_disease_project/main/datasets/hair_only/scalp_diseases/contact_dermatitis/contact_dermatitis_0060_jpg.rf.BaTyPPqfYRlkOB473cMK.jpg,datasets/hair_only/scalp_diseases/contact_dermatitis/contact_dermatitis_0060_jpg.rf.BaTyPPqfYRlkOB473cMK.jpg
https://raw.githubusercontent.com/Olamide7920/scalp_disease_project/main/datasets/hair_only/scalp_diseases/contact_dermatitis/contact_dermatitis_0061_jpg.rf.wLU8rPSczlMuZh1pyaCQ.jpg,datasets/hair_only/scalp_diseases/contact_dermatitis/contact_dermatitis_0061_jpg.rf.wLU8rPSczlMuZh1pyaCQ.jpg
https://raw.githubusercontent.com/Olamide7920/scalp_disease_project/main/datasets/hair_only/scalp_diseases/contact_dermatitis/contact_dermatitis_0062_jpg.rf.98q6AxbrXQikEhKTE8gp.jpg,datasets/hair_only/scalp_diseases/contact_dermatitis/contact_dermatitis_0062_jpg.rf.98q6AxbrXQikEhKTE8gp.jpg
https://raw.githubusercontent.com/Olamide7920/scalp_disease_project/main/datasets/hair_only/scalp_diseases/contact_dermatitis/contact_dermatitis_0063_jpg.rf.ErlYCyI6AGDlaNLvC3gR.jpg,datasets/hair_only/scalp_diseases/contact_dermatitis/contact_dermatitis_0063_jpg.rf.ErlYCyI6AGDlaNLvC3gR.jpg
https://raw.githubusercontent.com/Olamide7920/scalp_disease_project/main/datasets/hair_only/scalp_diseases/contact_dermatitis/contact_dermatitis_0064_jpg.rf.XwmL5F2gFxfRUKkqx2Gq.jpg,datasets/hair_only/scalp_diseases/contact_dermatitis/contact_dermatitis_0064_jpg.rf.XwmL5F2gFxfRUKkqx2Gq.jpg
https://raw.githubusercontent.com/Olamide7920/scalp_disease_project/main/datasets/hair_only/scalp_diseases/contact_dermatitis/contact_dermatitis_0065_jpg.rf.jr038vUFUQOOF7blfPPz.jpg,datasets/hair_only/scalp_diseases/contact_dermatitis/contact_dermatitis_0065_jpg.rf.jr038vUFUQOOF7blfPPz.jpg
https://raw.githubusercontent.com/Olamide7920/scalp_disease_project/main/datasets/hair_only/scalp_diseases/contact_dermatitis/contact_dermatitis_0066_jpg.rf.Adh1nXagxhrZd5IqsTpj.jpg,datasets/hair_only/scalp_diseases/contact_dermatitis/contact_dermatitis_0066_jpg.rf.Adh1nXagxhrZd5IqsTpj.jpg
https://raw.githubusercontent.com/Olamide7920/scalp_disease_project/main/datasets/hair_only/scalp_diseases/contact_dermatitis/contact_dermatitis_0067_jpg.rf.s1TcpwnxpTzDyeYYU9IP.jpg,datasets/hair_only/scalp_diseases/contact_dermatitis/contact_dermatitis_0067_jpg.rf.s1TcpwnxpTzDyeYYU9IP.jpg
https://raw.githubusercontent.com/Olamide7920/scalp_disease_project/main/datasets/hair_only/scalp_diseases/contact_dermatitis/contact_dermatitis_0068_jpg.rf.zf149LY5PyxSAii3GXZW.jpg,datasets/hair_only/scalp_diseases/contact_dermatitis/contact_dermatitis_0068_jpg.rf.zf149LY5PyxSAii3GXZW.jpg
https://raw.githubusercontent.com/Olamide7920/scalp_disease_project/main/datasets/hair_only/scalp_diseases/contact_dermatitis/contact_dermatitis_0069_jpg.rf.6LZ4RF5Tcd2azJABTJRB.jpg,datasets/hair_only/scalp_diseases/contact_dermatitis/contact_dermatitis_0069_jpg.rf.6LZ4RF5Tcd2azJABTJRB.jpg
https://raw.githubusercontent.com/Olamide7920/scalp_disease_project/main/datasets/hair_only/scalp_diseases/contact_dermatitis/contact_dermatitis_0070_jpg.rf.0jlTyrD6A4PtkPTYcZEf.jpg,datasets/hair_only/scalp_diseases/contact_dermatitis/contact_dermatitis_0070_jpg.rf.0jlTyrD6A4PtkPTYcZEf.jpg
https://raw.githubusercontent.com/Olamide7920/scalp_disease_project/main/datasets/hair_only/scalp_diseases/contact_dermatitis/contact_dermatitis_0071_jpg.rf.DTvX2151xiE6FSDiz81P.jpg,datasets/hair_only/scalp_diseases/contact_dermatitis/contact_dermatitis_0071_jpg.rf.DTvX2151xiE6FSDiz81P.jpg
https://raw.githubusercontent.com/Olamide7920/scalp_disease_project/main/datasets/hair_only/scalp_diseases/contact_dermatitis/contact_dermatitis_0072_jpg.rf.AfEAOlToW8JNliPerkVC.jpg,datasets/hair_only/scalp_diseases/contact_dermatitis/contact_dermatitis_0072_jpg.rf.AfEAOlToW8JNliPerkVC.jpg
https://raw.githubusercontent.com/Olamide7920/scalp_disease_project/main/datasets/hair_only/scalp_diseases/contact_dermatitis/contact_dermatitis_0073_jpg.rf.8ifqOBoDCXlbXaI451Al.jpg,datasets/hair_only/scalp_diseases/contact_dermatitis/contact_dermatitis_0073_jpg.rf.8ifqOBoDCXlbXaI451Al.jpg
https://raw.githubusercontent.com/Olamide7920/scalp_disease_project/main/datasets/hair_only/scalp_diseases/contact_dermatitis/contact_dermatitis_0074_jpg.rf.9FAJXXPOfVOUGDJ3Mu5w.jpg,datasets/hair_only/scalp_diseases/contact_dermatitis/contact_dermatitis_0074_jpg.rf.9FAJXXPOfVOUGDJ3Mu5w.jpg
https://raw.githubusercontent.com/Olamide7920/scalp_disease_project/main/datasets/hair_only/scalp_diseases/contact_dermatitis/contact_dermatitis_0075_jpg.rf.J7tluKGkegDyR60vFJ4r.jpg,datasets/hair_only/scalp_diseases/contact_dermatitis/contact_dermatitis_0075_jpg.rf.J7tluKGkegDyR60vFJ4r.jpg
https://raw.githubusercontent.com/Olamide7920/scalp_disease_project/main/datasets/hair_only/scalp_diseases/contact_dermatitis/contact_dermatitis_0076_jpg.rf.yHg5OmSYzeALqEMR3uar.jpg,datasets/hair_only/scalp_diseases/contact_dermatitis/contact_dermatitis_0076_jpg.rf.yHg5OmSYzeALqEMR3uar.jpg
https://raw.githubusercontent.com/Olamide7920/scalp_disease_project/main/datasets/hair_only/scalp_diseases/contact_dermatitis/contact_dermatitis_0077_jpg.rf.kOVyJX0g5jtulT8Z22Q2.jpg,datasets/hair_only/scalp_diseases/contact_dermatitis/contact_dermatitis_0077_jpg.rf.kOVyJX0g5jtulT8Z22Q2.jpg
https://raw.githubusercontent.com/Olamide7920/scalp_disease_project/main/datasets/hair_only/scalp_diseases/contact_dermatitis/contact_dermatitis_0078_jpg.rf.yvUEJ6DKNEWsc7GjHp2h.jpg,datasets/hair_only/scalp_diseases/contact_dermatitis/contact_dermatitis_0078_jpg.rf.yvUEJ6DKNEWsc7GjHp2h.jpg
https://raw.githubusercontent.com/Olamide7920/scalp_disease_project/main/datasets/hair_only/scalp_diseases/contact_dermatitis/contact_dermatitis_0079_jpg.rf.o8o8Jknzt7NyDx4MfzAf.jpg,datasets/hair_only/scalp_diseases/contact_dermatitis/contact_dermatitis_0079_jpg.rf.o8o8Jknzt7NyDx4MfzAf.jpg
https://raw.githubusercontent.com/Olamide7920/scalp_disease_project/main/datasets/hair_only/scalp_diseases/contact_dermatitis/contact_dermatitis_0080_jpg.rf.AjRFRzzcjw49riP91ApT.jpg,datasets/hair_only/scalp_diseases/contact_dermatitis/contact_dermatitis_0080_jpg.rf.AjRFRzzcjw49riP91ApT.jpg
https://raw.githubusercontent.com/Olamide7920/scalp_disease_project/main/datasets/hair_only/scalp_diseases/contact_dermatitis/contact_dermatitis_0081_jpg.rf.PRoouautBP1bYTEO9Xjq.jpg,datasets/hair_only/scalp_diseases/contact_dermatitis/contact_dermatitis_0081_jpg.rf.PRoouautBP1bYTEO9Xjq.jpg
https://raw.githubusercontent.com/Olamide7920/scalp_disease_project/main/datasets/hair_only/scalp_diseases/contact_dermatitis/contact_dermatitis_0082_jpg.rf.5Y2ol8lzfbO4ApwkUlJh.jpg,datasets/hair_only/scalp_diseases/contact_dermatitis/contact_dermatitis_0082_jpg.rf.5Y2ol8lzfbO4ApwkUlJh.jpg
https://raw.githubusercontent.com/Olamide7920/scalp_disease_project/main/datasets/hair_only/scalp_diseases/contact_dermatitis/contact_dermatitis_0083_jpg.rf.EvG527N6zbyTjynMeG8l.jpg,datasets/hair_only/scalp_diseases/contact_dermatitis/contact_dermatitis_0083_jpg.rf.EvG527N6zbyTjynMeG8l.jpg
https://raw.githubusercontent.com/Olamide7920/scalp_disease_project/main/datasets/hair_only/scalp_diseases/contact_dermatitis/contact_dermatitis_0084_jpg.rf.9Mm6woeIV2qpuq8Lo0LK.jpg,datasets/hair_only/scalp_diseases/contact_dermatitis/contact_dermatitis_0084_jpg.rf.9Mm6woeIV2qpuq8Lo0LK.jpg
https://raw.githubusercontent.com/Olamide7920/scalp_disease_project/main/datasets/hair_only/scalp_diseases/contact_dermatitis/contact_dermatitis_0085_jpg.rf.RQbbGKmnjNbeyPbtYdh8.jpg,datasets/hair_only/scalp_diseases/contact_dermatitis/contact_dermatitis_0085_jpg.rf.RQbbGKmnjNbeyPbtYdh8.jpg
https://raw.githubusercontent.com/Olamide7920/scalp_disease_project/main/datasets/hair_only/scalp_diseases/contact_dermatitis/contact_dermatitis_0086_jpg.rf.u2hDFcKaftVPJMOAJ4tR.jpg,datasets/hair_only/scalp_diseases/contact_dermatitis/contact_dermatitis_0086_jpg.rf.u2hDFcKaftVPJMOAJ4tR.jpg
https://raw.githubusercontent.com/Olamide7920/scalp_disease_project/main/datasets/hair_only/scalp_diseases/contact_dermatitis/contact_dermatitis_0087_jpg.rf.CXL41CFWtjKJDNG9kFov.jpg,datasets/hair_only/scalp_diseases/contact_dermatitis/contact_dermatitis_0087_jpg.rf.CXL41CFWtjKJDNG9kFov.jpg
https://raw.githubusercontent.com/Olamide7920/scalp_disease_project/main/datasets/hair_only/scalp_diseases/contact_dermatitis/contact_dermatitis_0088_jpg.rf.A7W6MEv15nYnsiZSBPqZ.jpg,datasets/hair_only/scalp_diseases/contact_dermatitis/contact_dermatitis_0088_jpg.rf.A7W6MEv15nYnsiZSBPqZ.jpg
https://raw.githubusercontent.com/Olamide7920/scalp_disease_project/main/datasets/hair_only/scalp_diseases/contact_dermatitis/contact_dermatitis_0089_jpg.rf.XPmkkhhP7s5XFyC8DBzV.jpg,datasets/hair_only/scalp_diseases/contact_dermatitis/contact_dermatitis_0089_jpg.rf.XPmkkhhP7s5XFyC8DBzV.jpg
https://raw.githubusercontent.com/Olamide7920/scalp_disease_project/main/datasets/hair_only/scalp_diseases/contact_dermatitis/contact_dermatitis_0090_jpg.rf.aaLS89dsxJKLXZAcbAjA.jpg,datasets/hair_only/scalp_diseases/contact_dermatitis/contact_dermatitis_0090_jpg.rf.aaLS89dsxJKLXZAcbAjA.jpg
https://raw.githubusercontent.com/Olamide7920/scalp_disease_project/main/datasets/hair_only/scalp_diseases/contact_dermatitis/contact_dermatitis_0091_jpg.rf.0vJwgxjZ9fCb9Hc0i48h.jpg,datasets/hair_only/scalp_diseases/contact_dermatitis/contact_dermatitis_0091_jpg.rf.0vJwgxjZ9fCb9Hc0i48h.jpg
https://raw.githubusercontent.com/Olamide7920/scalp_disease_project/main/datasets/hair_only/scalp_diseases/contact_dermatitis/contact_dermatitis_0092_jpg.rf.DUzQ3h0nO95sU9KwvIhR.jpg,datasets/hair_only/scalp_diseases/contact_dermatitis/contact_dermatitis_0092_jpg.rf.DUzQ3h0nO95sU9KwvIhR.jpg
https://raw.githubusercontent.com/Olamide7920/scalp_disease_project/main/datasets/hair_only/scalp_diseases/contact_dermatitis/contact_dermatitis_0093_jpg.rf.jGTvd9n79m83NkY8LAtu.jpg,datasets/hair_only/scalp_diseases/contact_dermatitis/contact_dermatitis_0093_jpg.rf.jGTvd9n79m83NkY8LAtu.jpg
https://raw.githubusercontent.com/Olamide7920/scalp_disease_project/main/datasets/hair_only/scalp_diseases/contact_dermatitis/contact_dermatitis_0094_jpg.rf.YJakB1a8p1kiMtgnl1Tr.jpg,datasets/hair_only/scalp_diseases/contact_dermatitis/contact_dermatitis_0094_jpg.rf.YJakB1a8p1kiMtgnl1Tr.jpg
https://raw.githubusercontent.com/Olamide7920/scalp_disease_project/main/datasets/hair_only/scalp_diseases/contact_dermatitis/contact_dermatitis_0095_jpg.rf.EPeF8Xw48cur6l7Hn6KD.jpg,datasets/hair_only/scalp_diseases/contact_dermatitis/contact_dermatitis_0095_jpg.rf.EPeF8Xw48cur6l7Hn6KD.jpg
https://raw.githubusercontent.com/Olamide7920/scalp_disease_project/main/datasets/hair_only/scalp_diseases/contact_dermatitis/contact_dermatitis_0096_jpg.rf.sAOa5V3fXaVY8Ro4x3mH.jpg,datasets/hair_only/scalp_diseases/contact_dermatitis/contact_dermatitis_0096_jpg.rf.sAOa5V3fXaVY8Ro4x3mH.jpg
https://raw.githubusercontent.com/Olamide7920/scalp_disease_project/main/datasets/hair_only/scalp_diseases/contact_dermatitis/contact_dermatitis_0097_jpg.rf.TEnlwcssIgLpVpqCikJS.jpg,datasets/hair_only/scalp_diseases/contact_dermatitis/contact_dermatitis_0097_jpg.rf.TEnlwcssIgLpVpqCikJS.jpg
https://raw.githubusercontent.com/Olamide7920/scalp_disease_project/main/datasets/hair_only/scalp_diseases/contact_dermatitis/contact_dermatitis_0098_jpg.rf.e4kIwZgOCBpMOsVVmGFk.jpg,datasets/hair_only/scalp_diseases/contact_dermatitis/contact_dermatitis_0098_jpg.rf.e4kIwZgOCBpMOsVVmGFk.jpg
https://raw.githubusercontent.com/Olamide7920/scalp_disease_project/main/datasets/hair_only/scalp_diseases/contact_dermatitis/contact_dermatitis_0099_jpg.rf.os9v4y21cbVrzB1WF3Rl.jpg,datasets/hair_only/scalp_diseases/contact_dermatitis/contact_dermatitis_0099_jpg.rf.os9v4y21cbVrzB1WF3Rl.jpg
https://raw.githubusercontent.com/Olamide7920/scalp_disease_project/main/datasets/hair_only/scalp_diseases/contact_dermatitis/contact_dermatitis_0100_jpg.rf.q4F7VPUiNtOeFfTqiA21.jpg,datasets/hair_only/scalp_diseases/contact_dermatitis/contact_dermatitis_0100_jpg.rf.q4F7VPUiNtOeFfTqiA21.jpg
https://raw.githubusercontent.com/Olamide7920/scalp_disease_project/main/datasets/hair_only/scalp_diseases/contact_dermatitis/contact_dermatitis_0101_jpg.rf.GCuM7OvgHnmIu1qlfzEb.jpg,datasets/hair_only/scalp_diseases/contact_dermatitis/contact_dermatitis_0101_jpg.rf.GCuM7OvgHnmIu1qlfzEb.jpg
https://raw.githubusercontent.com/Olamide7920/scalp_disease_project/main/datasets/hair_only/scalp_diseases/contact_dermatitis/contact_dermatitis_0102_jpg.rf.LkltHUCMhaevjS770Yex.jpg,datasets/hair_only/scalp_diseases/contact_dermatitis/contact_dermatitis_0102_jpg.rf.LkltHUCMhaevjS770Yex.jpg
https://raw.githubusercontent.com/Olamide7920/scalp_disease_project/main/datasets/hair_only/scalp_diseases/contact_dermatitis/contact_dermatitis_0103_jpg.rf.IyB3vNnZjDO99nBIVTvE.jpg,datasets/hair_only/scalp_diseases/contact_dermatitis/contact_dermatitis_0103_jpg.rf.IyB3vNnZjDO99nBIVTvE.jpg
https://raw.githubusercontent.com/Olamide7920/scalp_disease_project/main/datasets/hair_only/scalp_diseases/contact_dermatitis/contact_dermatitis_0104_jpg.rf.PtYVIj4LktnHie1n2Xvj.jpg,datasets/hair_only/scalp_diseases/contact_dermatitis/contact_dermatitis_0104_jpg.rf.PtYVIj4LktnHie1n2Xvj.jpg
https://raw.githubusercontent.com/Olamide7920/scalp_disease_project/main/datasets/hair_only/scalp_diseases/contact_dermatitis/contact_dermatitis_0105_jpg.rf.YjjujbwzbBJcoVfTcokJ.jpg,datasets/hair_only/scalp_diseases/contact_dermatitis/contact_dermatitis_0105_jpg.rf.YjjujbwzbBJcoVfTcokJ.jpg
https://raw.githubusercontent.com/Olamide7920/scalp_disease_project/main/datasets/hair_only/scalp_diseases/contact_dermatitis/contact_dermatitis_0106_jpg.rf.4fPcwEpvU1XUmr2ncIGp.jpg,datasets/hair_only/scalp_diseases/contact_dermatitis/contact_dermatitis_0106_jpg.rf.4fPcwEpvU1XUmr2ncIGp.jpg
https://raw.githubusercontent.com/Olamide7920/scalp_disease_project/main/datasets/hair_only/scalp_diseases/contact_dermatitis/contact_dermatitis_0107_jpg.rf.E6Rkr5wSmivl9tZnIqSd.jpg,datasets/hair_only/scalp_diseases/contact_dermatitis/contact_dermatitis_0107_jpg.rf.E6Rkr5wSmivl9tZnIqSd.jpg
https://raw.githubusercontent.com/Olamide7920/scalp_disease_project/main/datasets/hair_only/scalp_diseases/contact_dermatitis/contact_dermatitis_0108_jpg.rf.nBxi9gQtxl3vQVTgK1L1.jpg,datasets/hair_only/scalp_diseases/contact_dermatitis/contact_dermatitis_0108_jpg.rf.nBxi9gQtxl3vQVTgK1L1.jpg
https://raw.githubusercontent.com/Olamide7920/scalp_disease_project/main/datasets/hair_only/scalp_diseases/contact_dermatitis/contact_dermatitis_0109_jpg.rf.eKfgjQ53goUQ5wacRWZ1.jpg,datasets/hair_only/scalp_diseases/contact_dermatitis/contact_dermatitis_0109_jpg.rf.eKfgjQ53goUQ5wacRWZ1.jpg
https://raw.githubusercontent.com/Olamide7920/scalp_disease_project/main/datasets/hair_only/scalp_diseases/contact_dermatitis/contact_dermatitis_0110_jpg.rf.sf4QZ6BrY4wy0Nwk2DU6.jpg,datasets/hair_only/scalp_diseases/contact_dermatitis/contact_dermatitis_0110_jpg.rf.sf4QZ6BrY4wy0Nwk2DU6.jpg
https://raw.githubusercontent.com/Olamide7920/scalp_disease_project/main/datasets/hair_only/scalp_diseases/contact_dermatitis/contact_dermatitis_0111_jpg.rf.8OpCsEuIfYUyPVIyrm2D.jpg,datasets/hair_only/scalp_diseases/contact_dermatitis/contact_dermatitis_0111_jpg.rf.8OpCsEuIfYUyPVIyrm2D.jpg
https://raw.githubusercontent.com/Olamide7920/scalp_disease_project/main/datasets/hair_only/scalp_diseases/contact_dermatitis/contact_dermatitis_0112_jpg.rf.3PhPq3LmBbXnpRvE865g.jpg,datasets/hair_only/scalp_diseases/contact_dermatitis/contact_dermatitis_0112_jpg.rf.3PhPq3LmBbXnpRvE865g.jpg
https://raw.githubusercontent.com/Olamide7920/scalp_disease_project/main/datasets/hair_only/scalp_diseases/contact_dermatitis/contact_dermatitis_0113_jpg.rf.sEvPKOIWlg6Z1Y67yF4m.jpg,datasets/hair_only/scalp_diseases/contact_dermatitis/contact_dermatitis_0113_jpg.rf.sEvPKOIWlg6Z1Y67yF4m.jpg
https://raw.githubusercontent.com/Olamide7920/scalp_disease_project/main/datasets/hair_only/scalp_diseases/contact_dermatitis/contact_dermatitis_0114_jpg.rf.RTtkdkApABmdfgAyPj0P.jpg,datasets/hair_only/scalp_diseases/contact_dermatitis/contact_dermatitis_0114_jpg.rf.RTtkdkApABmdfgAyPj0P.jpg
https://raw.githubusercontent.com/Olamide7920/scalp_disease_project/main/datasets/hair_only/scalp_diseases/contact_dermatitis/contact_dermatitis_0115_jpg.rf.5YUPXfbOG5klmwvSQel6.jpg,datasets/hair_only/scalp_diseases/contact_dermatitis/contact_dermatitis_0115_jpg.rf.5YUPXfbOG5klmwvSQel6.jpg
https://raw.githubusercontent.com/Olamide7920/scalp_disease_project/main/datasets/hair_only/scalp_diseases/contact_dermatitis/contact_dermatitis_0116_jpg.rf.o0s1b6Bb5QFJmIefadgC.jpg,datasets/hair_only/scalp_diseases/contact_dermatitis/contact_dermatitis_0116_jpg.rf.o0s1b6Bb5QFJmIefadgC.jpg
https://raw.githubusercontent.com/Olamide7920/scalp_disease_project/main/datasets/hair_only/scalp_diseases/contact_dermatitis/contact_dermatitis_0117_jpg.rf.5ALZcgszSW2yr4uFuwZq.jpg,datasets/hair_only/scalp_diseases/contact_dermatitis/contact_dermatitis_0117_jpg.rf.5ALZcgszSW2yr4uFuwZq.jpg
https://raw.githubusercontent.com/Olamide7920/scalp_disease_project/main/datasets/hair_only/scalp_diseases/contact_dermatitis/contact_dermatitis_0118_jpg.rf.qpqryCCqT26ZDsQGDF5F.jpg,datasets/hair_only/scalp_diseases/contact_dermatitis/contact_dermatitis_0118_jpg.rf.qpqryCCqT26ZDsQGDF5F.jpg
https://raw.githubusercontent.com/Olamide7920/scalp_disease_project/main/datasets/hair_only/scalp_diseases/contact_dermatitis/contact_dermatitis_0119_jpg.rf.hQ5Y6grZDTi5kTbeWHdW.jpg,datasets/hair_only/scalp_diseases/contact_dermatitis/contact_dermatitis_0119_jpg.rf.hQ5Y6grZDTi5kTbeWHdW.jpg
https://raw.githubusercontent.com/Olamide7920/scalp_disease_project/main/datasets/hair_only/scalp_diseases/contact_dermatitis/contact_dermatitis_0120_jpg.rf.2Md8BQPoipx1eQHBVKCp.jpg,datasets/hair_only/scalp_diseases/contact_dermatitis/contact_dermatitis_0120_jpg.rf.2Md8BQPoipx1eQHBVKCp.jpg
https://raw.githubusercontent.com/Olamide7920/scalp_disease_project/main/datasets/hair_only/scalp_diseases/contact_dermatitis/contact_dermatitis_0121_jpg.rf.0MAAYt4KgubnJSOWddv5.jpg,datasets/hair_only/scalp_diseases/contact_dermatitis/contact_dermatitis_0121_jpg.rf.0MAAYt4KgubnJSOWddv5.jpg
https://raw.githubusercontent.com/Olamide7920/scalp_disease_project/main/datasets/hair_only/scalp_diseases/contact_dermatitis/contact_dermatitis_0122_jpg.rf.AcmatyCdAW5gqMJUWrr7.jpg,datasets/hair_only/scalp_diseases/contact_dermatitis/contact_dermatitis_0122_jpg.rf.AcmatyCdAW5gqMJUWrr7.jpg
https://raw.githubusercontent.com/Olamide7920/scalp_disease_project/main/datasets/hair_only/scalp_diseases/contact_dermatitis/contact_dermatitis_0123_jpg.rf.ES260uFvWm332izxTk66.jpg,datasets/hair_only/scalp_diseases/contact_dermatitis/contact_dermatitis_0123_jpg.rf.ES260uFvWm332izxTk66.jpg
https://raw.githubusercontent.com/Olamide7920/scalp_disease_project/main/datasets/hair_only/scalp_diseases/contact_dermatitis/contact_dermatitis_0124_jpg.rf.jz4EQLmuQ4W6AG5CmXG2.jpg,datasets/hair_only/scalp_diseases/contact_dermatitis/contact_dermatitis_0124_jpg.rf.jz4EQLmuQ4W6AG5CmXG2.jpg
https://raw.githubusercontent.com/Olamide7920/scalp_disease_project/main/datasets/hair_only/scalp_diseases/contact_dermatitis/contact_dermatitis_0125_jpg.rf.lH0VXETybdUg8exwj32n.jpg,datasets/hair_only/scalp_diseases/contact_dermatitis/contact_dermatitis_0125_jpg.rf.lH0VXETybdUg8exwj32n.jpg
https://raw.githubusercontent.com/Olamide7920/scalp_disease_project/main/datasets/hair_only/scalp_diseases/contact_dermatitis/contact_dermatitis_0126_jpg.rf.MogKlV1TXNuZQ2ohV3zX.jpg,datasets/hair_only/scalp_diseases/contact_dermatitis/contact_dermatitis_0126_jpg.rf.MogKlV1TXNuZQ2ohV3zX.jpg
https://raw.githubusercontent.com/Olamide7920/scalp_disease_project/main/datasets/hair_only/scalp_diseases/contact_dermatitis/contact_dermatitis_0127_jpg.rf.0bv9mr2MUcEXVMjD5XHr.jpg,datasets/hair_only/scalp_diseases/contact_dermatitis/contact_dermatitis_0127_jpg.rf.0bv9mr2MUcEXVMjD5XHr.jpg
https://raw.githubusercontent.com/Olamide7920/scalp_disease_project/main/datasets/hair_only/scalp_diseases/contact_dermatitis/contact_dermatitis_0128_jpg.rf.VxvntB7DX9J9FSXu6Lvz.jpg,datasets/hair_only/scalp_diseases/contact_dermatitis/contact_dermatitis_0128_jpg.rf.VxvntB7DX9J9FSXu6Lvz.jpg
https://raw.githubusercontent.com/Olamide7920/scalp_disease_project/main/datasets/hair_only/scalp_diseases/contact_dermatitis/contact_dermatitis_0129_jpg.rf.z9AA7PHhuMWxuF8OmIkS.jpg,datasets/hair_only/scalp_diseases/contact_dermatitis/contact_dermatitis_0129_jpg.rf.z9AA7PHhuMWxuF8OmIkS.jpg
https://raw.githubusercontent.com/Olamide7920/scalp_disease_project/main/datasets/hair_only/scalp_diseases/contact_dermatitis/contact_dermatitis_0130_jpg.rf.jcASYMOYMn3d6R4Owmfy.jpg,datasets/hair_only/scalp_diseases/contact_dermatitis/contact_dermatitis_0130_jpg.rf.jcASYMOYMn3d6R4Owmfy.jpg
https://raw.githubusercontent.com/Olamide7920/scalp_disease_project/main/datasets/hair_only/scalp_diseases/contact_dermatitis/contact_dermatitis_0131_jpg.rf.j8mz0jGl0exlqTdcb61I.jpg,datasets/hair_only/scalp_diseases/contact_dermatitis/contact_dermatitis_0131_jpg.rf.j8mz0jGl0exlqTdcb61I.jpg
https://raw.githubusercontent.com/Olamide7920/scalp_disease_project/main/datasets/hair_only/scalp_diseases/contact_dermatitis/contact_dermatitis_0132_jpg.rf.EFO0kTrJ02jy1vjwFf6u.jpg,datasets/hair_only/scalp_diseases/contact_dermatitis/contact_dermatitis_0132_jpg.rf.EFO0kTrJ02jy1vjwFf6u.jpg
https://raw.githubusercontent.com/Olamide7920/scalp_disease_project/main/datasets/hair_only/scalp_diseases/contact_dermatitis/contact_dermatitis_0133_jpg.rf.f9V8y87DnPPkT0bZyn97.jpg,datasets/hair_only/scalp_diseases/contact_dermatitis/contact_dermatitis_0133_jpg.rf.f9V8y87DnPPkT0bZyn97.jpg
https://raw.githubusercontent.com/Olamide7920/scalp_disease_project/main/datasets/hair_only/scalp_diseases/contact_dermatitis/contact_dermatitis_0134_jpg.rf.MeEliKplifelFJLU3xyE.jpg,datasets/hair_only/scalp_diseases/contact_dermatitis/contact_dermatitis_0134_jpg.rf.MeEliKplifelFJLU3xyE.jpg
https://raw.githubusercontent.com/Olamide7920/scalp_disease_project/main/datasets/hair_only/scalp_diseases/contact_dermatitis/contact_dermatitis_0135_jpg.rf.LoaK91RWPFpoUtnDnZFq.jpg,datasets/hair_only/scalp_diseases/contact_dermatitis/contact_dermatitis_0135_jpg.rf.LoaK91RWPFpoUtnDnZFq.jpg
https://raw.githubusercontent.com/Olamide7920/scalp_disease_project/main/datasets/hair_only/scalp_diseases/contact_dermatitis/contact_dermatitis_0136_jpg.rf.8KkNfnGszoji6RRQckdq.jpg,datasets/hair_only/scalp_diseases/contact_dermatitis/contact_dermatitis_0136_jpg.rf.8KkNfnGszoji6RRQckdq.jpg
https://raw.githubusercontent.com/Olamide7920/scalp_disease_project/main/datasets/hair_only/scalp_diseases/contact_dermatitis/contact_dermatitis_0137_jpg.rf.uO80GCg3ARfxnHtqKPMT.jpg,datasets/hair_only/scalp_diseases/contact_dermatitis/contact_dermatitis_0137_jpg.rf.uO80GCg3ARfxnHtqKPMT.jpg
https://raw.githubusercontent.com/Olamide7920/scalp_disease_project/main/datasets/hair_only/scalp_diseases/contact_dermatitis/contact_dermatitis_0138_jpg.rf.jiCsBjbaMhbecVQbvA7f.jpg,datasets/hair_only/scalp_diseases/contact_dermatitis/contact_dermatitis_0138_jpg.rf.jiCsBjbaMhbecVQbvA7f.jpg
https://raw.githubusercontent.com/Olamide7920/scalp_disease_project/main/datasets/hair_only/scalp_diseases/contact_dermatitis/contact_dermatitis_0139_jpg.rf.XPzZsVN6Ma6iThDHuTyS.jpg,datasets/hair_only/scalp_diseases/contact_dermatitis/contact_dermatitis_0139_jpg.rf.XPzZsVN6Ma6iThDHuTyS.jpg
https://raw.githubusercontent.com/Olamide7920/scalp_disease_project/main/datasets/hair_only/scalp_diseases/contact_dermatitis/contact_dermatitis_0140_jpg.rf.tv8wbkA9qENOKfY5EqA7.jpg,datasets/hair_only/scalp_diseases/contact_dermatitis/contact_dermatitis_0140_jpg.rf.tv8wbkA9qENOKfY5EqA7.jpg
https://raw.githubusercontent.com/Olamide7920/scalp_disease_project/main/datasets/hair_only/scalp_diseases/contact_dermatitis/contact_dermatitis_0141_jpg.rf.YceLPYnQrwBx41pbn8Mz.jpg,datasets/hair_only/scalp_diseases/contact_dermatitis/contact_dermatitis_0141_jpg.rf.YceLPYnQrwBx41pbn8Mz.jpg
https://raw.githubusercontent.com/Olamide7920/scalp_disease_project/main/datasets/hair_only/scalp_diseases/contact_dermatitis/contact_dermatitis_0142_jpg.rf.3BBkLBPp3ZZZNT1oc1pp.jpg,datasets/hair_only/scalp_diseases/contact_dermatitis/contact_dermatitis_0142_jpg.rf.3BBkLBPp3ZZZNT1oc1pp.jpg
https://raw.githubusercontent.com/Olamide7920/scalp_disease_project/main/datasets/hair_only/scalp_diseases/contact_dermatitis/contact_dermatitis_0143_jpg.rf.qolf8FXdjyQaNgysQHIh.jpg,datasets/hair_only/scalp_diseases/contact_dermatitis/contact_dermatitis_0143_jpg.rf.qolf8FXdjyQaNgysQHIh.jpg
https://raw.githubusercontent.com/Olamide7920/scalp_disease_project/main/datasets/hair_only/scalp_diseases/contact_dermatitis/contact_dermatitis_0144_jpg.rf.jLaDfCCwl4wv8uiLimV5.jpg,datasets/hair_only/scalp_diseases/contact_dermatitis/contact_dermatitis_0144_jpg.rf.jLaDfCCwl4wv8uiLimV5.jpg
https://raw.githubusercontent.com/Olamide7920/scalp_disease_project/main/datasets/hair_only/scalp_diseases/contact_dermatitis/contact_dermatitis_0145_jpg.rf.1LHMsoJ6OwyQrbhBq6qa.jpg,datasets/hair_only/scalp_diseases/contact_dermatitis/contact_dermatitis_0145_jpg.rf.1LHMsoJ6OwyQrbhBq6qa.jpg
https://raw.githubusercontent.com/Olamide7920/scalp_disease_project/main/datasets/hair_only/scalp_diseases/contact_dermatitis/contact_dermatitis_0146_jpg.rf.kxjG9fUNYvu3UiwcgDTx.jpg,datasets/hair_only/scalp_diseases/contact_dermatitis/contact_dermatitis_0146_jpg.rf.kxjG9fUNYvu3UiwcgDTx.jpg
https://raw.githubusercontent.com/Olamide7920/scalp_disease_project/main/datasets/hair_only/scalp_diseases/contact_dermatitis/contact_dermatitis_0147_jpg.rf.caR63rUiqgBOVejL5CmK.jpg,datasets/hair_only/scalp_diseases/contact_dermatitis/contact_dermatitis_0147_jpg.rf.caR63rUiqgBOVejL5CmK.jpg
https://raw.githubusercontent.com/Olamide7920/scalp_disease_project/main/datasets/hair_only/scalp_diseases/contact_dermatitis/contact_dermatitis_0148_jpg.rf.Dzwq8GcL8RGMN8IT5jXl.jpg,datasets/hair_only/scalp_diseases/contact_dermatitis/contact_dermatitis_0148_jpg.rf.Dzwq8GcL8RGMN8IT5jXl.jpg
https://raw.githubusercontent.com/Olamide7920/scalp_disease_project/main/datasets/hair_only/scalp_diseases/contact_dermatitis/contact_dermatitis_0149_jpg.rf.tKDfWKBDxzLxPzG6fXCI.jpg,datasets/hair_only/scalp_diseases/contact_dermatitis/contact_dermatitis_0149_jpg.rf.tKDfWKBDxzLxPzG6fXCI.jpg
https://raw.githubusercontent.com/Olamide7920/scalp_disease_project/main/datasets/hair_only/scalp_diseases/contact_dermatitis/contact_dermatitis_0150_jpg.rf.TdaoclUdj6D2Tl04lvpO.jpg,datasets/hair_only/scalp_diseases/contact_dermatitis/contact_dermatitis_0150_jpg.rf.TdaoclUdj6D2Tl04lvpO.jpg
https://raw.githubusercontent.com/Olamide7920/scalp_disease_project/main/datasets/hair_only/scalp_diseases/contact_dermatitis/contact_dermatitis_0151_jpg.rf.p1zNTtXXs9tv8GJeHTfs.jpg,datasets/hair_only/scalp_diseases/contact_dermatitis/contact_dermatitis_0151_jpg.rf.p1zNTtXXs9tv8GJeHTfs.jpg
https://raw.githubusercontent.com/Olamide7920/scalp_disease_project/main/datasets/hair_only/scalp_diseases/contact_dermatitis/contact_dermatitis_0152_jpg.rf.1R2Ms9uLbRPj6E69wQdG.jpg,datasets/hair_only/scalp_diseases/contact_dermatitis/contact_dermatitis_0152_jpg.rf.1R2Ms9uLbRPj6E69wQdG.jpg
https://raw.githubusercontent.com/Olamide7920/scalp_disease_project/main/datasets/hair_only/scalp_diseases/contact_dermatitis/contact_dermatitis_0153_jpg.rf.WGHdnPJbgLYL5EMje0of.jpg,datasets/hair_only/scalp_diseases/contact_dermatitis/contact_dermatitis_0153_jpg.rf.WGHdnPJbgLYL5EMje0of.jpg
https://raw.githubusercontent.com/Olamide7920/scalp_disease_project/main/datasets/hair_only/scalp_diseases/contact_dermatitis/contact_dermatitis_0154_jpg.rf.vcuLFh08lVh2gfOCodWM.jpg,datasets/hair_only/scalp_diseases/contact_dermatitis/contact_dermatitis_0154_jpg.rf.vcuLFh08lVh2gfOCodWM.jpg
https://raw.githubusercontent.com/Olamide7920/scalp_disease_project/main/datasets/hair_only/scalp_diseases/contact_dermatitis/contact_dermatitis_0155_jpg.rf.9xvY9ZNHZdApEr1hptta.jpg,datasets/hair_only/scalp_diseases/contact_dermatitis/contact_dermatitis_0155_jpg.rf.9xvY9ZNHZdApEr1hptta.jpg
https://raw.githubusercontent.com/Olamide7920/scalp_disease_project/main/datasets/hair_only/scalp_diseases/contact_dermatitis/contact_dermatitis_0156_jpg.rf.EufqzihqQlVWF91EjJpu.jpg,datasets/hair_only/scalp_diseases/contact_dermatitis/contact_dermatitis_0156_jpg.rf.EufqzihqQlVWF91EjJpu.jpg
https://raw.githubusercontent.com/Olamide7920/scalp_disease_project/main/datasets/hair_only/scalp_diseases/contact_dermatitis/contact_dermatitis_0157_jpg.rf.aUITvz3oFv78wqPDOFsW.jpg,datasets/hair_only/scalp_diseases/contact_dermatitis/contact_dermatitis_0157_jpg.rf.aUITvz3oFv78wqPDOFsW.jpg
https://raw.githubusercontent.com/Olamide7920/scalp_disease_project/main/datasets/hair_only/scalp_diseases/contact_dermatitis/contact_dermatitis_0158_jpg.rf.pg8k7LO1tKZyc8He6zsa.jpg,datasets/hair_only/scalp_diseases/contact_dermatitis/contact_dermatitis_0158_jpg.rf.pg8k7LO1tKZyc8He6zsa.jpg
https://raw.githubusercontent.com/Olamide7920/scalp_disease_project/main/datasets/hair_only/scalp_diseases/contact_dermatitis/contact_dermatitis_0159_jpg.rf.opLdmeq9JTNWAf0a4RrT.jpg,datasets/hair_only/scalp_diseases/contact_dermatitis/contact_dermatitis_0159_jpg.rf.opLdmeq9JTNWAf0a4RrT.jpg
https://raw.githubusercontent.com/Olamide7920/scalp_disease_project/main/datasets/hair_only/scalp_diseases/contact_dermatitis/contact_dermatitis_0160_jpg.rf.3BTpArQtrcsNrh4Lruob.jpg,datasets/hair_only/scalp_diseases/contact_dermatitis/contact_dermatitis_0160_jpg.rf.3BTpArQtrcsNrh4Lruob.jpg
https://raw.githubusercontent.com/Olamide7920/scalp_disease_project/main/datasets/hair_only/scalp_diseases/contact_dermatitis/contact_dermatitis_0161_jpg.rf.FhcCaxxKCYWtQIMyaw8X.jpg,datasets/hair_only/scalp_diseases/contact_dermatitis/contact_dermatitis_0161_jpg.rf.FhcCaxxKCYWtQIMyaw8X.jpg
https://raw.githubusercontent.com/Olamide7920/scalp_disease_project/main/datasets/hair_only/scalp_diseases/contact_dermatitis/contact_dermatitis_0162_jpg.rf.L2xgMzyLnKALu4hjYnYn.jpg,datasets/hair_only/scalp_diseases/contact_dermatitis/contact_dermatitis_0162_jpg.rf.L2xgMzyLnKALu4hjYnYn.jpg
https://raw.githubusercontent.com/Olamide7920/scalp_disease_project/main/datasets/hair_only/scalp_diseases/contact_dermatitis/contact_dermatitis_0163_jpg.rf.b1EQ2MwzeXMVoP5OeeLY.jpg,datasets/hair_only/scalp_diseases/contact_dermatitis/contact_dermatitis_0163_jpg.rf.b1EQ2MwzeXMVoP5OeeLY.jpg
https://raw.githubusercontent.com/Olamide7920/scalp_disease_project/main/datasets/hair_only/scalp_diseases/contact_dermatitis/contact_dermatitis_0164_jpg.rf.aJN0hrTo8QtpDeK2jxgU.jpg,datasets/hair_only/scalp_diseases/contact_dermatitis/contact_dermatitis_0164_jpg.rf.aJN0hrTo8QtpDeK2jxgU.jpg
https://raw.githubusercontent.com/Olamide7920/scalp_disease_project/main/datasets/hair_only/scalp_diseases/contact_dermatitis/contact_dermatitis_0165_jpg.rf.j0tDSXHMXWst8lMUOdLp.jpg,datasets/hair_only/scalp_diseases/contact_dermatitis/contact_dermatitis_0165_jpg.rf.j0tDSXHMXWst8lMUOdLp.jpg
https://raw.githubusercontent.com/Olamide7920/scalp_disease_project/main/datasets/hair_only/scalp_diseases/contact_dermatitis/contact_dermatitis_0166_jpg.rf.y0lvp7V9NnX6S8kXuWXP.jpg,datasets/hair_only/scalp_diseases/contact_dermatitis/contact_dermatitis_0166_jpg.rf.y0lvp7V9NnX6S8kXuWXP.jpg
https://raw.githubusercontent.com/Olamide7920/scalp_disease_project/main/datasets/hair_only/scalp_diseases/contact_dermatitis/contact_dermatitis_0167_jpg.rf.3ZBq7UpkjYYeJwGJZ4UL.jpg,datasets/hair_only/scalp_diseases/contact_dermatitis/contact_dermatitis_0167_jpg.rf.3ZBq7UpkjYYeJwGJZ4UL.jpg
https://raw.githubusercontent.com/Olamide7920/scalp_disease_project/main/datasets/hair_only/scalp_diseases/contact_dermatitis/contact_dermatitis_0168_jpg.rf.s7iD0hpJ8qkRPLjj1zHZ.jpg,datasets/hair_only/scalp_diseases/contact_dermatitis/contact_dermatitis_0168_jpg.rf.s7iD0hpJ8qkRPLjj1zHZ.jpg
https://raw.githubusercontent.com/Olamide7920/scalp_disease_project/main/datasets/hair_only/scalp_diseases/contact_dermatitis/contact_dermatitis_0169_jpg.rf.xGYLy0V6RJnvmqcARhOk.jpg,datasets/hair_only/scalp_diseases/contact_dermatitis/contact_dermatitis_0169_jpg.rf.xGYLy0V6RJnvmqcARhOk.jpg
https://raw.githubusercontent.com/Olamide7920/scalp_disease_project/main/datasets/hair_only/scalp_diseases/contact_dermatitis/contact_dermatitis_0170_jpg.rf.qFQ4rt31eNTdx0uKA3Qy.jpg,datasets/hair_only/scalp_diseases/contact_dermatitis/contact_dermatitis_0170_jpg.rf.qFQ4rt31eNTdx0uKA3Qy.jpg
https://raw.githubusercontent.com/Olamide7920/scalp_disease_project/main/datasets/hair_only/scalp_diseases/contact_dermatitis/contact_dermatitis_0171_jpg.rf.lmP8bYjpSDwLgRhOoahP.jpg,datasets/hair_only/scalp_diseases/contact_dermatitis/contact_dermatitis_0171_jpg.rf.lmP8bYjpSDwLgRhOoahP.jpg
https://raw.githubusercontent.com/Olamide7920/scalp_disease_project/main/datasets/hair_only/scalp_diseases/contact_dermatitis/contact_dermatitis_0172_jpg.rf.Z5YZKIGnV24jNbBsU2M4.jpg,datasets/hair_only/scalp_diseases/contact_dermatitis/contact_dermatitis_0172_jpg.rf.Z5YZKIGnV24jNbBsU2M4.jpg
https://raw.githubusercontent.com/Olamide7920/scalp_disease_project/main/datasets/hair_only/scalp_diseases/contact_dermatitis/contact_dermatitis_0173_jpg.rf.ANkrS60SZ86EBhNbEj0W.jpg,datasets/hair_only/scalp_diseases/contact_dermatitis/contact_dermatitis_0173_jpg.rf.ANkrS60SZ86EBhNbEj0W.jpg
https://raw.githubusercontent.com/Olamide7920/scalp_disease_project/main/datasets/hair_only/scalp_diseases/contact_dermatitis/contact_dermatitis_0174_jpg.rf.WBKsD8IpDRu6TOnkH1jM.jpg,datasets/hair_only/scalp_diseases/contact_dermatitis/contact_dermatitis_0174_jpg.rf.WBKsD8IpDRu6TOnkH1jM.jpg
https://raw.githubusercontent.com/Olamide7920/scalp_disease_project/main/datasets/hair_only/scalp_diseases/contact_dermatitis/contact_dermatitis_0175_jpg.rf.D72ypmdhWwN8O2J0v7qr.jpg,datasets/hair_only/scalp_diseases/contact_dermatitis/contact_dermatitis_0175_jpg.rf.D72ypmdhWwN8O2J0v7qr.jpg
https://raw.githubusercontent.com/Olamide7920/scalp_disease_project/main/datasets/hair_only/scalp_diseases/contact_dermatitis/contact_dermatitis_0176_jpg.rf.25LdIGGZQGjI1yUAK89z.jpg,datasets/hair_only/scalp_diseases/contact_dermatitis/contact_dermatitis_0176_jpg.rf.25LdIGGZQGjI1yUAK89z.jpg
https://raw.githubusercontent.com/Olamide7920/scalp_disease_project/main/datasets/hair_only/scalp_diseases/contact_dermatitis/contact_dermatitis_0177_jpg.rf.cPwmU3u7ANKNlJCMz3OF.jpg,datasets/hair_only/scalp_diseases/contact_dermatitis/contact_dermatitis_0177_jpg.rf.cPwmU3u7ANKNlJCMz3OF.jpg
https://raw.githubusercontent.com/Olamide7920/scalp_disease_project/main/datasets/hair_only/scalp_diseases/contact_dermatitis/contact_dermatitis_0178_jpg.rf.6QeLl5S74dMzbGlHD2M8.jpg,datasets/hair_only/scalp_diseases/contact_dermatitis/contact_dermatitis_0178_jpg.rf.6QeLl5S74dMzbGlHD2M8.jpg
https://raw.githubusercontent.com/Olamide7920/scalp_disease_project/main/datasets/hair_only/scalp_diseases/contact_dermatitis/contact_dermatitis_0179_jpg.rf.QWy3yhvJcLGWoahdoopt.jpg,datasets/hair_only/scalp_diseases/contact_dermatitis/contact_dermatitis_0179_jpg.rf.QWy3yhvJcLGWoahdoopt.jpg
https://raw.githubusercontent.com/Olamide7920/scalp_disease_project/main/datasets/hair_only/scalp_diseases/contact_dermatitis/contact_dermatitis_0180_jpg.rf.5mRL3GpgU0HBsNuXpNxU.jpg,datasets/hair_only/scalp_diseases/contact_dermatitis/contact_dermatitis_0180_jpg.rf.5mRL3GpgU0HBsNuXpNxU.jpg
https://raw.githubusercontent.com/Olamide7920/scalp_disease_project/main/datasets/hair_only/scalp_diseases/contact_dermatitis/contact_dermatitis_0181_jpg.rf.lD2Eb3Qm9j8QKoPgvfLN.jpg,datasets/hair_only/scalp_diseases/contact_dermatitis/contact_dermatitis_0181_jpg.rf.lD2Eb3Qm9j8QKoPgvfLN.jpg
https://raw.githubusercontent.com/Olamide7920/scalp_disease_project/main/datasets/hair_only/scalp_diseases/contact_dermatitis/contact_dermatitis_0182_jpg.rf.GEOhv5Mtwk3dNhLQzNau.jpg,datasets/hair_only/scalp_diseases/contact_dermatitis/contact_dermatitis_0182_jpg.rf.GEOhv5Mtwk3dNhLQzNau.jpg
https://raw.githubusercontent.com/Olamide7920/scalp_disease_project/main/datasets/hair_only/scalp_diseases/contact_dermatitis/contact_dermatitis_0183_jpg.rf.pFmh3Q0Uipz2j10mhZ5T.jpg,datasets/hair_only/scalp_diseases/contact_dermatitis/contact_dermatitis_0183_jpg.rf.pFmh3Q0Uipz2j10mhZ5T.jpg
https://raw.githubusercontent.com/Olamide7920/scalp_disease_project/main/datasets/hair_only/scalp_diseases/contact_dermatitis/contact_dermatitis_0184_jpg.rf.4IDCIsFKHaZoPZjxRNGI.jpg,datasets/hair_only/scalp_diseases/contact_dermatitis/contact_dermatitis_0184_jpg.rf.4IDCIsFKHaZoPZjxRNGI.jpg
https://raw.githubusercontent.com/Olamide7920/scalp_disease_project/main/datasets/hair_only/scalp_diseases/contact_dermatitis/contact_dermatitis_0185_jpg.rf.sAUy2OoQ4iFTEx5jrsfC.jpg,datasets/hair_only/scalp_diseases/contact_dermatitis/contact_dermatitis_0185_jpg.rf.sAUy2OoQ4iFTEx5jrsfC.jpg
https://raw.githubusercontent.com/Olamide7920/scalp_disease_project/main/datasets/hair_only/scalp_diseases/contact_dermatitis/contact_dermatitis_0186_jpg.rf.aVrhBobbaBGynypRA1sI.jpg,datasets/hair_only/scalp_diseases/contact_dermatitis/contact_dermatitis_0186_jpg.rf.aVrhBobbaBGynypRA1sI.jpg
https://raw.githubusercontent.com/Olamide7920/scalp_disease_project/main/datasets/hair_only/scalp_diseases/contact_dermatitis/contact_dermatitis_0187_jpg.rf.uc59mzW000g4cdzHyVzj.jpg,datasets/hair_only/scalp_diseases/contact_dermatitis/contact_dermatitis_0187_jpg.rf.uc59mzW000g4cdzHyVzj.jpg
https://raw.githubusercontent.com/Olamide7920/scalp_disease_project/main/datasets/hair_only/scalp_diseases/contact_dermatitis/contact_dermatitis_0188_jpg.rf.maHEQ38qzqJvm37NucX3.jpg,datasets/hair_only/scalp_diseases/contact_dermatitis/contact_dermatitis_0188_jpg.rf.maHEQ38qzqJvm37NucX3.jpg
https://raw.githubusercontent.com/Olamide7920/scalp_disease_project/main/datasets/hair_only/scalp_diseases/contact_dermatitis/contact_dermatitis_0189_jpg.rf.kSoVtj3MoYbXrAdSlos6.jpg,datasets/hair_only/scalp_diseases/contact_dermatitis/contact_dermatitis_0189_jpg.rf.kSoVtj3MoYbXrAdSlos6.jpg
https://raw.githubusercontent.com/Olamide7920/scalp_disease_project/main/datasets/hair_only/scalp_diseases/contact_dermatitis/contact_dermatitis_0190_jpg.rf.8HglwwT0r8SkVPRSGN76.jpg,datasets/hair_only/scalp_diseases/contact_dermatitis/contact_dermatitis_0190_jpg.rf.8HglwwT0r8SkVPRSGN76.jpg
https://raw.githubusercontent.com/Olamide7920/scalp_disease_project/main/datasets/hair_only/scalp_diseases/contact_dermatitis/contact_dermatitis_0191_jpg.rf.SaYmTO4JkpZAAFUFT6pW.jpg,datasets/hair_only/scalp_diseases/contact_dermatitis/contact_dermatitis_0191_jpg.rf.SaYmTO4JkpZAAFUFT6pW.jpg
https://raw.githubusercontent.com/Olamide7920/scalp_disease_project/main/datasets/hair_only/scalp_diseases/contact_dermatitis/contact_dermatitis_0192_jpg.rf.Vj8a78fMyCiTfAkLTzH4.jpg,datasets/hair_only/scalp_diseases/contact_dermatitis/contact_dermatitis_0192_jpg.rf.Vj8a78fMyCiTfAkLTzH4.jpg
https://raw.githubusercontent.com/Olamide7920/scalp_disease_project/main/datasets/hair_only/scalp_diseases/contact_dermatitis/contact_dermatitis_0193_jpg.rf.MZdUtKOrZVtVDcIEKO16.jpg,datasets/hair_only/scalp_diseases/contact_dermatitis/contact_dermatitis_0193_jpg.rf.MZdUtKOrZVtVDcIEKO16.jpg
https://raw.githubusercontent.com/Olamide7920/scalp_disease_project/main/datasets/hair_only/scalp_diseases/contact_dermatitis/contact_dermatitis_0194_jpg.rf.XkW2gFh7Ws7fGP6I0APx.jpg,datasets/hair_only/scalp_diseases/contact_dermatitis/contact_dermatitis_0194_jpg.rf.XkW2gFh7Ws7fGP6I0APx.jpg
https://raw.githubusercontent.com/Olamide7920/scalp_disease_project/main/datasets/hair_only/scalp_diseases/contact_dermatitis/contact_dermatitis_0195_jpg.rf.dSGtK1JHyX281XSAsXZ9.jpg,datasets/hair_only/scalp_diseases/contact_dermatitis/contact_dermatitis_0195_jpg.rf.dSGtK1JHyX281XSAsXZ9.jpg
https://raw.githubusercontent.com/Olamide7920/scalp_disease_project/main/datasets/hair_only/scalp_diseases/contact_dermatitis/contact_dermatitis_0196_jpg.rf.Rch76UUflyOeo7lOUjiF.jpg,datasets/hair_only/scalp_diseases/contact_dermatitis/contact_dermatitis_0196_jpg.rf.Rch76UUflyOeo7lOUjiF.jpg
https://raw.githubusercontent.com/Olamide7920/scalp_disease_project/main/datasets/hair_only/scalp_diseases/contact_dermatitis/contact_dermatitis_0197_jpg.rf.xXCFtZSu7AFFfGevA2F3.jpg,datasets/hair_only/scalp_diseases/contact_dermatitis/contact_dermatitis_0197_jpg.rf.xXCFtZSu7AFFfGevA2F3.jpg
https://raw.githubusercontent.com/Olamide7920/scalp_disease_project/main/datasets/hair_only/scalp_diseases/contact_dermatitis/contact_dermatitis_0198_jpg.rf.6wH8Ix6GmyawJ9RjuMV8.jpg,datasets/hair_only/scalp_diseases/contact_dermatitis/contact_dermatitis_0198_jpg.rf.6wH8Ix6GmyawJ9RjuMV8.jpg
https://raw.githubusercontent.com/Olamide7920/scalp_disease_project/main/datasets/hair_only/scalp_diseases/contact_dermatitis/contact_dermatitis_0199_jpg.rf.m1lELAzACA7l1dBUAq1h.jpg,datasets/hair_only/scalp_diseases/contact_dermatitis/contact_dermatitis_0199_jpg.rf.m1lELAzACA7l1dBUAq1h.jpg
https://raw.githubusercontent.com/Olamide7920/scalp_disease_project/main/datasets/hair_only/scalp_diseases/contact_dermatitis/contact_dermatitis_0200_jpg.rf.abAWQynUK7pf7vh2b5DY.jpg,datasets/hair_only/scalp_diseases/contact_dermatitis/contact_dermatitis_0200_jpg.rf.abAWQynUK7pf7vh2b5DY.jpg
https://raw.githubusercontent.com/Olamide7920/scalp_disease_project/main/datasets/hair_only/scalp_diseases/contact_dermatitis/contact_dermatitis_0201_jpg.rf.D7GcVSHRqcRYKst6Dv1R.jpg,datasets/hair_only/scalp_diseases/contact_dermatitis/contact_dermatitis_0201_jpg.rf.D7GcVSHRqcRYKst6Dv1R.jpg
https://raw.githubusercontent.com/Olamide7920/scalp_disease_project/main/datasets/hair_only/scalp_diseases/contact_dermatitis/contact_dermatitis_0202_jpg.rf.uMOyyvwqRBb4zPCmDo1S.jpg,datasets/hair_only/scalp_diseases/contact_dermatitis/contact_dermatitis_0202_jpg.rf.uMOyyvwqRBb4zPCmDo1S.jpg
https://raw.githubusercontent.com/Olamide7920/scalp_disease_project/main/datasets/hair_only/scalp_diseases/contact_dermatitis/contact_dermatitis_0203_jpg.rf.LRAAQ7tyjIxVVegLR8iZ.jpg,datasets/hair_only/scalp_diseases/contact_dermatitis/contact_dermatitis_0203_jpg.rf.LRAAQ7tyjIxVVegLR8iZ.jpg
https://raw.githubusercontent.com/Olamide7920/scalp_disease_project/main/datasets/hair_only/scalp_diseases/contact_dermatitis/contact_dermatitis_0204_jpg.rf.JqqAgfz89Djdp2pjCBFF.jpg,datasets/hair_only/scalp_diseases/contact_dermatitis/contact_dermatitis_0204_jpg.rf.JqqAgfz89Djdp2pjCBFF.jpg
https://raw.githubusercontent.com/Olamide7920/scalp_disease_project/main/datasets/hair_only/scalp_diseases/contact_dermatitis/contact_dermatitis_0205_jpg.rf.CoC5ytObR6ac9syzeMzB.jpg,datasets/hair_only/scalp_diseases/contact_dermatitis/contact_dermatitis_0205_jpg.rf.CoC5ytObR6ac9syzeMzB.jpg
https://raw.githubusercontent.com/Olamide7920/scalp_disease_project/main/datasets/hair_only/scalp_diseases/contact_dermatitis/contact_dermatitis_0206_jpg.rf.B8Gs43SB4UUL3FxHEeUD.jpg,datasets/hair_only/scalp_diseases/contact_dermatitis/contact_dermatitis_0206_jpg.rf.B8Gs43SB4UUL3FxHEeUD.jpg
https://raw.githubusercontent.com/Olamide7920/scalp_disease_project/main/datasets/hair_only/scalp_diseases/contact_dermatitis/contact_dermatitis_0207_jpg.rf.N254u6yGJjHNd8a8hhol.jpg,datasets/hair_only/scalp_diseases/contact_dermatitis/contact_dermatitis_0207_jpg.rf.N254u6yGJjHNd8a8hhol.jpg
https://raw.githubusercontent.com/Olamide7920/scalp_disease_project/main/datasets/hair_only/scalp_diseases/contact_dermatitis/contact_dermatitis_0208_jpg.rf.irVmPtp5Vg5a6ArPmXT0.jpg,datasets/hair_only/scalp_diseases/contact_dermatitis/contact_dermatitis_0208_jpg.rf.irVmPtp5Vg5a6ArPmXT0.jpg
https://raw.githubusercontent.com/Olamide7920/scalp_disease_project/main/datasets/hair_only/scalp_diseases/contact_dermatitis/contact_dermatitis_0209_jpg.rf.jorFtkBhcSFDPBlRJceT.jpg,datasets/hair_only/scalp_diseases/contact_dermatitis/contact_dermatitis_0209_jpg.rf.jorFtkBhcSFDPBlRJceT.jpg
https://raw.githubusercontent.com/Olamide7920/scalp_disease_project/main/datasets/hair_only/scalp_diseases/contact_dermatitis/contact_dermatitis_0210_jpg.rf.H49m7ZYezsq3e8nQolru.jpg,datasets/hair_only/scalp_diseases/contact_dermatitis/contact_dermatitis_0210_jpg.rf.H49m7ZYezsq3e8nQolru.jpg
https://raw.githubusercontent.com/Olamide7920/scalp_disease_project/main/datasets/hair_only/scalp_diseases/contact_dermatitis/contact_dermatitis_0211_jpg.rf.sN4lWA89jxOwGIxQX6LB.jpg,datasets/hair_only/scalp_diseases/contact_dermatitis/contact_dermatitis_0211_jpg.rf.sN4lWA89jxOwGIxQX6LB.jpg
https://raw.githubusercontent.com/Olamide7920/scalp_disease_project/main/datasets/hair_only/scalp_diseases/contact_dermatitis/contact_dermatitis_0212_jpg.rf.SsY6JFre2nSc4JDO8pRq.jpg,datasets/hair_only/scalp_diseases/contact_dermatitis/contact_dermatitis_0212_jpg.rf.SsY6JFre2nSc4JDO8pRq.jpg
https://raw.githubusercontent.com/Olamide7920/scalp_disease_project/main/datasets/hair_only/scalp_diseases/contact_dermatitis/contact_dermatitis_0213_jpg.rf.c103B7FRJPsJI9yRdBNe.jpg,datasets/hair_only/scalp_diseases/contact_dermatitis/contact_dermatitis_0213_jpg.rf.c103B7FRJPsJI9yRdBNe.jpg
https://raw.githubusercontent.com/Olamide7920/scalp_disease_project/main/datasets/hair_only/scalp_diseases/contact_dermatitis/contact_dermatitis_0214_jpg.rf.nVeE60Db8Tg9XOYAddah.jpg,datasets/hair_only/scalp_diseases/contact_dermatitis/contact_dermatitis_0214_jpg.rf.nVeE60Db8Tg9XOYAddah.jpg
https://raw.githubusercontent.com/Olamide7920/scalp_disease_project/main/datasets/hair_only/scalp_diseases/contact_dermatitis/contact_dermatitis_0215_jpg.rf.XkBQkwouV66QLOYQxvtq.jpg,datasets/hair_only/scalp_diseases/contact_dermatitis/contact_dermatitis_0215_jpg.rf.XkBQkwouV66QLOYQxvtq.jpg
https://raw.githubusercontent.com/Olamide7920/scalp_disease_project/main/datasets/hair_only/scalp_diseases/contact_dermatitis/contact_dermatitis_0216_jpg.rf.vEEM3MGWqEFHpNVjW9yM.jpg,datasets/hair_only/scalp_diseases/contact_dermatitis/contact_dermatitis_0216_jpg.rf.vEEM3MGWqEFHpNVjW9yM.jpg
https://raw.githubusercontent.com/Olamide7920/scalp_disease_project/main/datasets/hair_only/scalp_diseases/contact_dermatitis/contact_dermatitis_0217_jpg.rf.JaMOOGE7WJEykzsTCJ51.jpg,datasets/hair_only/scalp_diseases/contact_dermatitis/contact_dermatitis_0217_jpg.rf.JaMOOGE7WJEykzsTCJ51.jpg
https://raw.githubusercontent.com/Olamide7920/scalp_disease_project/main/datasets/hair_only/scalp_diseases/contact_dermatitis/contact_dermatitis_0218_jpg.rf.qkngz29mtjtdfGDuXa3g.jpg,datasets/hair_only/scalp_diseases/contact_dermatitis/contact_dermatitis_0218_jpg.rf.qkngz29mtjtdfGDuXa3g.jpg
https://raw.githubusercontent.com/Olamide7920/scalp_disease_project/main/datasets/hair_only/scalp_diseases/contact_dermatitis/contact_dermatitis_0219_jpg.rf.S96ZP5v9vBTsaUoW0Ozy.jpg,datasets/hair_only/scalp_diseases/contact_dermatitis/contact_dermatitis_0219_jpg.rf.S96ZP5v9vBTsaUoW0Ozy.jpg
https://raw.githubusercontent.com/Olamide7920/scalp_disease_project/main/datasets/hair_only/scalp_diseases/contact_dermatitis/contact_dermatitis_0220_jpg.rf.BavK5oHXInNoDZzEThB0.jpg,datasets/hair_only/scalp_diseases/contact_dermatitis/contact_dermatitis_0220_jpg.rf.BavK5oHXInNoDZzEThB0.jpg
https://raw.githubusercontent.com/Olamide7920/scalp_disease_project/main/datasets/hair_only/scalp_diseases/contact_dermatitis/contact_dermatitis_0221_jpg.rf.tuPjnvxKbwUTNLsn8eV6.jpg,datasets/hair_only/scalp_diseases/contact_dermatitis/contact_dermatitis_0221_jpg.rf.tuPjnvxKbwUTNLsn8eV6.jpg
https://raw.githubusercontent.com/Olamide7920/scalp_disease_project/main/datasets/hair_only/scalp_diseases/contact_dermatitis/contact_dermatitis_0222_jpg.rf.UI17K0PbX2BtOUqDXwXw.jpg,datasets/hair_only/scalp_diseases/contact_dermatitis/contact_dermatitis_0222_jpg.rf.UI17K0PbX2BtOUqDXwXw.jpg
https://raw.githubusercontent.com/Olamide7920/scalp_disease_project/main/datasets/hair_only/scalp_diseases/contact_dermatitis/contact_dermatitis_0223_jpg.rf.fUVF7340KiFddwGtv8a0.jpg,datasets/hair_only/scalp_diseases/contact_dermatitis/contact_dermatitis_0223_jpg.rf.fUVF7340KiFddwGtv8a0.jpg
https://raw.githubusercontent.com/Olamide7920/scalp_disease_project/main/datasets/hair_only/scalp_diseases/contact_dermatitis/contact_dermatitis_0224_jpg.rf.9U2jZDWoc7iuS0nXyBOL.jpg,datasets/hair_only/scalp_diseases/contact_dermatitis/contact_dermatitis_0224_jpg.rf.9U2jZDWoc7iuS0nXyBOL.jpg
https://raw.githubusercontent.com/Olamide7920/scalp_disease_project/main/datasets/hair_only/scalp_diseases/contact_dermatitis/contact_dermatitis_0225_jpg.rf.8T5k3mGmxqeMMT3qHvw3.jpg,datasets/hair_only/scalp_diseases/contact_dermatitis/contact_dermatitis_0225_jpg.rf.8T5k3mGmxqeMMT3qHvw3.jpg
https://raw.githubusercontent.com/Olamide7920/scalp_disease_project/main/datasets/hair_only/scalp_diseases/contact_dermatitis/contact_dermatitis_0226_jpg.rf.1T2p7l70YRTeZGbhEu8w.jpg,datasets/hair_only/scalp_diseases/contact_dermatitis/contact_dermatitis_0226_jpg.rf.1T2p7l70YRTeZGbhEu8w.jpg
https://raw.githubusercontent.com/Olamide7920/scalp_disease_project/main/datasets/hair_only/scalp_diseases/contact_dermatitis/contact_dermatitis_0227_jpg.rf.WKcFJrxr15YKYeTEoRH3.jpg,datasets/hair_only/scalp_diseases/contact_dermatitis/contact_dermatitis_0227_jpg.rf.WKcFJrxr15YKYeTEoRH3.jpg
https://raw.githubusercontent.com/Olamide7920/scalp_disease_project/main/datasets/hair_only/scalp_diseases/contact_dermatitis/contact_dermatitis_0228_jpg.rf.wmfpTlUbShm3fqKZrkPF.jpg,datasets/hair_only/scalp_diseases/contact_dermatitis/contact_dermatitis_0228_jpg.rf.wmfpTlUbShm3fqKZrkPF.jpg
https://raw.githubusercontent.com/Olamide7920/scalp_disease_project/main/datasets/hair_only/scalp_diseases/contact_dermatitis/contact_dermatitis_0229_jpg.rf.7M4rQCJ1VjyzMJmwzhIZ.jpg,datasets/hair_only/scalp_diseases/contact_dermatitis/contact_dermatitis_0229_jpg.rf.7M4rQCJ1VjyzMJmwzhIZ.jpg
https://raw.githubusercontent.com/Olamide7920/scalp_disease_project/main/datasets/hair_only/scalp_diseases/contact_dermatitis/contact_dermatitis_0230_jpg.rf.p7JhCBFpz1aql2OuZmmL.jpg,datasets/hair_only/scalp_diseases/contact_dermatitis/contact_dermatitis_0230_jpg.rf.p7JhCBFpz1aql2OuZmmL.jpg
https://raw.githubusercontent.com/Olamide7920/scalp_disease_project/main/datasets/hair_only/scalp_diseases/contact_dermatitis/contact_dermatitis_0231_jpg.rf.aHfcjHGdkrySMayBztNL.jpg,datasets/hair_only/scalp_diseases/contact_dermatitis/contact_dermatitis_0231_jpg.rf.aHfcjHGdkrySMayBztNL.jpg
https://raw.githubusercontent.com/Olamide7920/scalp_disease_project/main/datasets/hair_only/scalp_diseases/contact_dermatitis/contact_dermatitis_0232_jpg.rf.OXVokDFRigizUbQe8c4V.jpg,datasets/hair_only/scalp_diseases/contact_dermatitis/contact_dermatitis_0232_jpg.rf.OXVokDFRigizUbQe8c4V.jpg
https://raw.githubusercontent.com/Olamide7920/scalp_disease_project/main/datasets/hair_only/scalp_diseases/contact_dermatitis/contact_dermatitis_0233_jpg.rf.8tgW2n7tMJiNgNXMfMQX.jpg,datasets/hair_only/scalp_diseases/contact_dermatitis/contact_dermatitis_0233_jpg.rf.8tgW2n7tMJiNgNXMfMQX.jpg
https://raw.githubusercontent.com/Olamide7920/scalp_disease_project/main/datasets/hair_only/scalp_diseases/contact_dermatitis/contact_dermatitis_0234_jpg.rf.5bxss86LsOSwOBRR6rv0.jpg,datasets/hair_only/scalp_diseases/contact_dermatitis/contact_dermatitis_0234_jpg.rf.5bxss86LsOSwOBRR6rv0.jpg
https://raw.githubusercontent.com/Olamide7920/scalp_disease_project/main/datasets/hair_only/scalp_diseases/contact_dermatitis/contact_dermatitis_0235_jpg.rf.AhA2owvLTMwC0Po4leIL.jpg,datasets/hair_only/scalp_diseases/contact_dermatitis/contact_dermatitis_0235_jpg.rf.AhA2owvLTMwC0Po4leIL.jpg
https://raw.githubusercontent.com/Olamide7920/scalp_disease_project/main/datasets/hair_only/scalp_diseases/contact_dermatitis/contact_dermatitis_0236_jpg.rf.QpzdjYkzTuG3qcBXQsWS.jpg,datasets/hair_only/scalp_diseases/contact_dermatitis/contact_dermatitis_0236_jpg.rf.QpzdjYkzTuG3qcBXQsWS.jpg
https://raw.githubusercontent.com/Olamide7920/scalp_disease_project/main/datasets/hair_only/scalp_diseases/contact_dermatitis/contact_dermatitis_0237_jpg.rf.iX2v9oQVdRmQHLfJYctc.jpg,datasets/hair_only/scalp_diseases/contact_dermatitis/contact_dermatitis_0237_jpg.rf.iX2v9oQVdRmQHLfJYctc.jpg
https://raw.githubusercontent.com/Olamide7920/scalp_disease_project/main/datasets/hair_only/scalp_diseases/contact_dermatitis/contact_dermatitis_0238_jpg.rf.XmLYCfH5Szpq9k4LqPD4.jpg,datasets/hair_only/scalp_diseases/contact_dermatitis/contact_dermatitis_0238_jpg.rf.XmLYCfH5Szpq9k4LqPD4.jpg
https://raw.githubusercontent.com/Olamide7920/scalp_disease_project/main/datasets/hair_only/scalp_diseases/contact_dermatitis/contact_dermatitis_0239_jpg.rf.wGa7tyh4G1VRvuuYEa6t.jpg,datasets/hair_only/scalp_diseases/contact_dermatitis/contact_dermatitis_0239_jpg.rf.wGa7tyh4G1VRvuuYEa6t.jpg
https://raw.githubusercontent.com/Olamide7920/scalp_disease_project/main/datasets/hair_only/scalp_diseases/contact_dermatitis/contact_dermatitis_0240_jpg.rf.lLk9973ZIWljNUTYrPo7.jpg,datasets/hair_only/scalp_diseases/contact_dermatitis/contact_dermatitis_0240_jpg.rf.lLk9973ZIWljNUTYrPo7.jpg
https://raw.githubusercontent.com/Olamide7920/scalp_disease_project/main/datasets/hair_only/scalp_diseases/contact_dermatitis/contact_dermatitis_0241_jpg.rf.oHGBgXCkTyZph0hloB3P.jpg,datasets/hair_only/scalp_diseases/contact_dermatitis/contact_dermatitis_0241_jpg.rf.oHGBgXCkTyZph0hloB3P.jpg
https://raw.githubusercontent.com/Olamide7920/scalp_disease_project/main/datasets/hair_only/scalp_diseases/contact_dermatitis/contact_dermatitis_0242_jpg.rf.6FB0pqBjrUNfrqPMfdH5.jpg,datasets/hair_only/scalp_diseases/contact_dermatitis/contact_dermatitis_0242_jpg.rf.6FB0pqBjrUNfrqPMfdH5.jpg
https://raw.githubusercontent.com/Olamide7920/scalp_disease_project/main/datasets/hair_only/scalp_diseases/contact_dermatitis/contact_dermatitis_0243_jpg.rf.DGFwhWLze0gDsjB9atOF.jpg,datasets/hair_only/scalp_diseases/contact_dermatitis/contact_dermatitis_0243_jpg.rf.DGFwhWLze0gDsjB9atOF.jpg
https://raw.githubusercontent.com/Olamide7920/scalp_disease_project/main/datasets/hair_only/scalp_diseases/contact_dermatitis/contact_dermatitis_0244_jpg.rf.YefKmB75UtjbSrZtDaAy.jpg,datasets/hair_only/scalp_diseases/contact_dermatitis/contact_dermatitis_0244_jpg.rf.YefKmB75UtjbSrZtDaAy.jpg
https://raw.githubusercontent.com/Olamide7920/scalp_disease_project/main/datasets/hair_only/scalp_diseases/contact_dermatitis/contact_dermatitis_0245_jpg.rf.Gpy70LdZRhMgzGSbI9KT.jpg,datasets/hair_only/scalp_diseases/contact_dermatitis/contact_dermatitis_0245_jpg.rf.Gpy70LdZRhMgzGSbI9KT.jpg
https://raw.githubusercontent.com/Olamide7920/scalp_disease_project/main/datasets/hair_only/scalp_diseases/contact_dermatitis/contact_dermatitis_0246_jpg.rf.ZdkEAjGfL4WhFeHXdz8P.jpg,datasets/hair_only/scalp_diseases/contact_dermatitis/contact_dermatitis_0246_jpg.rf.ZdkEAjGfL4WhFeHXdz8P.jpg
https://raw.githubusercontent.com/Olamide7920/scalp_disease_project/main/datasets/hair_only/scalp_diseases/contact_dermatitis/contact_dermatitis_0247_jpg.rf.CjkqHsd2JpANTKjD6Ss4.jpg,datasets/hair_only/scalp_diseases/contact_dermatitis/contact_dermatitis_0247_jpg.rf.CjkqHsd2JpANTKjD6Ss4.jpg
https://raw.githubusercontent.com/Olamide7920/scalp_disease_project/main/datasets/hair_only/scalp_diseases/contact_dermatitis/contact_dermatitis_0248_jpg.rf.v7WjdezuhjwBGeJF18Sp.jpg,datasets/hair_only/scalp_diseases/contact_dermatitis/contact_dermatitis_0248_jpg.rf.v7WjdezuhjwBGeJF18Sp.jpg
https://raw.githubusercontent.com/Olamide7920/scalp_disease_project/main/datasets/hair_only/scalp_diseases/contact_dermatitis/contact_dermatitis_0249_jpg.rf.ZlQqV6qSbJvt4NVeA5I3.jpg,datasets/hair_only/scalp_diseases/contact_dermatitis/contact_dermatitis_0249_jpg.rf.ZlQqV6qSbJvt4NVeA5I3.jpg
https://raw.githubusercontent.com/Olamide7920/scalp_disease_project/main/datasets/hair_only/scalp_diseases/contact_dermatitis/contact_dermatitis_0250_jpg.rf.PIEAB7RYb78ORGJTEQ8p.jpg,datasets/hair_only/scalp_diseases/contact_dermatitis/contact_dermatitis_0250_jpg.rf.PIEAB7RYb78ORGJTEQ8p.jpg
https://raw.githubusercontent.com/Olamide7920/scalp_disease_project/main/datasets/hair_only/scalp_diseases/contact_dermatitis/contact_dermatitis_0251_jpg.rf.z9b33eNhYLa6uUh5mAQb.jpg,datasets/hair_only/scalp_diseases/contact_dermatitis/contact_dermatitis_0251_jpg.rf.z9b33eNhYLa6uUh5mAQb.jpg
https://raw.githubusercontent.com/Olamide7920/scalp_disease_project/main/datasets/hair_only/scalp_diseases/contact_dermatitis/contact_dermatitis_0252_jpg.rf.i7WlDOhPX6GyJSHo9fHq.jpg,datasets/hair_only/scalp_diseases/contact_dermatitis/contact_dermatitis_0252_jpg.rf.i7WlDOhPX6GyJSHo9fHq.jpg
https://raw.githubusercontent.com/Olamide7920/scalp_disease_project/main/datasets/hair_only/scalp_diseases/contact_dermatitis/contact_dermatitis_0253_jpg.rf.tnusov3y7VejAqlsIZZb.jpg,datasets/hair_only/scalp_diseases/contact_dermatitis/contact_dermatitis_0253_jpg.rf.tnusov3y7VejAqlsIZZb.jpg
https://raw.githubusercontent.com/Olamide7920/scalp_disease_project/main/datasets/hair_only/scalp_diseases/contact_dermatitis/contact_dermatitis_0254_jpg.rf.IbeHqjBIPvuxalUZ1fJ6.jpg,datasets/hair_only/scalp_diseases/contact_dermatitis/contact_dermatitis_0254_jpg.rf.IbeHqjBIPvuxalUZ1fJ6.jpg
https://raw.githubusercontent.com/Olamide7920/scalp_disease_project/main/datasets/hair_only/scalp_diseases/contact_dermatitis/contact_dermatitis_0255_jpg.rf.BtvcxfUYdJJd7n5bSCcB.jpg,datasets/hair_only/scalp_diseases/contact_dermatitis/contact_dermatitis_0255_jpg.rf.BtvcxfUYdJJd7n5bSCcB.jpg
https://raw.githubusercontent.com/Olamide7920/scalp_disease_project/main/datasets/hair_only/scalp_diseases/contact_dermatitis/contact_dermatitis_0256_jpg.rf.uv0EBYVcbk3OE7aBVt43.jpg,datasets/hair_only/scalp_diseases/contact_dermatitis/contact_dermatitis_0256_jpg.rf.uv0EBYVcbk3OE7aBVt43.jpg
https://raw.githubusercontent.com/Olamide7920/scalp_disease_project/main/datasets/hair_only/scalp_diseases/contact_dermatitis/contact_dermatitis_0257_jpg.rf.ARmLtmw0yFHSGw0GkNV6.jpg,datasets/hair_only/scalp_diseases/contact_dermatitis/contact_dermatitis_0257_jpg.rf.ARmLtmw0yFHSGw0GkNV6.jpg
https://raw.githubusercontent.com/Olamide7920/scalp_disease_project/main/datasets/hair_only/scalp_diseases/contact_dermatitis/contact_dermatitis_0258_jpg.rf.o8FIk1tTQhfDD6KDrOvV.jpg,datasets/hair_only/scalp_diseases/contact_dermatitis/contact_dermatitis_0258_jpg.rf.o8FIk1tTQhfDD6KDrOvV.jpg
https://raw.githubusercontent.com/Olamide7920/scalp_disease_project/main/datasets/hair_only/scalp_diseases/contact_dermatitis/contact_dermatitis_0259_jpg.rf.VbGBmU5WiqbdaFZpHWK8.jpg,datasets/hair_only/scalp_diseases/contact_dermatitis/contact_dermatitis_0259_jpg.rf.VbGBmU5WiqbdaFZpHWK8.jpg
https://raw.githubusercontent.com/Olamide7920/scalp_disease_project/main/datasets/hair_only/scalp_diseases/contact_dermatitis/contact_dermatitis_0260_jpg.rf.hVGvfRJxJMLUqK477iPQ.jpg,datasets/hair_only/scalp_diseases/contact_dermatitis/contact_dermatitis_0260_jpg.rf.hVGvfRJxJMLUqK477iPQ.jpg
https://raw.githubusercontent.com/Olamide7920/scalp_disease_project/main/datasets/hair_only/scalp_diseases/contact_dermatitis/contact_dermatitis_0261_jpg.rf.NX1oythObPmjukx3KrKV.jpg,datasets/hair_only/scalp_diseases/contact_dermatitis/contact_dermatitis_0261_jpg.rf.NX1oythObPmjukx3KrKV.jpg
https://raw.githubusercontent.com/Olamide7920/scalp_disease_project/main/datasets/hair_only/scalp_diseases/contact_dermatitis/contact_dermatitis_0262_jpg.rf.ffhjKEmxqrvntxZ1K4C7.jpg,datasets/hair_only/scalp_diseases/contact_dermatitis/contact_dermatitis_0262_jpg.rf.ffhjKEmxqrvntxZ1K4C7.jpg
https://raw.githubusercontent.com/Olamide7920/scalp_disease_project/main/datasets/hair_only/scalp_diseases/contact_dermatitis/contact_dermatitis_0263_jpg.rf.jmVDPWG5hsg7z4cigGGt.jpg,datasets/hair_only/scalp_diseases/contact_dermatitis/contact_dermatitis_0263_jpg.rf.jmVDPWG5hsg7z4cigGGt.jpg
https://raw.githubusercontent.com/Olamide7920/scalp_disease_project/main/datasets/hair_only/scalp_diseases/contact_dermatitis/contact_dermatitis_0264_jpg.rf.HCjcPhdtHoku729FyRTd.jpg,datasets/hair_only/scalp_diseases/contact_dermatitis/contact_dermatitis_0264_jpg.rf.HCjcPhdtHoku729FyRTd.jpg
https://raw.githubusercontent.com/Olamide7920/scalp_disease_project/main/datasets/hair_only/scalp_diseases/contact_dermatitis/contact_dermatitis_0265_jpg.rf.awF0ihBTbSeumqCLIQ6d.jpg,datasets/hair_only/scalp_diseases/contact_dermatitis/contact_dermatitis_0265_jpg.rf.awF0ihBTbSeumqCLIQ6d.jpg
https://raw.githubusercontent.com/Olamide7920/scalp_disease_project/main/datasets/hair_only/scalp_diseases/contact_dermatitis/contact_dermatitis_0266_jpg.rf.RGV66TEz4XPmBin6pgpX.jpg,datasets/hair_only/scalp_diseases/contact_dermatitis/contact_dermatitis_0266_jpg.rf.RGV66TEz4XPmBin6pgpX.jpg
https://raw.githubusercontent.com/Olamide7920/scalp_disease_project/main/datasets/hair_only/scalp_diseases/contact_dermatitis/contact_dermatitis_0267_jpg.rf.eLHYTSFWEQCR3oxGJVzT.jpg,datasets/hair_only/scalp_diseases/contact_dermatitis/contact_dermatitis_0267_jpg.rf.eLHYTSFWEQCR3oxGJVzT.jpg
https://raw.githubusercontent.com/Olamide7920/scalp_disease_project/main/datasets/hair_only/scalp_diseases/contact_dermatitis/contact_dermatitis_0268_jpg.rf.MO7aHaCPEF8fyXSdLWnQ.jpg,datasets/hair_only/scalp_diseases/contact_dermatitis/contact_dermatitis_0268_jpg.rf.MO7aHaCPEF8fyXSdLWnQ.jpg
https://raw.githubusercontent.com/Olamide7920/scalp_disease_project/main/datasets/hair_only/scalp_diseases/contact_dermatitis/contact_dermatitis_0269_jpg.rf.zLm6erDUguJNGPd7JQK5.jpg,datasets/hair_only/scalp_diseases/contact_dermatitis/contact_dermatitis_0269_jpg.rf.zLm6erDUguJNGPd7JQK5.jpg
https://raw.githubusercontent.com/Olamide7920/scalp_disease_project/main/datasets/hair_only/scalp_diseases/contact_dermatitis/contact_dermatitis_0270_jpg.rf.YdrbiqaplkBuWSyFDnNO.jpg,datasets/hair_only/scalp_diseases/contact_dermatitis/contact_dermatitis_0270_jpg.rf.YdrbiqaplkBuWSyFDnNO.jpg
https://raw.githubusercontent.com/Olamide7920/scalp_disease_project/main/datasets/hair_only/scalp_diseases/contact_dermatitis/contact_dermatitis_0271_jpg.rf.tqFYDG4eXJF6gboVcnvS.jpg,datasets/hair_only/scalp_diseases/contact_dermatitis/contact_dermatitis_0271_jpg.rf.tqFYDG4eXJF6gboVcnvS.jpg
https://raw.githubusercontent.com/Olamide7920/scalp_disease_project/main/datasets/hair_only/scalp_diseases/contact_dermatitis/contact_dermatitis_0272_jpg.rf.OgwRo2UvbhX8PEB1jmVb.jpg,datasets/hair_only/scalp_diseases/contact_dermatitis/contact_dermatitis_0272_jpg.rf.OgwRo2UvbhX8PEB1jmVb.jpg
https://raw.githubusercontent.com/Olamide7920/scalp_disease_project/main/datasets/hair_only/scalp_diseases/contact_dermatitis/contact_dermatitis_0273_jpg.rf.j4Iw4xifn3Hjp8bCgyhv.jpg,datasets/hair_only/scalp_diseases/contact_dermatitis/contact_dermatitis_0273_jpg.rf.j4Iw4xifn3Hjp8bCgyhv.jpg
https://raw.githubusercontent.com/Olamide7920/scalp_disease_project/main/datasets/hair_only/scalp_diseases/contact_dermatitis/contact_dermatitis_0274_jpg.rf.c7W0UgIszS3lMH4YOalB.jpg,datasets/hair_only/scalp_diseases/contact_dermatitis/contact_dermatitis_0274_jpg.rf.c7W0UgIszS3lMH4YOalB.jpg
https://raw.githubusercontent.com/Olamide7920/scalp_disease_project/main/datasets/hair_only/scalp_diseases/contact_dermatitis/contact_dermatitis_0275_jpg.rf.3r8v1zBeUKnkXKHv3AIh.jpg,datasets/hair_only/scalp_diseases/contact_dermatitis/contact_dermatitis_0275_jpg.rf.3r8v1zBeUKnkXKHv3AIh.jpg
https://raw.githubusercontent.com/Olamide7920/scalp_disease_project/main/datasets/hair_only/scalp_diseases/contact_dermatitis/contact_dermatitis_0276_jpg.rf.wdqjuMpeBllRMjKo9rtL.jpg,datasets/hair_only/scalp_diseases/contact_dermatitis/contact_dermatitis_0276_jpg.rf.wdqjuMpeBllRMjKo9rtL.jpg
https://raw.githubusercontent.com/Olamide7920/scalp_disease_project/main/datasets/hair_only/scalp_diseases/contact_dermatitis/contact_dermatitis_0277_jpg.rf.0vgLbC3ibOr0WkGjgtxE.jpg,datasets/hair_only/scalp_diseases/contact_dermatitis/contact_dermatitis_0277_jpg.rf.0vgLbC3ibOr0WkGjgtxE.jpg
https://raw.githubusercontent.com/Olamide7920/scalp_disease_project/main/datasets/hair_only/scalp_diseases/contact_dermatitis/contact_dermatitis_0278_jpg.rf.XaCc2z2OcI32dX8guoex.jpg,datasets/hair_only/scalp_diseases/contact_dermatitis/contact_dermatitis_0278_jpg.rf.XaCc2z2OcI32dX8guoex.jpg
https://raw.githubusercontent.com/Olamide7920/scalp_disease_project/main/datasets/hair_only/scalp_diseases/contact_dermatitis/contact_dermatitis_0279_jpg.rf.gesO4OBM1CUA11GhRVJ7.jpg,datasets/hair_only/scalp_diseases/contact_dermatitis/contact_dermatitis_0279_jpg.rf.gesO4OBM1CUA11GhRVJ7.jpg
https://raw.githubusercontent.com/Olamide7920/scalp_disease_project/main/datasets/hair_only/scalp_diseases/contact_dermatitis/contact_dermatitis_0280_jpg.rf.sin6KTg7UmEv5Xl8Xr9y.jpg,datasets/hair_only/scalp_diseases/contact_dermatitis/contact_dermatitis_0280_jpg.rf.sin6KTg7UmEv5Xl8Xr9y.jpg
https://raw.githubusercontent.com/Olamide7920/scalp_disease_project/main/datasets/hair_only/scalp_diseases/contact_dermatitis/contact_dermatitis_0281_jpg.rf.nI68LZ93I8rcvywPaGdv.jpg,datasets/hair_only/scalp_diseases/contact_dermatitis/contact_dermatitis_0281_jpg.rf.nI68LZ93I8rcvywPaGdv.jpg
https://raw.githubusercontent.com/Olamide7920/scalp_disease_project/main/datasets/hair_only/scalp_diseases/contact_dermatitis/contact_dermatitis_0282_jpg.rf.eUjdt7f4xgvmuULM7Wir.jpg,datasets/hair_only/scalp_diseases/contact_dermatitis/contact_dermatitis_0282_jpg.rf.eUjdt7f4xgvmuULM7Wir.jpg
https://raw.githubusercontent.com/Olamide7920/scalp_disease_project/main/datasets/hair_only/scalp_diseases/contact_dermatitis/contact_dermatitis_0283_jpg.rf.WvBBrkjioPT4aU20fnWz.jpg,datasets/hair_only/scalp_diseases/contact_dermatitis/contact_dermatitis_0283_jpg.rf.WvBBrkjioPT4aU20fnWz.jpg
https://raw.githubusercontent.com/Olamide7920/scalp_disease_project/main/datasets/hair_only/scalp_diseases/contact_dermatitis/contact_dermatitis_0284_jpg.rf.Lih8YISjNPjtPnGoeLNe.jpg,datasets/hair_only/scalp_diseases/contact_dermatitis/contact_dermatitis_0284_jpg.rf.Lih8YISjNPjtPnGoeLNe.jpg
https://raw.githubusercontent.com/Olamide7920/scalp_disease_project/main/datasets/hair_only/scalp_diseases/contact_dermatitis/contact_dermatitis_0285_jpg.rf.QXL2M6kg3CssjG9J4Aec.jpg,datasets/hair_only/scalp_diseases/contact_dermatitis/contact_dermatitis_0285_jpg.rf.QXL2M6kg3CssjG9J4Aec.jpg
https://raw.githubusercontent.com/Olamide7920/scalp_disease_project/main/datasets/hair_only/scalp_diseases/contact_dermatitis/contact_dermatitis_0286_jpg.rf.hQRQRXsuHoWkr8KuA6VZ.jpg,datasets/hair_only/scalp_diseases/contact_dermatitis/contact_dermatitis_0286_jpg.rf.hQRQRXsuHoWkr8KuA6VZ.jpg
https://raw.githubusercontent.com/Olamide7920/scalp_disease_project/main/datasets/hair_only/scalp_diseases/contact_dermatitis/contact_dermatitis_0287_jpg.rf.FZ8i5kv20Eg2xNIRhXlW.jpg,datasets/hair_only/scalp_diseases/contact_dermatitis/contact_dermatitis_0287_jpg.rf.FZ8i5kv20Eg2xNIRhXlW.jpg
https://raw.githubusercontent.com/Olamide7920/scalp_disease_project/main/datasets/hair_only/scalp_diseases/contact_dermatitis/contact_dermatitis_0288_jpg.rf.7l6UdC42Rt7Eo7fKKURK.jpg,datasets/hair_only/scalp_diseases/contact_dermatitis/contact_dermatitis_0288_jpg.rf.7l6UdC42Rt7Eo7fKKURK.jpg
https://raw.githubusercontent.com/Olamide7920/scalp_disease_project/main/datasets/hair_only/scalp_diseases/contact_dermatitis/contact_dermatitis_0289_jpg.rf.DMnCMrvukbvfLegRciVS.jpg,datasets/hair_only/scalp_diseases/contact_dermatitis/contact_dermatitis_0289_jpg.rf.DMnCMrvukbvfLegRciVS.jpg
https://raw.githubusercontent.com/Olamide7920/scalp_disease_project/main/datasets/hair_only/scalp_diseases/contact_dermatitis/contact_dermatitis_0290_jpg.rf.0A8N8Nx4914mn2ant0N3.jpg,datasets/hair_only/scalp_diseases/contact_dermatitis/contact_dermatitis_0290_jpg.rf.0A8N8Nx4914mn2ant0N3.jpg
https://raw.githubusercontent.com/Olamide7920/scalp_disease_project/main/datasets/hair_only/scalp_diseases/contact_dermatitis/contact_dermatitis_0291_jpg.rf.79IoTGqU3veI9vhQ2Byz.jpg,datasets/hair_only/scalp_diseases/contact_dermatitis/contact_dermatitis_0291_jpg.rf.79IoTGqU3veI9vhQ2Byz.jpg
https://raw.githubusercontent.com/Olamide7920/scalp_disease_project/main/datasets/hair_only/scalp_diseases/contact_dermatitis/contact_dermatitis_0292_jpg.rf.CAIMren3LNjqoHtAsNdS.jpg,datasets/hair_only/scalp_diseases/contact_dermatitis/contact_dermatitis_0292_jpg.rf.CAIMren3LNjqoHtAsNdS.jpg
https://raw.githubusercontent.com/Olamide7920/scalp_disease_project/main/datasets/hair_only/scalp_diseases/contact_dermatitis/contact_dermatitis_0293_jpg.rf.KZBjRLIdXRGIiRWhAJre.jpg,datasets/hair_only/scalp_diseases/contact_dermatitis/contact_dermatitis_0293_jpg.rf.KZBjRLIdXRGIiRWhAJre.jpg
https://raw.githubusercontent.com/Olamide7920/scalp_disease_project/main/datasets/hair_only/scalp_diseases/contact_dermatitis/contact_dermatitis_0294_jpg.rf.xSX568ebh9pLCv9yg2DQ.jpg,datasets/hair_only/scalp_diseases/contact_dermatitis/contact_dermatitis_0294_jpg.rf.xSX568ebh9pLCv9yg2DQ.jpg
https://raw.githubusercontent.com/Olamide7920/scalp_disease_project/main/datasets/hair_only/scalp_diseases/contact_dermatitis/contact_dermatitis_0295_jpg.rf.CbEJ0ksf9XErUXXkO1nW.jpg,datasets/hair_only/scalp_diseases/contact_dermatitis/contact_dermatitis_0295_jpg.rf.CbEJ0ksf9XErUXXkO1nW.jpg
https://raw.githubusercontent.com/Olamide7920/scalp_disease_project/main/datasets/hair_only/scalp_diseases/contact_dermatitis/contact_dermatitis_0296_jpg.rf.NkhkNmupAQYZIKlMd8sZ.jpg,datasets/hair_only/scalp_diseases/contact_dermatitis/contact_dermatitis_0296_jpg.rf.NkhkNmupAQYZIKlMd8sZ.jpg
https://raw.githubusercontent.com/Olamide7920/scalp_disease_project/main/datasets/hair_only/scalp_diseases/contact_dermatitis/contact_dermatitis_0297_jpg.rf.JHPDcWc5Dnchbg266gqK.jpg,datasets/hair_only/scalp_diseases/contact_dermatitis/contact_dermatitis_0297_jpg.rf.JHPDcWc5Dnchbg266gqK.jpg
https://raw.githubusercontent.com/Olamide7920/scalp_disease_project/main/datasets/hair_only/scalp_diseases/contact_dermatitis/contact_dermatitis_0298_jpg.rf.m5sEk7nKGxYUfatXBPOC.jpg,datasets/hair_only/scalp_diseases/contact_dermatitis/contact_dermatitis_0298_jpg.rf.m5sEk7nKGxYUfatXBPOC.jpg
https://raw.githubusercontent.com/Olamide7920/scalp_disease_project/main/datasets/hair_only/scalp_diseases/contact_dermatitis/contact_dermatitis_0299_jpg.rf.2tHSLDk5OGLtxgRJnsXF.jpg,datasets/hair_only/scalp_diseases/contact_dermatitis/contact_dermatitis_0299_jpg.rf.2tHSLDk5OGLtxgRJnsXF.jpg
https://raw.githubusercontent.com/Olamide7920/scalp_disease_project/main/datasets/hair_only/scalp_diseases/contact_dermatitis/contact_dermatitis_0300_jpg.rf.ea0hM1qPEdhfIPFDSSrv.jpg,datasets/hair_only/scalp_diseases/contact_dermatitis/contact_dermatitis_0300_jpg.rf.ea0hM1qPEdhfIPFDSSrv.jpg
https://raw.githubusercontent.com/Olamide7920/scalp_disease_project/main/datasets/hair_only/scalp_diseases/contact_dermatitis/contact_dermatitis_0301_jpg.rf.sfcWnFxMvVqgUFytTnop.jpg,datasets/hair_only/scalp_diseases/contact_dermatitis/contact_dermatitis_0301_jpg.rf.sfcWnFxMvVqgUFytTnop.jpg
https://raw.githubusercontent.com/Olamide7920/scalp_disease_project/main/datasets/hair_only/scalp_diseases/contact_dermatitis/contact_dermatitis_0302_jpg.rf.r7HzFg6kTnrkaXctGQdr.jpg,datasets/hair_only/scalp_diseases/contact_dermatitis/contact_dermatitis_0302_jpg.rf.r7HzFg6kTnrkaXctGQdr.jpg
https://raw.githubusercontent.com/Olamide7920/scalp_disease_project/main/datasets/hair_only/scalp_diseases/contact_dermatitis/contact_dermatitis_0303_jpg.rf.k8eb4KTLbYwy8ghybfsh.jpg,datasets/hair_only/scalp_diseases/contact_dermatitis/contact_dermatitis_0303_jpg.rf.k8eb4KTLbYwy8ghybfsh.jpg
https://raw.githubusercontent.com/Olamide7920/scalp_disease_project/main/datasets/hair_only/scalp_diseases/contact_dermatitis/contact_dermatitis_0304_jpg.rf.DNo0ZkISyiTOt4r8Z0ar.jpg,datasets/hair_only/scalp_diseases/contact_dermatitis/contact_dermatitis_0304_jpg.rf.DNo0ZkISyiTOt4r8Z0ar.jpg
https://raw.githubusercontent.com/Olamide7920/scalp_disease_project/main/datasets/hair_only/scalp_diseases/contact_dermatitis/contact_dermatitis_0305_jpg.rf.i1sibqpd5h7cOnL3Uo73.jpg,datasets/hair_only/scalp_diseases/contact_dermatitis/contact_dermatitis_0305_jpg.rf.i1sibqpd5h7cOnL3Uo73.jpg
https://raw.githubusercontent.com/Olamide7920/scalp_disease_project/main/datasets/hair_only/scalp_diseases/contact_dermatitis/contact_dermatitis_0306_jpg.rf.JFf0ysdd3DAqafxGAieL.jpg,datasets/hair_only/scalp_diseases/contact_dermatitis/contact_dermatitis_0306_jpg.rf.JFf0ysdd3DAqafxGAieL.jpg
https://raw.githubusercontent.com/Olamide7920/scalp_disease_project/main/datasets/hair_only/scalp_diseases/contact_dermatitis/contact_dermatitis_0307_jpg.rf.MWC4N9rKZDc4qcL9qMBa.jpg,datasets/hair_only/scalp_diseases/contact_dermatitis/contact_dermatitis_0307_jpg.rf.MWC4N9rKZDc4qcL9qMBa.jpg
https://raw.githubusercontent.com/Olamide7920/scalp_disease_project/main/datasets/hair_only/scalp_diseases/contact_dermatitis/contact_dermatitis_0308_jpg.rf.22EuFVoBafCZCL2XSIs9.jpg,datasets/hair_only/scalp_diseases/contact_dermatitis/contact_dermatitis_0308_jpg.rf.22EuFVoBafCZCL2XSIs9.jpg
https://raw.githubusercontent.com/Olamide7920/scalp_disease_project/main/datasets/hair_only/scalp_diseases/contact_dermatitis/contact_dermatitis_0309_jpg.rf.0K5hxma9wBxTQmJIF86M.jpg,datasets/hair_only/scalp_diseases/contact_dermatitis/contact_dermatitis_0309_jpg.rf.0K5hxma9wBxTQmJIF86M.jpg
https://raw.githubusercontent.com/Olamide7920/scalp_disease_project/main/datasets/hair_only/scalp_diseases/contact_dermatitis/contact_dermatitis_0310_jpg.rf.7WlD595EZj7jJkO6jVoU.jpg,datasets/hair_only/scalp_diseases/contact_dermatitis/contact_dermatitis_0310_jpg.rf.7WlD595EZj7jJkO6jVoU.jpg
https://raw.githubusercontent.com/Olamide7920/scalp_disease_project/main/datasets/hair_only/scalp_diseases/contact_dermatitis/contact_dermatitis_0311_jpg.rf.QcpSfwhaovZHM2rPxNK5.jpg,datasets/hair_only/scalp_diseases/contact_dermatitis/contact_dermatitis_0311_jpg.rf.QcpSfwhaovZHM2rPxNK5.jpg
https://raw.githubusercontent.com/Olamide7920/scalp_disease_project/main/datasets/hair_only/scalp_diseases/contact_dermatitis/contact_dermatitis_0312_jpg.rf.lVSuLzKdJneKWg89aiEQ.jpg,datasets/hair_only/scalp_diseases/contact_dermatitis/contact_dermatitis_0312_jpg.rf.lVSuLzKdJneKWg89aiEQ.jpg
https://raw.githubusercontent.com/Olamide7920/scalp_disease_project/main/datasets/hair_only/scalp_diseases/contact_dermatitis/contact_dermatitis_0313_jpg.rf.ywG73fYJEf9P6w2awXdo.jpg,datasets/hair_only/scalp_diseases/contact_dermatitis/contact_dermatitis_0313_jpg.rf.ywG73fYJEf9P6w2awXdo.jpg
https://raw.githubusercontent.com/Olamide7920/scalp_disease_project/main/datasets/hair_only/scalp_diseases/contact_dermatitis/contact_dermatitis_0314_jpg.rf.DmWyb840yjkitGxaHxfF.jpg,datasets/hair_only/scalp_diseases/contact_dermatitis/contact_dermatitis_0314_jpg.rf.DmWyb840yjkitGxaHxfF.jpg
https://raw.githubusercontent.com/Olamide7920/scalp_disease_project/main/datasets/hair_only/scalp_diseases/contact_dermatitis/contact_dermatitis_0315_jpg.rf.ce7iVlRdyX8vR75UtHjb.jpg,datasets/hair_only/scalp_diseases/contact_dermatitis/contact_dermatitis_0315_jpg.rf.ce7iVlRdyX8vR75UtHjb.jpg
https://raw.githubusercontent.com/Olamide7920/scalp_disease_project/main/datasets/hair_only/scalp_diseases/contact_dermatitis/contact_dermatitis_0316_jpg.rf.3C4yksfgxdGPnj6YgvcP.jpg,datasets/hair_only/scalp_diseases/contact_dermatitis/contact_dermatitis_0316_jpg.rf.3C4yksfgxdGPnj6YgvcP.jpg
https://raw.githubusercontent.com/Olamide7920/scalp_disease_project/main/datasets/hair_only/scalp_diseases/contact_dermatitis/contact_dermatitis_0317_jpg.rf.6gADPd4JyzGJ1A9clETl.jpg,datasets/hair_only/scalp_diseases/contact_dermatitis/contact_dermatitis_0317_jpg.rf.6gADPd4JyzGJ1A9clETl.jpg
https://raw.githubusercontent.com/Olamide7920/scalp_disease_project/main/datasets/hair_only/scalp_diseases/contact_dermatitis/contact_dermatitis_0318_jpg.rf.S3GHjyZbRo9dLcvUJBwk.jpg,datasets/hair_only/scalp_diseases/contact_dermatitis/contact_dermatitis_0318_jpg.rf.S3GHjyZbRo9dLcvUJBwk.jpg
https://raw.githubusercontent.com/Olamide7920/scalp_disease_project/main/datasets/hair_only/scalp_diseases/contact_dermatitis/contact_dermatitis_0319_jpg.rf.gh1NXwUkMUDXTXe8h038.jpg,datasets/hair_only/scalp_diseases/contact_dermatitis/contact_dermatitis_0319_jpg.rf.gh1NXwUkMUDXTXe8h038.jpg
https://raw.githubusercontent.com/Olamide7920/scalp_disease_project/main/datasets/hair_only/scalp_diseases/contact_dermatitis/contact_dermatitis_0320_jpg.rf.yzkEjuDQ7argXY0u9x9X.jpg,datasets/hair_only/scalp_diseases/contact_dermatitis/contact_dermatitis_0320_jpg.rf.yzkEjuDQ7argXY0u9x9X.jpg
https://raw.githubusercontent.com/Olamide7920/scalp_disease_project/main/datasets/hair_only/scalp_diseases/contact_dermatitis/contact_dermatitis_0321_jpg.rf.5lMZ4QDNJSRogXrIq0fP.jpg,datasets/hair_only/scalp_diseases/contact_dermatitis/contact_dermatitis_0321_jpg.rf.5lMZ4QDNJSRogXrIq0fP.jpg
https://raw.githubusercontent.com/Olamide7920/scalp_disease_project/main/datasets/hair_only/scalp_diseases/contact_dermatitis/contact_dermatitis_0322_jpg.rf.hUp0e5nu6i99A1AI7E6Q.jpg,datasets/hair_only/scalp_diseases/contact_dermatitis/contact_dermatitis_0322_jpg.rf.hUp0e5nu6i99A1AI7E6Q.jpg
https://raw.githubusercontent.com/Olamide7920/scalp_disease_project/main/datasets/hair_only/scalp_diseases/contact_dermatitis/contact_dermatitis_0323_jpg.rf.ODlzCUTZE02hO1qDa6DS.jpg,datasets/hair_only/scalp_diseases/contact_dermatitis/contact_dermatitis_0323_jpg.rf.ODlzCUTZE02hO1qDa6DS.jpg
https://raw.githubusercontent.com/Olamide7920/scalp_disease_project/main/datasets/hair_only/scalp_diseases/contact_dermatitis/contact_dermatitis_0324_jpg.rf.iCMputUxwffYObeHKbU3.jpg,datasets/hair_only/scalp_diseases/contact_dermatitis/contact_dermatitis_0324_jpg.rf.iCMputUxwffYObeHKbU3.jpg
https://raw.githubusercontent.com/Olamide7920/scalp_disease_project/main/datasets/hair_only/scalp_diseases/contact_dermatitis/contact_dermatitis_0325_jpg.rf.09PoiMbuuUsbJapcl7Gx.jpg,datasets/hair_only/scalp_diseases/contact_dermatitis/contact_dermatitis_0325_jpg.rf.09PoiMbuuUsbJapcl7Gx.jpg
https://raw.githubusercontent.com/Olamide7920/scalp_disease_project/main/datasets/hair_only/scalp_diseases/contact_dermatitis/contact_dermatitis_0326_jpg.rf.14vchWrL9z4vB8pWiTbS.jpg,datasets/hair_only/scalp_diseases/contact_dermatitis/contact_dermatitis_0326_jpg.rf.14vchWrL9z4vB8pWiTbS.jpg
https://raw.githubusercontent.com/Olamide7920/scalp_disease_project/main/datasets/hair_only/scalp_diseases/contact_dermatitis/contact_dermatitis_0327_jpg.rf.xlGghf1GiCWjRiByLBAI.jpg,datasets/hair_only/scalp_diseases/contact_dermatitis/contact_dermatitis_0327_jpg.rf.xlGghf1GiCWjRiByLBAI.jpg
https://raw.githubusercontent.com/Olamide7920/scalp_disease_project/main/datasets/hair_only/scalp_diseases/contact_dermatitis/contact_dermatitis_0328_jpg.rf.98m36zSg9vQC3XSb0luy.jpg,datasets/hair_only/scalp_diseases/contact_dermatitis/contact_dermatitis_0328_jpg.rf.98m36zSg9vQC3XSb0luy.jpg
https://raw.githubusercontent.com/Olamide7920/scalp_disease_project/main/datasets/hair_only/scalp_diseases/contact_dermatitis/contact_dermatitis_0329_jpg.rf.yhVk9LAw03OUq8tPdVk8.jpg,datasets/hair_only/scalp_diseases/contact_dermatitis/contact_dermatitis_0329_jpg.rf.yhVk9LAw03OUq8tPdVk8.jpg
https://raw.githubusercontent.com/Olamide7920/scalp_disease_project/main/datasets/hair_only/scalp_diseases/contact_dermatitis/contact_dermatitis_0330_jpg.rf.xVk3bYJwT1G1VDNjMf3T.jpg,datasets/hair_only/scalp_diseases/contact_dermatitis/contact_dermatitis_0330_jpg.rf.xVk3bYJwT1G1VDNjMf3T.jpg
https://raw.githubusercontent.com/Olamide7920/scalp_disease_project/main/datasets/hair_only/scalp_diseases/contact_dermatitis/contact_dermatitis_0331_jpg.rf.314i9lHxsJare1ApOp5Y.jpg,datasets/hair_only/scalp_diseases/contact_dermatitis/contact_dermatitis_0331_jpg.rf.314i9lHxsJare1ApOp5Y.jpg
https://raw.githubusercontent.com/Olamide7920/scalp_disease_project/main/datasets/hair_only/scalp_diseases/contact_dermatitis/contact_dermatitis_0332_jpg.rf.hWDjHHgprm8KgcbAtYU2.jpg,datasets/hair_only/scalp_diseases/contact_dermatitis/contact_dermatitis_0332_jpg.rf.hWDjHHgprm8KgcbAtYU2.jpg
https://raw.githubusercontent.com/Olamide7920/scalp_disease_project/main/datasets/hair_only/scalp_diseases/contact_dermatitis/contact_dermatitis_0333_jpg.rf.65LVaUxJiC4JyNoBX1GL.jpg,datasets/hair_only/scalp_diseases/contact_dermatitis/contact_dermatitis_0333_jpg.rf.65LVaUxJiC4JyNoBX1GL.jpg
https://raw.githubusercontent.com/Olamide7920/scalp_disease_project/main/datasets/hair_only/scalp_diseases/contact_dermatitis/contact_dermatitis_0334_jpg.rf.DAQKri7j6oCrREsr94p0.jpg,datasets/hair_only/scalp_diseases/contact_dermatitis/contact_dermatitis_0334_jpg.rf.DAQKri7j6oCrREsr94p0.jpg
https://raw.githubusercontent.com/Olamide7920/scalp_disease_project/main/datasets/hair_only/scalp_diseases/contact_dermatitis/contact_dermatitis_0335_jpg.rf.b5bmZUp1t2C0TXkCbzgZ.jpg,datasets/hair_only/scalp_diseases/contact_dermatitis/contact_dermatitis_0335_jpg.rf.b5bmZUp1t2C0TXkCbzgZ.jpg
https://raw.githubusercontent.com/Olamide7920/scalp_disease_project/main/datasets/hair_only/scalp_diseases/contact_dermatitis/contact_dermatitis_0336_jpg.rf.O2KhQx6R4HIGUDitQJdB.jpg,datasets/hair_only/scalp_diseases/contact_dermatitis/contact_dermatitis_0336_jpg.rf.O2KhQx6R4HIGUDitQJdB.jpg
https://raw.githubusercontent.com/Olamide7920/scalp_disease_project/main/datasets/hair_only/scalp_diseases/contact_dermatitis/contact_dermatitis_0337_jpg.rf.tCrmdW0uSiCZQhgLQvgZ.jpg,datasets/hair_only/scalp_diseases/contact_dermatitis/contact_dermatitis_0337_jpg.rf.tCrmdW0uSiCZQhgLQvgZ.jpg
https://raw.githubusercontent.com/Olamide7920/scalp_disease_project/main/datasets/hair_only/scalp_diseases/contact_dermatitis/contact_dermatitis_0338_jpg.rf.KpFFQtddtCkPl5E6tkju.jpg,datasets/hair_only/scalp_diseases/contact_dermatitis/contact_dermatitis_0338_jpg.rf.KpFFQtddtCkPl5E6tkju.jpg
https://raw.githubusercontent.com/Olamide7920/scalp_disease_project/main/datasets/hair_only/scalp_diseases/contact_dermatitis/contact_dermatitis_0339_jpg.rf.27zl4QTMhFY2eeey9R7l.jpg,datasets/hair_only/scalp_diseases/contact_dermatitis/contact_dermatitis_0339_jpg.rf.27zl4QTMhFY2eeey9R7l.jpg
https://raw.githubusercontent.com/Olamide7920/scalp_disease_project/main/datasets/hair_only/scalp_diseases/contact_dermatitis/contact_dermatitis_0340_jpg.rf.076vAmAz5tYCcGx2Bfqu.jpg,datasets/hair_only/scalp_diseases/contact_dermatitis/contact_dermatitis_0340_jpg.rf.076vAmAz5tYCcGx2Bfqu.jpg
https://raw.githubusercontent.com/Olamide7920/scalp_disease_project/main/datasets/hair_only/scalp_diseases/contact_dermatitis/contact_dermatitis_0341_jpg.rf.xKJsHIoSrxbElH845JEF.jpg,datasets/hair_only/scalp_diseases/contact_dermatitis/contact_dermatitis_0341_jpg.rf.xKJsHIoSrxbElH845JEF.jpg
https://raw.githubusercontent.com/Olamide7920/scalp_disease_project/main/datasets/hair_only/scalp_diseases/contact_dermatitis/contact_dermatitis_0342_jpg.rf.LWh7JUOoG5i6edjP4IoO.jpg,datasets/hair_only/scalp_diseases/contact_dermatitis/contact_dermatitis_0342_jpg.rf.LWh7JUOoG5i6edjP4IoO.jpg
https://raw.githubusercontent.com/Olamide7920/scalp_disease_project/main/datasets/hair_only/scalp_diseases/contact_dermatitis/contact_dermatitis_0343_jpg.rf.hK6LOfoppKS3LhBr2xBc.jpg,datasets/hair_only/scalp_diseases/contact_dermatitis/contact_dermatitis_0343_jpg.rf.hK6LOfoppKS3LhBr2xBc.jpg
https://raw.githubusercontent.com/Olamide7920/scalp_disease_project/main/datasets/hair_only/scalp_diseases/contact_dermatitis/contact_dermatitis_0344_jpg.rf.2wfHg5PHMRLJn9IRpmmd.jpg,datasets/hair_only/scalp_diseases/contact_dermatitis/contact_dermatitis_0344_jpg.rf.2wfHg5PHMRLJn9IRpmmd.jpg
https://raw.githubusercontent.com/Olamide7920/scalp_disease_project/main/datasets/hair_only/scalp_diseases/contact_dermatitis/contact_dermatitis_0345_jpg.rf.ha7uIdWSpzwY2Ue3edCt.jpg,datasets/hair_only/scalp_diseases/contact_dermatitis/contact_dermatitis_0345_jpg.rf.ha7uIdWSpzwY2Ue3edCt.jpg
https://raw.githubusercontent.com/Olamide7920/scalp_disease_project/main/datasets/hair_only/scalp_diseases/contact_dermatitis/contact_dermatitis_0346_jpg.rf.1HyO3a5vc2anRh0JDIRY.jpg,datasets/hair_only/scalp_diseases/contact_dermatitis/contact_dermatitis_0346_jpg.rf.1HyO3a5vc2anRh0JDIRY.jpg
https://raw.githubusercontent.com/Olamide7920/scalp_disease_project/main/datasets/hair_only/scalp_diseases/contact_dermatitis/contact_dermatitis_0347_jpg.rf.uUrlIIuDyC33b93SusyL.jpg,datasets/hair_only/scalp_diseases/contact_dermatitis/contact_dermatitis_0347_jpg.rf.uUrlIIuDyC33b93SusyL.jpg
https://raw.githubusercontent.com/Olamide7920/scalp_disease_project/main/datasets/hair_only/scalp_diseases/contact_dermatitis/contact_dermatitis_0348_jpg.rf.MBMzjgOIE9LgH2Ks8tQf.jpg,datasets/hair_only/scalp_diseases/contact_dermatitis/contact_dermatitis_0348_jpg.rf.MBMzjgOIE9LgH2Ks8tQf.jpg
https://raw.githubusercontent.com/Olamide7920/scalp_disease_project/main/datasets/hair_only/scalp_diseases/contact_dermatitis/contact_dermatitis_0349_jpg.rf.UYoesFXZipPugdvX19ZO.jpg,datasets/hair_only/scalp_diseases/contact_dermatitis/contact_dermatitis_0349_jpg.rf.UYoesFXZipPugdvX19ZO.jpg
https://raw.githubusercontent.com/Olamide7920/scalp_disease_project/main/datasets/hair_only/scalp_diseases/contact_dermatitis/contact_dermatitis_0350_jpg.rf.IYZEZkPXxgwnlb5bOfLL.jpg,datasets/hair_only/scalp_diseases/contact_dermatitis/contact_dermatitis_0350_jpg.rf.IYZEZkPXxgwnlb5bOfLL.jpg
https://raw.githubusercontent.com/Olamide7920/scalp_disease_project/main/datasets/hair_only/scalp_diseases/contact_dermatitis/contact_dermatitis_0351_jpg.rf.9qnYJNECjY9aCkZP1vHc.jpg,datasets/hair_only/scalp_diseases/contact_dermatitis/contact_dermatitis_0351_jpg.rf.9qnYJNECjY9aCkZP1vHc.jpg
https://raw.githubusercontent.com/Olamide7920/scalp_disease_project/main/datasets/hair_only/scalp_diseases/contact_dermatitis/contact_dermatitis_0352_jpg.rf.wHmoKXwZfs4ZwWuOZTBV.jpg,datasets/hair_only/scalp_diseases/contact_dermatitis/contact_dermatitis_0352_jpg.rf.wHmoKXwZfs4ZwWuOZTBV.jpg
https://raw.githubusercontent.com/Olamide7920/scalp_disease_project/main/datasets/hair_only/scalp_diseases/contact_dermatitis/contact_dermatitis_0353_jpg.rf.Gx4fTj38JGjJX6E4Em9A.jpg,datasets/hair_only/scalp_diseases/contact_dermatitis/contact_dermatitis_0353_jpg.rf.Gx4fTj38JGjJX6E4Em9A.jpg
https://raw.githubusercontent.com/Olamide7920/scalp_disease_project/main/datasets/hair_only/scalp_diseases/contact_dermatitis/contact_dermatitis_0354_jpg.rf.foONtKQyPQ788CHXq8Jq.jpg,datasets/hair_only/scalp_diseases/contact_dermatitis/contact_dermatitis_0354_jpg.rf.foONtKQyPQ788CHXq8Jq.jpg
https://raw.githubusercontent.com/Olamide7920/scalp_disease_project/main/datasets/hair_only/scalp_diseases/contact_dermatitis/contact_dermatitis_0355_jpg.rf.msp5yr5ROEPip8VG49Vy.jpg,datasets/hair_only/scalp_diseases/contact_dermatitis/contact_dermatitis_0355_jpg.rf.msp5yr5ROEPip8VG49Vy.jpg
https://raw.githubusercontent.com/Olamide7920/scalp_disease_project/main/datasets/hair_only/scalp_diseases/contact_dermatitis/contact_dermatitis_0356_jpg.rf.KxpYn9TLsoJvZE3tW7nz.jpg,datasets/hair_only/scalp_diseases/contact_dermatitis/contact_dermatitis_0356_jpg.rf.KxpYn9TLsoJvZE3tW7nz.jpg
https://raw.githubusercontent.com/Olamide7920/scalp_disease_project/main/datasets/hair_only/scalp_diseases/contact_dermatitis/contact_dermatitis_0357_jpg.rf.MCrt2ZIOYODTqNR1NlC8.jpg,datasets/hair_only/scalp_diseases/contact_dermatitis/contact_dermatitis_0357_jpg.rf.MCrt2ZIOYODTqNR1NlC8.jpg
https://raw.githubusercontent.com/Olamide7920/scalp_disease_project/main/datasets/hair_only/scalp_diseases/contact_dermatitis/contact_dermatitis_0358_jpg.rf.eJNAXQVLXCW7liLQxQMI.jpg,datasets/hair_only/scalp_diseases/contact_dermatitis/contact_dermatitis_0358_jpg.rf.eJNAXQVLXCW7liLQxQMI.jpg
https://raw.githubusercontent.com/Olamide7920/scalp_disease_project/main/datasets/hair_only/scalp_diseases/contact_dermatitis/contact_dermatitis_0359_jpg.rf.pn4W2hfYiM9BmuRdfY4E.jpg,datasets/hair_only/scalp_diseases/contact_dermatitis/contact_dermatitis_0359_jpg.rf.pn4W2hfYiM9BmuRdfY4E.jpg
https://raw.githubusercontent.com/Olamide7920/scalp_disease_project/main/datasets/hair_only/scalp_diseases/contact_dermatitis/contact_dermatitis_0360_jpg.rf.9avodDqchUwQaPoqpIgy.jpg,datasets/hair_only/scalp_diseases/contact_dermatitis/contact_dermatitis_0360_jpg.rf.9avodDqchUwQaPoqpIgy.jpg
https://raw.githubusercontent.com/Olamide7920/scalp_disease_project/main/datasets/hair_only/scalp_diseases/contact_dermatitis/contact_dermatitis_0361_jpg.rf.DoMhEzR8gGsZrGvCRKSC.jpg,datasets/hair_only/scalp_diseases/contact_dermatitis/contact_dermatitis_0361_jpg.rf.DoMhEzR8gGsZrGvCRKSC.jpg
https://raw.githubusercontent.com/Olamide7920/scalp_disease_project/main/datasets/hair_only/scalp_diseases/contact_dermatitis/contact_dermatitis_0362_jpg.rf.0bFpUlEgzjeaPL11z7ae.jpg,datasets/hair_only/scalp_diseases/contact_dermatitis/contact_dermatitis_0362_jpg.rf.0bFpUlEgzjeaPL11z7ae.jpg
https://raw.githubusercontent.com/Olamide7920/scalp_disease_project/main/datasets/hair_only/scalp_diseases/contact_dermatitis/contact_dermatitis_0363_jpg.rf.eesz3vDWg7zrXskCLqmR.jpg,datasets/hair_only/scalp_diseases/contact_dermatitis/contact_dermatitis_0363_jpg.rf.eesz3vDWg7zrXskCLqmR.jpg
https://raw.githubusercontent.com/Olamide7920/scalp_disease_project/main/datasets/hair_only/scalp_diseases/contact_dermatitis/contact_dermatitis_0364_jpg.rf.Y9sASDYHDGUz0nCNw9xz.jpg,datasets/hair_only/scalp_diseases/contact_dermatitis/contact_dermatitis_0364_jpg.rf.Y9sASDYHDGUz0nCNw9xz.jpg
https://raw.githubusercontent.com/Olamide7920/scalp_disease_project/main/datasets/hair_only/scalp_diseases/contact_dermatitis/contact_dermatitis_0365_jpg.rf.M8qfHYuBztJI4DYUEczV.jpg,datasets/hair_only/scalp_diseases/contact_dermatitis/contact_dermatitis_0365_jpg.rf.M8qfHYuBztJI4DYUEczV.jpg
https://raw.githubusercontent.com/Olamide7920/scalp_disease_project/main/datasets/hair_only/scalp_diseases/contact_dermatitis/contact_dermatitis_0366_jpg.rf.r9ReRIHoKIdpemkMcSPM.jpg,datasets/hair_only/scalp_diseases/contact_dermatitis/contact_dermatitis_0366_jpg.rf.r9ReRIHoKIdpemkMcSPM.jpg
https://raw.githubusercontent.com/Olamide7920/scalp_disease_project/main/datasets/hair_only/scalp_diseases/contact_dermatitis/contact_dermatitis_0367_jpg.rf.CHmdLCD2zoVcIGt9c2zF.jpg,datasets/hair_only/scalp_diseases/contact_dermatitis/contact_dermatitis_0367_jpg.rf.CHmdLCD2zoVcIGt9c2zF.jpg
https://raw.githubusercontent.com/Olamide7920/scalp_disease_project/main/datasets/hair_only/scalp_diseases/contact_dermatitis/contact_dermatitis_0368_jpg.rf.lDCnZC8r62aRE9B4i3kF.jpg,datasets/hair_only/scalp_diseases/contact_dermatitis/contact_dermatitis_0368_jpg.rf.lDCnZC8r62aRE9B4i3kF.jpg
https://raw.githubusercontent.com/Olamide7920/scalp_disease_project/main/datasets/hair_only/scalp_diseases/contact_dermatitis/contact_dermatitis_0369_jpg.rf.RX1ez1V0BspIklmoaCZf.jpg,datasets/hair_only/scalp_diseases/contact_dermatitis/contact_dermatitis_0369_jpg.rf.RX1ez1V0BspIklmoaCZf.jpg
https://raw.githubusercontent.com/Olamide7920/scalp_disease_project/main/datasets/hair_only/scalp_diseases/contact_dermatitis/contact_dermatitis_0370_jpg.rf.oYy9w14DEvnQXpLBxATF.jpg,datasets/hair_only/scalp_diseases/contact_dermatitis/contact_dermatitis_0370_jpg.rf.oYy9w14DEvnQXpLBxATF.jpg
https://raw.githubusercontent.com/Olamide7920/scalp_disease_project/main/datasets/hair_only/scalp_diseases/contact_dermatitis/contact_dermatitis_0371_jpg.rf.ItsK9K35N7e7wJMTlduY.jpg,datasets/hair_only/scalp_diseases/contact_dermatitis/contact_dermatitis_0371_jpg.rf.ItsK9K35N7e7wJMTlduY.jpg
https://raw.githubusercontent.com/Olamide7920/scalp_disease_project/main/datasets/hair_only/scalp_diseases/contact_dermatitis/contact_dermatitis_0372_jpg.rf.ax0A3bh24l7A3Wokkdyu.jpg,datasets/hair_only/scalp_diseases/contact_dermatitis/contact_dermatitis_0372_jpg.rf.ax0A3bh24l7A3Wokkdyu.jpg
https://raw.githubusercontent.com/Olamide7920/scalp_disease_project/main/datasets/hair_only/scalp_diseases/contact_dermatitis/contact_dermatitis_0373_jpg.rf.SNjLhSBW02QGIKaq8MFE.jpg,datasets/hair_only/scalp_diseases/contact_dermatitis/contact_dermatitis_0373_jpg.rf.SNjLhSBW02QGIKaq8MFE.jpg
https://raw.githubusercontent.com/Olamide7920/scalp_disease_project/main/datasets/hair_only/scalp_diseases/contact_dermatitis/contact_dermatitis_0374_jpg.rf.PAKFtSMWZhrWPKV9OZLq.jpg,datasets/hair_only/scalp_diseases/contact_dermatitis/contact_dermatitis_0374_jpg.rf.PAKFtSMWZhrWPKV9OZLq.jpg
https://raw.githubusercontent.com/Olamide7920/scalp_disease_project/main/datasets/hair_only/scalp_diseases/contact_dermatitis/contact_dermatitis_0375_jpg.rf.8YUVL7Hw2htxKQsb465e.jpg,datasets/hair_only/scalp_diseases/contact_dermatitis/contact_dermatitis_0375_jpg.rf.8YUVL7Hw2htxKQsb465e.jpg
https://raw.githubusercontent.com/Olamide7920/scalp_disease_project/main/datasets/hair_only/scalp_diseases/contact_dermatitis/contact_dermatitis_0376_jpg.rf.KlKGfogr1pxkMAjWTnep.jpg,datasets/hair_only/scalp_diseases/contact_dermatitis/contact_dermatitis_0376_jpg.rf.KlKGfogr1pxkMAjWTnep.jpg
https://raw.githubusercontent.com/Olamide7920/scalp_disease_project/main/datasets/hair_only/scalp_diseases/contact_dermatitis/contact_dermatitis_0377_jpg.rf.eqZIdsfm8LHfEh40I0eH.jpg,datasets/hair_only/scalp_diseases/contact_dermatitis/contact_dermatitis_0377_jpg.rf.eqZIdsfm8LHfEh40I0eH.jpg
https://raw.githubusercontent.com/Olamide7920/scalp_disease_project/main/datasets/hair_only/scalp_diseases/contact_dermatitis/contact_dermatitis_0378_jpg.rf.2OCGIcRaG5Ci8U3diEsL.jpg,datasets/hair_only/scalp_diseases/contact_dermatitis/contact_dermatitis_0378_jpg.rf.2OCGIcRaG5Ci8U3diEsL.jpg
https://raw.githubusercontent.com/Olamide7920/scalp_disease_project/main/datasets/hair_only/scalp_diseases/contact_dermatitis/contact_dermatitis_0379_jpg.rf.2quhk0uKRlrQcSwmlcEA.jpg,datasets/hair_only/scalp_diseases/contact_dermatitis/contact_dermatitis_0379_jpg.rf.2quhk0uKRlrQcSwmlcEA.jpg
https://raw.githubusercontent.com/Olamide7920/scalp_disease_project/main/datasets/hair_only/scalp_diseases/contact_dermatitis/contact_dermatitis_0380_jpg.rf.iY7pmkEwYgO62v3tXePv.jpg,datasets/hair_only/scalp_diseases/contact_dermatitis/contact_dermatitis_0380_jpg.rf.iY7pmkEwYgO62v3tXePv.jpg
https://raw.githubusercontent.com/Olamide7920/scalp_disease_project/main/datasets/hair_only/scalp_diseases/contact_dermatitis/contact_dermatitis_0381_jpg.rf.QwUlIDKjxvuiZpPl9kUK.jpg,datasets/hair_only/scalp_diseases/contact_dermatitis/contact_dermatitis_0381_jpg.rf.QwUlIDKjxvuiZpPl9kUK.jpg
https://raw.githubusercontent.com/Olamide7920/scalp_disease_project/main/datasets/hair_only/scalp_diseases/contact_dermatitis/contact_dermatitis_0382_jpg.rf.SjRZ7aXNmvMtCOkbQ8Y2.jpg,datasets/hair_only/scalp_diseases/contact_dermatitis/contact_dermatitis_0382_jpg.rf.SjRZ7aXNmvMtCOkbQ8Y2.jpg
https://raw.githubusercontent.com/Olamide7920/scalp_disease_project/main/datasets/hair_only/scalp_diseases/contact_dermatitis/contact_dermatitis_0383_jpg.rf.u0qs0VvUmHDZ8yCd8Cpx.jpg,datasets/hair_only/scalp_diseases/contact_dermatitis/contact_dermatitis_0383_jpg.rf.u0qs0VvUmHDZ8yCd8Cpx.jpg
https://raw.githubusercontent.com/Olamide7920/scalp_disease_project/main/datasets/hair_only/scalp_diseases/contact_dermatitis/contact_dermatitis_0384_jpg.rf.IMYTFikmrlDFIjLha9HO.jpg,datasets/hair_only/scalp_diseases/contact_dermatitis/contact_dermatitis_0384_jpg.rf.IMYTFikmrlDFIjLha9HO.jpg
https://raw.githubusercontent.com/Olamide7920/scalp_disease_project/main/datasets/hair_only/scalp_diseases/contact_dermatitis/contact_dermatitis_0385_jpg.rf.pysbbGEp6UoaTHa2JFJH.jpg,datasets/hair_only/scalp_diseases/contact_dermatitis/contact_dermatitis_0385_jpg.rf.pysbbGEp6UoaTHa2JFJH.jpg
https://raw.githubusercontent.com/Olamide7920/scalp_disease_project/main/datasets/hair_only/scalp_diseases/contact_dermatitis/contact_dermatitis_0386_jpg.rf.YfaWH1tcubH35IWUFqQq.jpg,datasets/hair_only/scalp_diseases/contact_dermatitis/contact_dermatitis_0386_jpg.rf.YfaWH1tcubH35IWUFqQq.jpg
https://raw.githubusercontent.com/Olamide7920/scalp_disease_project/main/datasets/hair_only/scalp_diseases/contact_dermatitis/contact_dermatitis_0387_jpg.rf.yH574czI0NCSnXZh8boX.jpg,datasets/hair_only/scalp_diseases/contact_dermatitis/contact_dermatitis_0387_jpg.rf.yH574czI0NCSnXZh8boX.jpg
https://raw.githubusercontent.com/Olamide7920/scalp_disease_project/main/datasets/hair_only/scalp_diseases/contact_dermatitis/contact_dermatitis_0388_jpg.rf.ig8Dm0tkMFTRu3ujyVD3.jpg,datasets/hair_only/scalp_diseases/contact_dermatitis/contact_dermatitis_0388_jpg.rf.ig8Dm0tkMFTRu3ujyVD3.jpg
https://raw.githubusercontent.com/Olamide7920/scalp_disease_project/main/datasets/hair_only/scalp_diseases/contact_dermatitis/contact_dermatitis_0389_jpg.rf.fXCG2pjE8iJIct90XrUw.jpg,datasets/hair_only/scalp_diseases/contact_dermatitis/contact_dermatitis_0389_jpg.rf.fXCG2pjE8iJIct90XrUw.jpg
https://raw.githubusercontent.com/Olamide7920/scalp_disease_project/main/datasets/hair_only/scalp_diseases/contact_dermatitis/contact_dermatitis_0390_jpg.rf.NFsORmkJTxzHOu1sBxDL.jpg,datasets/hair_only/scalp_diseases/contact_dermatitis/contact_dermatitis_0390_jpg.rf.NFsORmkJTxzHOu1sBxDL.jpg
https://raw.githubusercontent.com/Olamide7920/scalp_disease_project/main/datasets/hair_only/scalp_diseases/contact_dermatitis/contact_dermatitis_0391_jpg.rf.DOJ4RRtpRd1mxWQfvDe9.jpg,datasets/hair_only/scalp_diseases/contact_dermatitis/contact_dermatitis_0391_jpg.rf.DOJ4RRtpRd1mxWQfvDe9.jpg
https://raw.githubusercontent.com/Olamide7920/scalp_disease_project/main/datasets/hair_only/scalp_diseases/contact_dermatitis/contact_dermatitis_0392_jpg.rf.bbMqMkNmbfAXm5YPt53U.jpg,datasets/hair_only/scalp_diseases/contact_dermatitis/contact_dermatitis_0392_jpg.rf.bbMqMkNmbfAXm5YPt53U.jpg
https://raw.githubusercontent.com/Olamide7920/scalp_disease_project/main/datasets/hair_only/scalp_diseases/contact_dermatitis/contact_dermatitis_0393_jpg.rf.gnlpXwiaCo6YZwCIyxWT.jpg,datasets/hair_only/scalp_diseases/contact_dermatitis/contact_dermatitis_0393_jpg.rf.gnlpXwiaCo6YZwCIyxWT.jpg
https://raw.githubusercontent.com/Olamide7920/scalp_disease_project/main/datasets/hair_only/scalp_diseases/contact_dermatitis/contact_dermatitis_0394_jpg.rf.I13jsfLFlnneTqoKpEsv.jpg,datasets/hair_only/scalp_diseases/contact_dermatitis/contact_dermatitis_0394_jpg.rf.I13jsfLFlnneTqoKpEsv.jpg
https://raw.githubusercontent.com/Olamide7920/scalp_disease_project/main/datasets/hair_only/scalp_diseases/contact_dermatitis/contact_dermatitis_0395_jpg.rf.WOLy0DcO8AS1ktf5d9rW.jpg,datasets/hair_only/scalp_diseases/contact_dermatitis/contact_dermatitis_0395_jpg.rf.WOLy0DcO8AS1ktf5d9rW.jpg
https://raw.githubusercontent.com/Olamide7920/scalp_disease_project/main/datasets/hair_only/scalp_diseases/contact_dermatitis/contact_dermatitis_0396_jpg.rf.u1QlQlDlsKcdqhyfjpUl.jpg,datasets/hair_only/scalp_diseases/contact_dermatitis/contact_dermatitis_0396_jpg.rf.u1QlQlDlsKcdqhyfjpUl.jpg
https://raw.githubusercontent.com/Olamide7920/scalp_disease_project/main/datasets/hair_only/scalp_diseases/contact_dermatitis/contact_dermatitis_0397_jpg.rf.oTyiFeBdm6nmQhCMHSaa.jpg,datasets/hair_only/scalp_diseases/contact_dermatitis/contact_dermatitis_0397_jpg.rf.oTyiFeBdm6nmQhCMHSaa.jpg
https://raw.githubusercontent.com/Olamide7920/scalp_disease_project/main/datasets/hair_only/scalp_diseases/contact_dermatitis/contact_dermatitis_0398_jpg.rf.RR4C7HmPiAF3zDOEgqcH.jpg,datasets/hair_only/scalp_diseases/contact_dermatitis/contact_dermatitis_0398_jpg.rf.RR4C7HmPiAF3zDOEgqcH.jpg
https://raw.githubusercontent.com/Olamide7920/scalp_disease_project/main/datasets/hair_only/scalp_diseases/contact_dermatitis/contact_dermatitis_0399_jpg.rf.X4k0lhW8H7FIm1Y4wwZd.jpg,datasets/hair_only/scalp_diseases/contact_dermatitis/contact_dermatitis_0399_jpg.rf.X4k0lhW8H7FIm1Y4wwZd.jpg
https://raw.githubusercontent.com/Olamide7920/scalp_disease_project/main/datasets/hair_only/scalp_diseases/contact_dermatitis/contact_dermatitis_0400_jpg.rf.1c0c6NXIXy17Oqazw9JC.jpg,datasets/hair_only/scalp_diseases/contact_dermatitis/contact_dermatitis_0400_jpg.rf.1c0c6NXIXy17Oqazw9JC.jpg
https://raw.githubusercontent.com/Olamide7920/scalp_disease_project/main/datasets/hair_only/scalp_diseases/contact_dermatitis/contact_dermatitis_0401_jpg.rf.dPsjBQ6kRf33MtS3bVDA.jpg,datasets/hair_only/scalp_diseases/contact_dermatitis/contact_dermatitis_0401_jpg.rf.dPsjBQ6kRf33MtS3bVDA.jpg
https://raw.githubusercontent.com/Olamide7920/scalp_disease_project/main/datasets/hair_only/scalp_diseases/contact_dermatitis/contact_dermatitis_0402_jpg.rf.HETCtBxDfz5vCuK5IXCq.jpg,datasets/hair_only/scalp_diseases/contact_dermatitis/contact_dermatitis_0402_jpg.rf.HETCtBxDfz5vCuK5IXCq.jpg
https://raw.githubusercontent.com/Olamide7920/scalp_disease_project/main/datasets/hair_only/scalp_diseases/contact_dermatitis/contact_dermatitis_0403_jpg.rf.NYWtXZfBRv2bK4Swr5Ke.jpg,datasets/hair_only/scalp_diseases/contact_dermatitis/contact_dermatitis_0403_jpg.rf.NYWtXZfBRv2bK4Swr5Ke.jpg
https://raw.githubusercontent.com/Olamide7920/scalp_disease_project/main/datasets/hair_only/scalp_diseases/contact_dermatitis/contact_dermatitis_0404_jpg.rf.PIJ5SNeaeccWdboO2yEs.jpg,datasets/hair_only/scalp_diseases/contact_dermatitis/contact_dermatitis_0404_jpg.rf.PIJ5SNeaeccWdboO2yEs.jpg
https://raw.githubusercontent.com/Olamide7920/scalp_disease_project/main/datasets/hair_only/scalp_diseases/contact_dermatitis/contact_dermatitis_0405_jpg.rf.uflNA87SQe65H470UI81.jpg,datasets/hair_only/scalp_diseases/contact_dermatitis/contact_dermatitis_0405_jpg.rf.uflNA87SQe65H470UI81.jpg
https://raw.githubusercontent.com/Olamide7920/scalp_disease_project/main/datasets/hair_only/scalp_diseases/contact_dermatitis/contact_dermatitis_0406_jpg.rf.KG4LWKIY0qA7P5aryD9C.jpg,datasets/hair_only/scalp_diseases/contact_dermatitis/contact_dermatitis_0406_jpg.rf.KG4LWKIY0qA7P5aryD9C.jpg
https://raw.githubusercontent.com/Olamide7920/scalp_disease_project/main/datasets/hair_only/scalp_diseases/contact_dermatitis/contact_dermatitis_0407_jpg.rf.VxF3rBvinx0ervSzfedw.jpg,datasets/hair_only/scalp_diseases/contact_dermatitis/contact_dermatitis_0407_jpg.rf.VxF3rBvinx0ervSzfedw.jpg
https://raw.githubusercontent.com/Olamide7920/scalp_disease_project/main/datasets/hair_only/scalp_diseases/contact_dermatitis/contact_dermatitis_0408_jpg.rf.ZaJqTOLGeZoK6hImpOn0.jpg,datasets/hair_only/scalp_diseases/contact_dermatitis/contact_dermatitis_0408_jpg.rf.ZaJqTOLGeZoK6hImpOn0.jpg
https://raw.githubusercontent.com/Olamide7920/scalp_disease_project/main/datasets/hair_only/scalp_diseases/contact_dermatitis/contact_dermatitis_0409_jpg.rf.Jm0ISaMArklqAv3kb5Im.jpg,datasets/hair_only/scalp_diseases/contact_dermatitis/contact_dermatitis_0409_jpg.rf.Jm0ISaMArklqAv3kb5Im.jpg
https://raw.githubusercontent.com/Olamide7920/scalp_disease_project/main/datasets/hair_only/scalp_diseases/contact_dermatitis/contact_dermatitis_0410_jpg.rf.iavoDz40Kj7kX32sUiRB.jpg,datasets/hair_only/scalp_diseases/contact_dermatitis/contact_dermatitis_0410_jpg.rf.iavoDz40Kj7kX32sUiRB.jpg
https://raw.githubusercontent.com/Olamide7920/scalp_disease_project/main/datasets/hair_only/scalp_diseases/contact_dermatitis/contact_dermatitis_0411_jpg.rf.1euZOIymO39nLTkfaEEw.jpg,datasets/hair_only/scalp_diseases/contact_dermatitis/contact_dermatitis_0411_jpg.rf.1euZOIymO39nLTkfaEEw.jpg
https://raw.githubusercontent.com/Olamide7920/scalp_disease_project/main/datasets/hair_only/scalp_diseases/contact_dermatitis/contact_dermatitis_0412_jpg.rf.JzHKaLc2Ogg8Ay5BHp9N.jpg,datasets/hair_only/scalp_diseases/contact_dermatitis/contact_dermatitis_0412_jpg.rf.JzHKaLc2Ogg8Ay5BHp9N.jpg
https://raw.githubusercontent.com/Olamide7920/scalp_disease_project/main/datasets/hair_only/scalp_diseases/contact_dermatitis/contact_dermatitis_0413_jpg.rf.NtYSpsyyNAfpbiqrDgWE.jpg,datasets/hair_only/scalp_diseases/contact_dermatitis/contact_dermatitis_0413_jpg.rf.NtYSpsyyNAfpbiqrDgWE.jpg
https://raw.githubusercontent.com/Olamide7920/scalp_disease_project/main/datasets/hair_only/scalp_diseases/contact_dermatitis/contact_dermatitis_0414_jpg.rf.qe3g3UeTgaP53C1fJf53.jpg,datasets/hair_only/scalp_diseases/contact_dermatitis/contact_dermatitis_0414_jpg.rf.qe3g3UeTgaP53C1fJf53.jpg
https://raw.githubusercontent.com/Olamide7920/scalp_disease_project/main/datasets/hair_only/scalp_diseases/contact_dermatitis/contact_dermatitis_0415_jpg.rf.mJXh2zASUVKoqHIeHpdf.jpg,datasets/hair_only/scalp_diseases/contact_dermatitis/contact_dermatitis_0415_jpg.rf.mJXh2zASUVKoqHIeHpdf.jpg
https://raw.githubusercontent.com/Olamide7920/scalp_disease_project/main/datasets/hair_only/scalp_diseases/contact_dermatitis/contact_dermatitis_0416_jpg.rf.0g0BFzMvC8PF6bvMesGi.jpg,datasets/hair_only/scalp_diseases/contact_dermatitis/contact_dermatitis_0416_jpg.rf.0g0BFzMvC8PF6bvMesGi.jpg
https://raw.githubusercontent.com/Olamide7920/scalp_disease_project/main/datasets/hair_only/scalp_diseases/contact_dermatitis/contact_dermatitis_0417_jpg.rf.xDsJwvg86BBakR8mZede.jpg,datasets/hair_only/scalp_diseases/contact_dermatitis/contact_dermatitis_0417_jpg.rf.xDsJwvg86BBakR8mZede.jpg
https://raw.githubusercontent.com/Olamide7920/scalp_disease_project/main/datasets/hair_only/scalp_diseases/contact_dermatitis/contact_dermatitis_0418_jpg.rf.nLFRyUSJiepzVRnJXud4.jpg,datasets/hair_only/scalp_diseases/contact_dermatitis/contact_dermatitis_0418_jpg.rf.nLFRyUSJiepzVRnJXud4.jpg
https://raw.githubusercontent.com/Olamide7920/scalp_disease_project/main/datasets/hair_only/scalp_diseases/contact_dermatitis/contact_dermatitis_0419_jpg.rf.zwXXGuG8lHGuDd2yzClm.jpg,datasets/hair_only/scalp_diseases/contact_dermatitis/contact_dermatitis_0419_jpg.rf.zwXXGuG8lHGuDd2yzClm.jpg
https://raw.githubusercontent.com/Olamide7920/scalp_disease_project/main/datasets/hair_only/scalp_diseases/contact_dermatitis/contact_dermatitis_0420_jpg.rf.hVxATe6ygXctX0cf4WU5.jpg,datasets/hair_only/scalp_diseases/contact_dermatitis/contact_dermatitis_0420_jpg.rf.hVxATe6ygXctX0cf4WU5.jpg
https://raw.githubusercontent.com/Olamide7920/scalp_disease_project/main/datasets/hair_only/scalp_diseases/contact_dermatitis/contact_dermatitis_0421_jpg.rf.KptHRnY2aJd6sUt6DHmF.jpg,datasets/hair_only/scalp_diseases/contact_dermatitis/contact_dermatitis_0421_jpg.rf.KptHRnY2aJd6sUt6DHmF.jpg
https://raw.githubusercontent.com/Olamide7920/scalp_disease_project/main/datasets/hair_only/scalp_diseases/contact_dermatitis/contact_dermatitis_0422_jpg.rf.EPrvYFLPCA7rWjqWRCNN.jpg,datasets/hair_only/scalp_diseases/contact_dermatitis/contact_dermatitis_0422_jpg.rf.EPrvYFLPCA7rWjqWRCNN.jpg
https://raw.githubusercontent.com/Olamide7920/scalp_disease_project/main/datasets/hair_only/scalp_diseases/contact_dermatitis/contact_dermatitis_0423_jpg.rf.j2qq709iejea4QihR0pL.jpg,datasets/hair_only/scalp_diseases/contact_dermatitis/contact_dermatitis_0423_jpg.rf.j2qq709iejea4QihR0pL.jpg
https://raw.githubusercontent.com/Olamide7920/scalp_disease_project/main/datasets/hair_only/scalp_diseases/contact_dermatitis/contact_dermatitis_0424_jpg.rf.uZeZANAFtJY1wLslbkln.jpg,datasets/hair_only/scalp_diseases/contact_dermatitis/contact_dermatitis_0424_jpg.rf.uZeZANAFtJY1wLslbkln.jpg
https://raw.githubusercontent.com/Olamide7920/scalp_disease_project/main/datasets/hair_only/scalp_diseases/contact_dermatitis/contact_dermatitis_0425_jpg.rf.MgyDeOe1MWTpo9JQpI8M.jpg,datasets/hair_only/scalp_diseases/contact_dermatitis/contact_dermatitis_0425_jpg.rf.MgyDeOe1MWTpo9JQpI8M.jpg
https://raw.githubusercontent.com/Olamide7920/scalp_disease_project/main/datasets/hair_only/scalp_diseases/contact_dermatitis/contact_dermatitis_0426_jpg.rf.okVWMuYt5fjS2C1KF0XT.jpg,datasets/hair_only/scalp_diseases/contact_dermatitis/contact_dermatitis_0426_jpg.rf.okVWMuYt5fjS2C1KF0XT.jpg
https://raw.githubusercontent.com/Olamide7920/scalp_disease_project/main/datasets/hair_only/scalp_diseases/contact_dermatitis/contact_dermatitis_0427_jpg.rf.v6OBRJ6z3GjrDfv79DY7.jpg,datasets/hair_only/scalp_diseases/contact_dermatitis/contact_dermatitis_0427_jpg.rf.v6OBRJ6z3GjrDfv79DY7.jpg
https://raw.githubusercontent.com/Olamide7920/scalp_disease_project/main/datasets/hair_only/scalp_diseases/contact_dermatitis/contact_dermatitis_0428_jpg.rf.TwNNmxWEkMFuHSjRZtlR.jpg,datasets/hair_only/scalp_diseases/contact_dermatitis/contact_dermatitis_0428_jpg.rf.TwNNmxWEkMFuHSjRZtlR.jpg
https://raw.githubusercontent.com/Olamide7920/scalp_disease_project/main/datasets/hair_only/scalp_diseases/contact_dermatitis/contact_dermatitis_0429_jpg.rf.o8U5byqL1TBkqx93m8SO.jpg,datasets/hair_only/scalp_diseases/contact_dermatitis/contact_dermatitis_0429_jpg.rf.o8U5byqL1TBkqx93m8SO.jpg
https://raw.githubusercontent.com/Olamide7920/scalp_disease_project/main/datasets/hair_only/scalp_diseases/contact_dermatitis/contact_dermatitis_0430_jpg.rf.Y8MTHSIMyUsCWdYa1jIt.jpg,datasets/hair_only/scalp_diseases/contact_dermatitis/contact_dermatitis_0430_jpg.rf.Y8MTHSIMyUsCWdYa1jIt.jpg
https://raw.githubusercontent.com/Olamide7920/scalp_disease_project/main/datasets/hair_only/scalp_diseases/contact_dermatitis/contact_dermatitis_0431_jpg.rf.3MFtJKdH4tINdcN35Ot1.jpg,datasets/hair_only/scalp_diseases/contact_dermatitis/contact_dermatitis_0431_jpg.rf.3MFtJKdH4tINdcN35Ot1.jpg
https://raw.githubusercontent.com/Olamide7920/scalp_disease_project/main/datasets/hair_only/scalp_diseases/contact_dermatitis/contact_dermatitis_0432_jpg.rf.xhpHVBSfz6wh26bUlgRC.jpg,datasets/hair_only/scalp_diseases/contact_dermatitis/contact_dermatitis_0432_jpg.rf.xhpHVBSfz6wh26bUlgRC.jpg
https://raw.githubusercontent.com/Olamide7920/scalp_disease_project/main/datasets/hair_only/scalp_diseases/contact_dermatitis/contact_dermatitis_0433_jpg.rf.MiHITODIUxAnFyETJZfv.jpg,datasets/hair_only/scalp_diseases/contact_dermatitis/contact_dermatitis_0433_jpg.rf.MiHITODIUxAnFyETJZfv.jpg
https://raw.githubusercontent.com/Olamide7920/scalp_disease_project/main/datasets/hair_only/scalp_diseases/contact_dermatitis/contact_dermatitis_0434_jpg.rf.upKeXX3hh3YmPq4z2Gq3.jpg,datasets/hair_only/scalp_diseases/contact_dermatitis/contact_dermatitis_0434_jpg.rf.upKeXX3hh3YmPq4z2Gq3.jpg
https://raw.githubusercontent.com/Olamide7920/scalp_disease_project/main/datasets/hair_only/scalp_diseases/contact_dermatitis/contact_dermatitis_0435_jpg.rf.QNz8jtof72Y9GDywEgmr.jpg,datasets/hair_only/scalp_diseases/contact_dermatitis/contact_dermatitis_0435_jpg.rf.QNz8jtof72Y9GDywEgmr.jpg
https://raw.githubusercontent.com/Olamide7920/scalp_disease_project/main/datasets/hair_only/scalp_diseases/contact_dermatitis/contact_dermatitis_0436_jpg.rf.htwf1TfqCBCduN4JauW0.jpg,datasets/hair_only/scalp_diseases/contact_dermatitis/contact_dermatitis_0436_jpg.rf.htwf1TfqCBCduN4JauW0.jpg
https://raw.githubusercontent.com/Olamide7920/scalp_disease_project/main/datasets/hair_only/scalp_diseases/contact_dermatitis/contact_dermatitis_0437_jpg.rf.GfpRFIjRESEMa6lRcRqf.jpg,datasets/hair_only/scalp_diseases/contact_dermatitis/contact_dermatitis_0437_jpg.rf.GfpRFIjRESEMa6lRcRqf.jpg
https://raw.githubusercontent.com/Olamide7920/scalp_disease_project/main/datasets/hair_only/scalp_diseases/contact_dermatitis/contact_dermatitis_0438_jpg.rf.TxdvhY8sIsKwk63C7p7G.jpg,datasets/hair_only/scalp_diseases/contact_dermatitis/contact_dermatitis_0438_jpg.rf.TxdvhY8sIsKwk63C7p7G.jpg
https://raw.githubusercontent.com/Olamide7920/scalp_disease_project/main/datasets/hair_only/scalp_diseases/contact_dermatitis/contact_dermatitis_0439_jpg.rf.7IiQeMNnirKONL7epFDT.jpg,datasets/hair_only/scalp_diseases/contact_dermatitis/contact_dermatitis_0439_jpg.rf.7IiQeMNnirKONL7epFDT.jpg
https://raw.githubusercontent.com/Olamide7920/scalp_disease_project/main/datasets/hair_only/scalp_diseases/contact_dermatitis/contact_dermatitis_0440_jpg.rf.uAddentEmthI2jOjnnlg.jpg,datasets/hair_only/scalp_diseases/contact_dermatitis/contact_dermatitis_0440_jpg.rf.uAddentEmthI2jOjnnlg.jpg
https://raw.githubusercontent.com/Olamide7920/scalp_disease_project/main/datasets/hair_only/scalp_diseases/contact_dermatitis/contact_dermatitis_0441_jpg.rf.MZuRlgdKlxEnd33rUeLF.jpg,datasets/hair_only/scalp_diseases/contact_dermatitis/contact_dermatitis_0441_jpg.rf.MZuRlgdKlxEnd33rUeLF.jpg
https://raw.githubusercontent.com/Olamide7920/scalp_disease_project/main/datasets/hair_only/scalp_diseases/contact_dermatitis/contact_dermatitis_0442_jpg.rf.onudD3csc46tlptJDAhw.jpg,datasets/hair_only/scalp_diseases/contact_dermatitis/contact_dermatitis_0442_jpg.rf.onudD3csc46tlptJDAhw.jpg
https://raw.githubusercontent.com/Olamide7920/scalp_disease_project/main/datasets/hair_only/scalp_diseases/contact_dermatitis/contact_dermatitis_0443_jpg.rf.PrvnokGFWAFt7mxDQwdu.jpg,datasets/hair_only/scalp_diseases/contact_dermatitis/contact_dermatitis_0443_jpg.rf.PrvnokGFWAFt7mxDQwdu.jpg
https://raw.githubusercontent.com/Olamide7920/scalp_disease_project/main/datasets/hair_only/scalp_diseases/contact_dermatitis/contact_dermatitis_0444_jpg.rf.HJPAU1JXvzMbecUjruKR.jpg,datasets/hair_only/scalp_diseases/contact_dermatitis/contact_dermatitis_0444_jpg.rf.HJPAU1JXvzMbecUjruKR.jpg
https://raw.githubusercontent.com/Olamide7920/scalp_disease_project/main/datasets/hair_only/scalp_diseases/contact_dermatitis/contact_dermatitis_0445_jpg.rf.HMAoHkEuqmZRxFySyqqk.jpg,datasets/hair_only/scalp_diseases/contact_dermatitis/contact_dermatitis_0445_jpg.rf.HMAoHkEuqmZRxFySyqqk.jpg
https://raw.githubusercontent.com/Olamide7920/scalp_disease_project/main/datasets/hair_only/scalp_diseases/contact_dermatitis/contact_dermatitis_0446_jpg.rf.Ma0z3Q1ONhmYSTIKv6QD.jpg,datasets/hair_only/scalp_diseases/contact_dermatitis/contact_dermatitis_0446_jpg.rf.Ma0z3Q1ONhmYSTIKv6QD.jpg
https://raw.githubusercontent.com/Olamide7920/scalp_disease_project/main/datasets/hair_only/scalp_diseases/contact_dermatitis/contact_dermatitis_0447_jpg.rf.lOcHG0DW4wcDPQpdFjYy.jpg,datasets/hair_only/scalp_diseases/contact_dermatitis/contact_dermatitis_0447_jpg.rf.lOcHG0DW4wcDPQpdFjYy.jpg
https://raw.githubusercontent.com/Olamide7920/scalp_disease_project/main/datasets/hair_only/scalp_diseases/contact_dermatitis/contact_dermatitis_0448_jpg.rf.tr9RYrGimSYVN5s9kHab.jpg,datasets/hair_only/scalp_diseases/contact_dermatitis/contact_dermatitis_0448_jpg.rf.tr9RYrGimSYVN5s9kHab.jpg
https://raw.githubusercontent.com/Olamide7920/scalp_disease_project/main/datasets/hair_only/scalp_diseases/contact_dermatitis/contact_dermatitis_0449_jpg.rf.otEJTP6zrI000k15r2Rc.jpg,datasets/hair_only/scalp_diseases/contact_dermatitis/contact_dermatitis_0449_jpg.rf.otEJTP6zrI000k15r2Rc.jpg
https://raw.githubusercontent.com/Olamide7920/scalp_disease_project/main/datasets/hair_only/scalp_diseases/contact_dermatitis/contact_dermatitis_0450_jpg.rf.5k1JguDI8d2UeYhLDyW8.jpg,datasets/hair_only/scalp_diseases/contact_dermatitis/contact_dermatitis_0450_jpg.rf.5k1JguDI8d2UeYhLDyW8.jpg
https://raw.githubusercontent.com/Olamide7920/scalp_disease_project/main/datasets/hair_only/scalp_diseases/contact_dermatitis/contact_dermatitis_0451_jpg.rf.Uh6A5kLec1XmBPF5tQpy.jpg,datasets/hair_only/scalp_diseases/contact_dermatitis/contact_dermatitis_0451_jpg.rf.Uh6A5kLec1XmBPF5tQpy.jpg
https://raw.githubusercontent.com/Olamide7920/scalp_disease_project/main/datasets/hair_only/scalp_diseases/contact_dermatitis/contact_dermatitis_0452_jpg.rf.haz9ZaLuyljU9lKlS1IK.jpg,datasets/hair_only/scalp_diseases/contact_dermatitis/contact_dermatitis_0452_jpg.rf.haz9ZaLuyljU9lKlS1IK.jpg
https://raw.githubusercontent.com/Olamide7920/scalp_disease_project/main/datasets/hair_only/scalp_diseases/contact_dermatitis/contact_dermatitis_0453_jpg.rf.j49AzVBGlmEaalQum5XA.jpg,datasets/hair_only/scalp_diseases/contact_dermatitis/contact_dermatitis_0453_jpg.rf.j49AzVBGlmEaalQum5XA.jpg
https://raw.githubusercontent.com/Olamide7920/scalp_disease_project/main/datasets/hair_only/scalp_diseases/contact_dermatitis/contact_dermatitis_0454_jpg.rf.gzD0Clf6ZMXTsM0MIxQq.jpg,datasets/hair_only/scalp_diseases/contact_dermatitis/contact_dermatitis_0454_jpg.rf.gzD0Clf6ZMXTsM0MIxQq.jpg
https://raw.githubusercontent.com/Olamide7920/scalp_disease_project/main/datasets/hair_only/scalp_diseases/contact_dermatitis/contact_dermatitis_0455_jpg.rf.aNg0JHoyfp78evwj7bj6.jpg,datasets/hair_only/scalp_diseases/contact_dermatitis/contact_dermatitis_0455_jpg.rf.aNg0JHoyfp78evwj7bj6.jpg
https://raw.githubusercontent.com/Olamide7920/scalp_disease_project/main/datasets/hair_only/scalp_diseases/contact_dermatitis/contact_dermatitis_0456_jpg.rf.9eb8UfEHwG88aI5Cp2kG.jpg,datasets/hair_only/scalp_diseases/contact_dermatitis/contact_dermatitis_0456_jpg.rf.9eb8UfEHwG88aI5Cp2kG.jpg
https://raw.githubusercontent.com/Olamide7920/scalp_disease_project/main/datasets/hair_only/scalp_diseases/contact_dermatitis/contact_dermatitis_0457_jpg.rf.nOkfHi2AvZobfMQaZ40f.jpg,datasets/hair_only/scalp_diseases/contact_dermatitis/contact_dermatitis_0457_jpg.rf.nOkfHi2AvZobfMQaZ40f.jpg
https://raw.githubusercontent.com/Olamide7920/scalp_disease_project/main/datasets/hair_only/scalp_diseases/contact_dermatitis/contact_dermatitis_0458_jpg.rf.R42SpuUPSnNUYCmA6sk9.jpg,datasets/hair_only/scalp_diseases/contact_dermatitis/contact_dermatitis_0458_jpg.rf.R42SpuUPSnNUYCmA6sk9.jpg
https://raw.githubusercontent.com/Olamide7920/scalp_disease_project/main/datasets/hair_only/scalp_diseases/contact_dermatitis/contact_dermatitis_0459_jpg.rf.SaZaf2wHWltcNb0zfUww.jpg,datasets/hair_only/scalp_diseases/contact_dermatitis/contact_dermatitis_0459_jpg.rf.SaZaf2wHWltcNb0zfUww.jpg
https://raw.githubusercontent.com/Olamide7920/scalp_disease_project/main/datasets/hair_only/scalp_diseases/contact_dermatitis/contact_dermatitis_0460_jpg.rf.mkOp1icesmlQaCN76m6U.jpg,datasets/hair_only/scalp_diseases/contact_dermatitis/contact_dermatitis_0460_jpg.rf.mkOp1icesmlQaCN76m6U.jpg
https://raw.githubusercontent.com/Olamide7920/scalp_disease_project/main/datasets/hair_only/scalp_diseases/contact_dermatitis/contact_dermatitis_0461_jpg.rf.pVOKGF6nM19pKSQnY3Bq.jpg,datasets/hair_only/scalp_diseases/contact_dermatitis/contact_dermatitis_0461_jpg.rf.pVOKGF6nM19pKSQnY3Bq.jpg
https://raw.githubusercontent.com/Olamide7920/scalp_disease_project/main/datasets/hair_only/scalp_diseases/contact_dermatitis/contact_dermatitis_0462_jpg.rf.vkXjmTjdtEkOpLqYKxj7.jpg,datasets/hair_only/scalp_diseases/contact_dermatitis/contact_dermatitis_0462_jpg.rf.vkXjmTjdtEkOpLqYKxj7.jpg
https://raw.githubusercontent.com/Olamide7920/scalp_disease_project/main/datasets/hair_only/scalp_diseases/contact_dermatitis/contact_dermatitis_0463_jpg.rf.DR8WtOExxyRjxLo2HDhN.jpg,datasets/hair_only/scalp_diseases/contact_dermatitis/contact_dermatitis_0463_jpg.rf.DR8WtOExxyRjxLo2HDhN.jpg
https://raw.githubusercontent.com/Olamide7920/scalp_disease_project/main/datasets/hair_only/scalp_diseases/contact_dermatitis/contact_dermatitis_0464_jpg.rf.SHWIHocKTgAffgxeEMqe.jpg,datasets/hair_only/scalp_diseases/contact_dermatitis/contact_dermatitis_0464_jpg.rf.SHWIHocKTgAffgxeEMqe.jpg
https://raw.githubusercontent.com/Olamide7920/scalp_disease_project/main/datasets/hair_only/scalp_diseases/contact_dermatitis/contact_dermatitis_0465_jpg.rf.1UmD0eha7ipux6DNgADN.jpg,datasets/hair_only/scalp_diseases/contact_dermatitis/contact_dermatitis_0465_jpg.rf.1UmD0eha7ipux6DNgADN.jpg
https://raw.githubusercontent.com/Olamide7920/scalp_disease_project/main/datasets/hair_only/scalp_diseases/contact_dermatitis/contact_dermatitis_0466_jpg.rf.7aIeKC84cgTQzQB5tYmX.jpg,datasets/hair_only/scalp_diseases/contact_dermatitis/contact_dermatitis_0466_jpg.rf.7aIeKC84cgTQzQB5tYmX.jpg
https://raw.githubusercontent.com/Olamide7920/scalp_disease_project/main/datasets/hair_only/scalp_diseases/contact_dermatitis/contact_dermatitis_0467_jpg.rf.BLiRCmxzX4IlXZEPYg4i.jpg,datasets/hair_only/scalp_diseases/contact_dermatitis/contact_dermatitis_0467_jpg.rf.BLiRCmxzX4IlXZEPYg4i.jpg
https://raw.githubusercontent.com/Olamide7920/scalp_disease_project/main/datasets/hair_only/scalp_diseases/contact_dermatitis/contact_dermatitis_0468_jpg.rf.Cgj1T5PneFypW0QHunbx.jpg,datasets/hair_only/scalp_diseases/contact_dermatitis/contact_dermatitis_0468_jpg.rf.Cgj1T5PneFypW0QHunbx.jpg
https://raw.githubusercontent.com/Olamide7920/scalp_disease_project/main/datasets/hair_only/scalp_diseases/contact_dermatitis/contact_dermatitis_0469_jpg.rf.ZfHSgksLZxoq4ujY0e33.jpg,datasets/hair_only/scalp_diseases/contact_dermatitis/contact_dermatitis_0469_jpg.rf.ZfHSgksLZxoq4ujY0e33.jpg
https://raw.githubusercontent.com/Olamide7920/scalp_disease_project/main/datasets/hair_only/scalp_diseases/contact_dermatitis/contact_dermatitis_0470_jpg.rf.ILUwDpIUEFSkkFhvav9O.jpg,datasets/hair_only/scalp_diseases/contact_dermatitis/contact_dermatitis_0470_jpg.rf.ILUwDpIUEFSkkFhvav9O.jpg
https://raw.githubusercontent.com/Olamide7920/scalp_disease_project/main/datasets/hair_only/scalp_diseases/contact_dermatitis/contact_dermatitis_0471_jpg.rf.9lrNUYwVjevjiWIINh9w.jpg,datasets/hair_only/scalp_diseases/contact_dermatitis/contact_dermatitis_0471_jpg.rf.9lrNUYwVjevjiWIINh9w.jpg
https://raw.githubusercontent.com/Olamide7920/scalp_disease_project/main/datasets/hair_only/scalp_diseases/contact_dermatitis/contact_dermatitis_0472_jpg.rf.PSxdWx2xq2rEREFstFlI.jpg,datasets/hair_only/scalp_diseases/contact_dermatitis/contact_dermatitis_0472_jpg.rf.PSxdWx2xq2rEREFstFlI.jpg
https://raw.githubusercontent.com/Olamide7920/scalp_disease_project/main/datasets/hair_only/scalp_diseases/contact_dermatitis/contact_dermatitis_0473_jpg.rf.m7rCvIgRSsiwx82k0eLu.jpg,datasets/hair_only/scalp_diseases/contact_dermatitis/contact_dermatitis_0473_jpg.rf.m7rCvIgRSsiwx82k0eLu.jpg
https://raw.githubusercontent.com/Olamide7920/scalp_disease_project/main/datasets/hair_only/scalp_diseases/contact_dermatitis/contact_dermatitis_0474_jpg.rf.U4UlwKUR5pXryAjI6qAA.jpg,datasets/hair_only/scalp_diseases/contact_dermatitis/contact_dermatitis_0474_jpg.rf.U4UlwKUR5pXryAjI6qAA.jpg
https://raw.githubusercontent.com/Olamide7920/scalp_disease_project/main/datasets/hair_only/scalp_diseases/contact_dermatitis/contact_dermatitis_0475_jpg.rf.2zcZK4m51FYDOBtQ43Aj.jpg,datasets/hair_only/scalp_diseases/contact_dermatitis/contact_dermatitis_0475_jpg.rf.2zcZK4m51FYDOBtQ43Aj.jpg
https://raw.githubusercontent.com/Olamide7920/scalp_disease_project/main/datasets/hair_only/scalp_diseases/contact_dermatitis/contact_dermatitis_0476_jpg.rf.8zH36EDnaWD9v4D5NcH1.jpg,datasets/hair_only/scalp_diseases/contact_dermatitis/contact_dermatitis_0476_jpg.rf.8zH36EDnaWD9v4D5NcH1.jpg
https://raw.githubusercontent.com/Olamide7920/scalp_disease_project/main/datasets/hair_only/scalp_diseases/contact_dermatitis/contact_dermatitis_0477_jpg.rf.e8nWeMUC226hf3736Bzd.jpg,datasets/hair_only/scalp_diseases/contact_dermatitis/contact_dermatitis_0477_jpg.rf.e8nWeMUC226hf3736Bzd.jpg
https://raw.githubusercontent.com/Olamide7920/scalp_disease_project/main/datasets/hair_only/scalp_diseases/contact_dermatitis/contact_dermatitis_0478_jpg.rf.lRgwAqMgwSTHLVYRgdyA.jpg,datasets/hair_only/scalp_diseases/contact_dermatitis/contact_dermatitis_0478_jpg.rf.lRgwAqMgwSTHLVYRgdyA.jpg
https://raw.githubusercontent.com/Olamide7920/scalp_disease_project/main/datasets/hair_only/scalp_diseases/contact_dermatitis/contact_dermatitis_0479_jpg.rf.lAzHZovZ8IAPJQX5jPTs.jpg,datasets/hair_only/scalp_diseases/contact_dermatitis/contact_dermatitis_0479_jpg.rf.lAzHZovZ8IAPJQX5jPTs.jpg
https://raw.githubusercontent.com/Olamide7920/scalp_disease_project/main/datasets/hair_only/scalp_diseases/contact_dermatitis/contact_dermatitis_0480_jpg.rf.JKcp6FiQXvhvLTShFQcC.jpg,datasets/hair_only/scalp_diseases/contact_dermatitis/contact_dermatitis_0480_jpg.rf.JKcp6FiQXvhvLTShFQcC.jpg
https://raw.githubusercontent.com/Olamide7920/scalp_disease_project/main/datasets/hair_only/scalp_diseases/contact_dermatitis/contact_dermatitis_0481_jpg.rf.yAUkYWE2YqNtPFJk6280.jpg,datasets/hair_only/scalp_diseases/contact_dermatitis/contact_dermatitis_0481_jpg.rf.yAUkYWE2YqNtPFJk6280.jpg
https://raw.githubusercontent.com/Olamide7920/scalp_disease_project/main/datasets/hair_only/scalp_diseases/contact_dermatitis/contact_dermatitis_0482_jpg.rf.B9zd8do0FPkUtYmKk6dw.jpg,datasets/hair_only/scalp_diseases/contact_dermatitis/contact_dermatitis_0482_jpg.rf.B9zd8do0FPkUtYmKk6dw.jpg
https://raw.githubusercontent.com/Olamide7920/scalp_disease_project/main/datasets/hair_only/scalp_diseases/contact_dermatitis/contact_dermatitis_0483_jpg.rf.kLXDd39JARIWTrD6JPZm.jpg,datasets/hair_only/scalp_diseases/contact_dermatitis/contact_dermatitis_0483_jpg.rf.kLXDd39JARIWTrD6JPZm.jpg
https://raw.githubusercontent.com/Olamide7920/scalp_disease_project/main/datasets/hair_only/scalp_diseases/contact_dermatitis/contact_dermatitis_0484_jpg.rf.Ei9Jb6eG1ChrYr0QjsUH.jpg,datasets/hair_only/scalp_diseases/contact_dermatitis/contact_dermatitis_0484_jpg.rf.Ei9Jb6eG1ChrYr0QjsUH.jpg
https://raw.githubusercontent.com/Olamide7920/scalp_disease_project/main/datasets/hair_only/scalp_diseases/contact_dermatitis/contact_dermatitis_0485_jpg.rf.2ntFXRYNWzHT9Elx6uGO.jpg,datasets/hair_only/scalp_diseases/contact_dermatitis/contact_dermatitis_0485_jpg.rf.2ntFXRYNWzHT9Elx6uGO.jpg
https://raw.githubusercontent.com/Olamide7920/scalp_disease_project/main/datasets/hair_only/scalp_diseases/contact_dermatitis/contact_dermatitis_0486_jpg.rf.TpnQDgxJBsLuo3aXthyJ.jpg,datasets/hair_only/scalp_diseases/contact_dermatitis/contact_dermatitis_0486_jpg.rf.TpnQDgxJBsLuo3aXthyJ.jpg
https://raw.githubusercontent.com/Olamide7920/scalp_disease_project/main/datasets/hair_only/scalp_diseases/contact_dermatitis/contact_dermatitis_0487_jpg.rf.YA5qAeJCajKTzqr5ZR7N.jpg,datasets/hair_only/scalp_diseases/contact_dermatitis/contact_dermatitis_0487_jpg.rf.YA5qAeJCajKTzqr5ZR7N.jpg
https://raw.githubusercontent.com/Olamide7920/scalp_disease_project/main/datasets/hair_only/scalp_diseases/contact_dermatitis/contact_dermatitis_0488_jpg.rf.lZNpSqq79dVFDT9E1DOi.jpg,datasets/hair_only/scalp_diseases/contact_dermatitis/contact_dermatitis_0488_jpg.rf.lZNpSqq79dVFDT9E1DOi.jpg
https://raw.githubusercontent.com/Olamide7920/scalp_disease_project/main/datasets/hair_only/scalp_diseases/contact_dermatitis/contact_dermatitis_0489_jpg.rf.eebMcLaQlPVkezQA307f.jpg,datasets/hair_only/scalp_diseases/contact_dermatitis/contact_dermatitis_0489_jpg.rf.eebMcLaQlPVkezQA307f.jpg
https://raw.githubusercontent.com/Olamide7920/scalp_disease_project/main/datasets/hair_only/scalp_diseases/contact_dermatitis/contact_dermatitis_0490_jpg.rf.ozyt2VovC3HJSFLmttY7.jpg,datasets/hair_only/scalp_diseases/contact_dermatitis/contact_dermatitis_0490_jpg.rf.ozyt2VovC3HJSFLmttY7.jpg
https://raw.githubusercontent.com/Olamide7920/scalp_disease_project/main/datasets/hair_only/scalp_diseases/contact_dermatitis/contact_dermatitis_0491_jpg.rf.UhXZY4jf7UBCPSWuXJYl.jpg,datasets/hair_only/scalp_diseases/contact_dermatitis/contact_dermatitis_0491_jpg.rf.UhXZY4jf7UBCPSWuXJYl.jpg
https://raw.githubusercontent.com/Olamide7920/scalp_disease_project/main/datasets/hair_only/scalp_diseases/contact_dermatitis/contact_dermatitis_0492_jpg.rf.XzMO3vy82JAUya2wWXzH.jpg,datasets/hair_only/scalp_diseases/contact_dermatitis/contact_dermatitis_0492_jpg.rf.XzMO3vy82JAUya2wWXzH.jpg
https://raw.githubusercontent.com/Olamide7920/scalp_disease_project/main/datasets/hair_only/scalp_diseases/contact_dermatitis/contact_dermatitis_0493_jpg.rf.zU98Gm1sg01jFbHJpxLS.jpg,datasets/hair_only/scalp_diseases/contact_dermatitis/contact_dermatitis_0493_jpg.rf.zU98Gm1sg01jFbHJpxLS.jpg
https://raw.githubusercontent.com/Olamide7920/scalp_disease_project/main/datasets/hair_only/scalp_diseases/contact_dermatitis/contact_dermatitis_0494_jpg.rf.iei2SDFd0s8vGf4mqsEy.jpg,datasets/hair_only/scalp_diseases/contact_dermatitis/contact_dermatitis_0494_jpg.rf.iei2SDFd0s8vGf4mqsEy.jpg
https://raw.githubusercontent.com/Olamide7920/scalp_disease_project/main/datasets/hair_only/scalp_diseases/contact_dermatitis/contact_dermatitis_0495_jpg.rf.JqrsOLX3ua3GySEcJAZR.jpg,datasets/hair_only/scalp_diseases/contact_dermatitis/contact_dermatitis_0495_jpg.rf.JqrsOLX3ua3GySEcJAZR.jpg
https://raw.githubusercontent.com/Olamide7920/scalp_disease_project/main/datasets/hair_only/scalp_diseases/contact_dermatitis/contact_dermatitis_0496_jpg.rf.1rTXsFJHiZq0snErBmmm.jpg,datasets/hair_only/scalp_diseases/contact_dermatitis/contact_dermatitis_0496_jpg.rf.1rTXsFJHiZq0snErBmmm.jpg
https://raw.githubusercontent.com/Olamide7920/scalp_disease_project/main/datasets/hair_only/scalp_diseases/contact_dermatitis/contact_dermatitis_0497_jpg.rf.pGFE2LoSS4UWirzKLTP7.jpg,datasets/hair_only/scalp_diseases/contact_dermatitis/contact_dermatitis_0497_jpg.rf.pGFE2LoSS4UWirzKLTP7.jpg
https://raw.githubusercontent.com/Olamide7920/scalp_disease_project/main/datasets/hair_only/scalp_diseases/contact_dermatitis/contact_dermatitis_0498_jpg.rf.zifP940cOlVD7GcufYfp.jpg,datasets/hair_only/scalp_diseases/contact_dermatitis/contact_dermatitis_0498_jpg.rf.zifP940cOlVD7GcufYfp.jpg
https://raw.githubusercontent.com/Olamide7920/scalp_disease_project/main/datasets/hair_only/scalp_diseases/contact_dermatitis/contact_dermatitis_0499_jpg.rf.I29VcFaT4YBEd7Wqan3W.jpg,datasets/hair_only/scalp_diseases/contact_dermatitis/contact_dermatitis_0499_jpg.rf.I29VcFaT4YBEd7Wqan3W.jpg
https://raw.githubusercontent.com/Olamide7920/scalp_disease_project/main/datasets/hair_only/scalp_diseases/contact_dermatitis/contact_dermatitis_0500_jpg.rf.M2OyeCeJbR7odHu5dtKX.jpg,datasets/hair_only/scalp_diseases/contact_dermatitis/contact_dermatitis_0500_jpg.rf.M2OyeCeJbR7odHu5dtKX.jpg
https://raw.githubusercontent.com/Olamide7920/scalp_disease_project/main/datasets/hair_only/scalp_diseases/contact_dermatitis/contact_dermatitis_0501_jpg.rf.WtiNd9RV2qh6jPrmyGxa.jpg,datasets/hair_only/scalp_diseases/contact_dermatitis/contact_dermatitis_0501_jpg.rf.WtiNd9RV2qh6jPrmyGxa.jpg
https://raw.githubusercontent.com/Olamide7920/scalp_disease_project/main/datasets/hair_only/scalp_diseases/contact_dermatitis/contact_dermatitis_0502_jpg.rf.fZOAroOCwtQkeKZouFWU.jpg,datasets/hair_only/scalp_diseases/contact_dermatitis/contact_dermatitis_0502_jpg.rf.fZOAroOCwtQkeKZouFWU.jpg
https://raw.githubusercontent.com/Olamide7920/scalp_disease_project/main/datasets/hair_only/scalp_diseases/contact_dermatitis/contact_dermatitis_0503_jpg.rf.LSZfDVFs7BXyfQjJ66PM.jpg,datasets/hair_only/scalp_diseases/contact_dermatitis/contact_dermatitis_0503_jpg.rf.LSZfDVFs7BXyfQjJ66PM.jpg
https://raw.githubusercontent.com/Olamide7920/scalp_disease_project/main/datasets/hair_only/scalp_diseases/contact_dermatitis/contact_dermatitis_0504_jpg.rf.dj8ZPMgkzbxruBv4azNf.jpg,datasets/hair_only/scalp_diseases/contact_dermatitis/contact_dermatitis_0504_jpg.rf.dj8ZPMgkzbxruBv4azNf.jpg
https://raw.githubusercontent.com/Olamide7920/scalp_disease_project/main/datasets/hair_only/scalp_diseases/contact_dermatitis/contact_dermatitis_0505_jpg.rf.nAUiiBcnS9uLLX0DI4sA.jpg,datasets/hair_only/scalp_diseases/contact_dermatitis/contact_dermatitis_0505_jpg.rf.nAUiiBcnS9uLLX0DI4sA.jpg
https://raw.githubusercontent.com/Olamide7920/scalp_disease_project/main/datasets/hair_only/scalp_diseases/contact_dermatitis/contact_dermatitis_0506_jpg.rf.TVI2jA3wdaDxc0LFjAKo.jpg,datasets/hair_only/scalp_diseases/contact_dermatitis/contact_dermatitis_0506_jpg.rf.TVI2jA3wdaDxc0LFjAKo.jpg
https://raw.githubusercontent.com/Olamide7920/scalp_disease_project/main/datasets/hair_only/scalp_diseases/contact_dermatitis/contact_dermatitis_0507_jpg.rf.45tGYfRKnVl1Jbu4NSdI.jpg,datasets/hair_only/scalp_diseases/contact_dermatitis/contact_dermatitis_0507_jpg.rf.45tGYfRKnVl1Jbu4NSdI.jpg
https://raw.githubusercontent.com/Olamide7920/scalp_disease_project/main/datasets/hair_only/scalp_diseases/contact_dermatitis/contact_dermatitis_0508_jpg.rf.Mn4ODsRSGTacIPDD13kf.jpg,datasets/hair_only/scalp_diseases/contact_dermatitis/contact_dermatitis_0508_jpg.rf.Mn4ODsRSGTacIPDD13kf.jpg
https://raw.githubusercontent.com/Olamide7920/scalp_disease_project/main/datasets/hair_only/scalp_diseases/contact_dermatitis/contact_dermatitis_0509_jpg.rf.o43mCay2hIJTbDBXGwyx.jpg,datasets/hair_only/scalp_diseases/contact_dermatitis/contact_dermatitis_0509_jpg.rf.o43mCay2hIJTbDBXGwyx.jpg
https://raw.githubusercontent.com/Olamide7920/scalp_disease_project/main/datasets/hair_only/scalp_diseases/contact_dermatitis/contact_dermatitis_0510_jpg.rf.fEvEVLwjnGAXim2A5zU0.jpg,datasets/hair_only/scalp_diseases/contact_dermatitis/contact_dermatitis_0510_jpg.rf.fEvEVLwjnGAXim2A5zU0.jpg
https://raw.githubusercontent.com/Olamide7920/scalp_disease_project/main/datasets/hair_only/scalp_diseases/contact_dermatitis/contact_dermatitis_0511_jpg.rf.FxfKuvqHfQyMLQU5asvl.jpg,datasets/hair_only/scalp_diseases/contact_dermatitis/contact_dermatitis_0511_jpg.rf.FxfKuvqHfQyMLQU5asvl.jpg
https://raw.githubusercontent.com/Olamide7920/scalp_disease_project/main/datasets/hair_only/scalp_diseases/contact_dermatitis/contact_dermatitis_0512_jpg.rf.0uL6oqKN3NZR4426IWKR.jpg,datasets/hair_only/scalp_diseases/contact_dermatitis/contact_dermatitis_0512_jpg.rf.0uL6oqKN3NZR4426IWKR.jpg
https://raw.githubusercontent.com/Olamide7920/scalp_disease_project/main/datasets/hair_only/scalp_diseases/contact_dermatitis/contact_dermatitis_0513_jpg.rf.1IkYGh2MqIBK2rLjVHgl.jpg,datasets/hair_only/scalp_diseases/contact_dermatitis/contact_dermatitis_0513_jpg.rf.1IkYGh2MqIBK2rLjVHgl.jpg
https://raw.githubusercontent.com/Olamide7920/scalp_disease_project/main/datasets/hair_only/scalp_diseases/contact_dermatitis/contact_dermatitis_0514_jpg.rf.5qp4fsaeqeSDKA5tgF5l.jpg,datasets/hair_only/scalp_diseases/contact_dermatitis/contact_dermatitis_0514_jpg.rf.5qp4fsaeqeSDKA5tgF5l.jpg
https://raw.githubusercontent.com/Olamide7920/scalp_disease_project/main/datasets/hair_only/scalp_diseases/contact_dermatitis/contact_dermatitis_0515_jpg.rf.3AZljmhLDhEE4XS9slEn.jpg,datasets/hair_only/scalp_diseases/contact_dermatitis/contact_dermatitis_0515_jpg.rf.3AZljmhLDhEE4XS9slEn.jpg
https://raw.githubusercontent.com/Olamide7920/scalp_disease_project/main/datasets/hair_only/scalp_diseases/contact_dermatitis/contact_dermatitis_0516_jpg.rf.UK7sS1iMceZW6Ep0jHp9.jpg,datasets/hair_only/scalp_diseases/contact_dermatitis/contact_dermatitis_0516_jpg.rf.UK7sS1iMceZW6Ep0jHp9.jpg
https://raw.githubusercontent.com/Olamide7920/scalp_disease_project/main/datasets/hair_only/scalp_diseases/contact_dermatitis/contact_dermatitis_0517_jpg.rf.ljrtGK5asibbvsLmMIl0.jpg,datasets/hair_only/scalp_diseases/contact_dermatitis/contact_dermatitis_0517_jpg.rf.ljrtGK5asibbvsLmMIl0.jpg
https://raw.githubusercontent.com/Olamide7920/scalp_disease_project/main/datasets/hair_only/scalp_diseases/contact_dermatitis/contact_dermatitis_0518_jpg.rf.gCJ9g3XhkkeCISNj7uQV.jpg,datasets/hair_only/scalp_diseases/contact_dermatitis/contact_dermatitis_0518_jpg.rf.gCJ9g3XhkkeCISNj7uQV.jpg
https://raw.githubusercontent.com/Olamide7920/scalp_disease_project/main/datasets/hair_only/scalp_diseases/contact_dermatitis/contact_dermatitis_0519_jpg.rf.xhoYkBo6RPhKNAg0MfBM.jpg,datasets/hair_only/scalp_diseases/contact_dermatitis/contact_dermatitis_0519_jpg.rf.xhoYkBo6RPhKNAg0MfBM.jpg
https://raw.githubusercontent.com/Olamide7920/scalp_disease_project/main/datasets/hair_only/scalp_diseases/contact_dermatitis/contact_dermatitis_0520_jpg.rf.VQzQhyiomdSptWM9BWPG.jpg,datasets/hair_only/scalp_diseases/contact_dermatitis/contact_dermatitis_0520_jpg.rf.VQzQhyiomdSptWM9BWPG.jpg
https://raw.githubusercontent.com/Olamide7920/scalp_disease_project/main/datasets/hair_only/scalp_diseases/contact_dermatitis/contact_dermatitis_0521_jpg.rf.8M7zJa2acwbHWZXKPeqb.jpg,datasets/hair_only/scalp_diseases/contact_dermatitis/contact_dermatitis_0521_jpg.rf.8M7zJa2acwbHWZXKPeqb.jpg
https://raw.githubusercontent.com/Olamide7920/scalp_disease_project/main/datasets/hair_only/scalp_diseases/contact_dermatitis/contact_dermatitis_0522_jpg.rf.X5tdIloA4m5OeRD2fupC.jpg,datasets/hair_only/scalp_diseases/contact_dermatitis/contact_dermatitis_0522_jpg.rf.X5tdIloA4m5OeRD2fupC.jpg
https://raw.githubusercontent.com/Olamide7920/scalp_disease_project/main/datasets/hair_only/scalp_diseases/contact_dermatitis/contact_dermatitis_0523_jpg.rf.N98p5FoUO8bG1U4XAQbn.jpg,datasets/hair_only/scalp_diseases/contact_dermatitis/contact_dermatitis_0523_jpg.rf.N98p5FoUO8bG1U4XAQbn.jpg
https://raw.githubusercontent.com/Olamide7920/scalp_disease_project/main/datasets/hair_only/scalp_diseases/contact_dermatitis/contact_dermatitis_0524_jpg.rf.q3AhIVMHMVxheWdmNRdW.jpg,datasets/hair_only/scalp_diseases/contact_dermatitis/contact_dermatitis_0524_jpg.rf.q3AhIVMHMVxheWdmNRdW.jpg
https://raw.githubusercontent.com/Olamide7920/scalp_disease_project/main/datasets/hair_only/scalp_diseases/contact_dermatitis/contact_dermatitis_0525_jpg.rf.9RzmCKgRq2a72iPlAOmi.jpg,datasets/hair_only/scalp_diseases/contact_dermatitis/contact_dermatitis_0525_jpg.rf.9RzmCKgRq2a72iPlAOmi.jpg
https://raw.githubusercontent.com/Olamide7920/scalp_disease_project/main/datasets/hair_only/scalp_diseases/contact_dermatitis/contact_dermatitis_0526_jpg.rf.N85R9OfKsRR4yNWtzeYe.jpg,datasets/hair_only/scalp_diseases/contact_dermatitis/contact_dermatitis_0526_jpg.rf.N85R9OfKsRR4yNWtzeYe.jpg
https://raw.githubusercontent.com/Olamide7920/scalp_disease_project/main/datasets/hair_only/scalp_diseases/contact_dermatitis/contact_dermatitis_0527_jpg.rf.5GWpTTmLVum2rlxiwnB8.jpg,datasets/hair_only/scalp_diseases/contact_dermatitis/contact_dermatitis_0527_jpg.rf.5GWpTTmLVum2rlxiwnB8.jpg
https://raw.githubusercontent.com/Olamide7920/scalp_disease_project/main/datasets/hair_only/scalp_diseases/contact_dermatitis/contact_dermatitis_0528_jpg.rf.92BeVT83gEElCiGw0CYG.jpg,datasets/hair_only/scalp_diseases/contact_dermatitis/contact_dermatitis_0528_jpg.rf.92BeVT83gEElCiGw0CYG.jpg
https://raw.githubusercontent.com/Olamide7920/scalp_disease_project/main/datasets/hair_only/scalp_diseases/contact_dermatitis/contact_dermatitis_0529_jpg.rf.yk2nBf6twLACV9SrgbRT.jpg,datasets/hair_only/scalp_diseases/contact_dermatitis/contact_dermatitis_0529_jpg.rf.yk2nBf6twLACV9SrgbRT.jpg
https://raw.githubusercontent.com/Olamide7920/scalp_disease_project/main/datasets/hair_only/scalp_diseases/contact_dermatitis/contact_dermatitis_0530_jpg.rf.S7UUJufyl69LpVbtxD9A.jpg,datasets/hair_only/scalp_diseases/contact_dermatitis/contact_dermatitis_0530_jpg.rf.S7UUJufyl69LpVbtxD9A.jpg
https://raw.githubusercontent.com/Olamide7920/scalp_disease_project/main/datasets/hair_only/scalp_diseases/contact_dermatitis/contact_dermatitis_0531_jpg.rf.fQnNTXK4cR68il78Pajt.jpg,datasets/hair_only/scalp_diseases/contact_dermatitis/contact_dermatitis_0531_jpg.rf.fQnNTXK4cR68il78Pajt.jpg
https://raw.githubusercontent.com/Olamide7920/scalp_disease_project/main/datasets/hair_only/scalp_diseases/contact_dermatitis/contact_dermatitis_0532_jpg.rf.8pnohJtGtvGOpBx1fTBP.jpg,datasets/hair_only/scalp_diseases/contact_dermatitis/contact_dermatitis_0532_jpg.rf.8pnohJtGtvGOpBx1fTBP.jpg
https://raw.githubusercontent.com/Olamide7920/scalp_disease_project/main/datasets/hair_only/scalp_diseases/contact_dermatitis/contact_dermatitis_0533_jpg.rf.VTOWaE4IXa2v1jgBV43g.jpg,datasets/hair_only/scalp_diseases/contact_dermatitis/contact_dermatitis_0533_jpg.rf.VTOWaE4IXa2v1jgBV43g.jpg
https://raw.githubusercontent.com/Olamide7920/scalp_disease_project/main/datasets/hair_only/scalp_diseases/contact_dermatitis/contact_dermatitis_0534_jpg.rf.XSDQWcz9gVeCo9xBqmKn.jpg,datasets/hair_only/scalp_diseases/contact_dermatitis/contact_dermatitis_0534_jpg.rf.XSDQWcz9gVeCo9xBqmKn.jpg
https://raw.githubusercontent.com/Olamide7920/scalp_disease_project/main/datasets/hair_only/scalp_diseases/contact_dermatitis/contact_dermatitis_0535_jpg.rf.DGn137YAQx8462d1RZeI.jpg,datasets/hair_only/scalp_diseases/contact_dermatitis/contact_dermatitis_0535_jpg.rf.DGn137YAQx8462d1RZeI.jpg
https://raw.githubusercontent.com/Olamide7920/scalp_disease_project/main/datasets/hair_only/scalp_diseases/contact_dermatitis/contact_dermatitis_0536_jpg.rf.Yq6mw0tYy0zaWCLQsZgr.jpg,datasets/hair_only/scalp_diseases/contact_dermatitis/contact_dermatitis_0536_jpg.rf.Yq6mw0tYy0zaWCLQsZgr.jpg
https://raw.githubusercontent.com/Olamide7920/scalp_disease_project/main/datasets/hair_only/scalp_diseases/contact_dermatitis/contact_dermatitis_0537_jpg.rf.2YHjIZYyPDXQLErKLgXD.jpg,datasets/hair_only/scalp_diseases/contact_dermatitis/contact_dermatitis_0537_jpg.rf.2YHjIZYyPDXQLErKLgXD.jpg
https://raw.githubusercontent.com/Olamide7920/scalp_disease_project/main/datasets/hair_only/scalp_diseases/contact_dermatitis/contact_dermatitis_0538_jpg.rf.7KSLNJND2KemBiwzmTYl.jpg,datasets/hair_only/scalp_diseases/contact_dermatitis/contact_dermatitis_0538_jpg.rf.7KSLNJND2KemBiwzmTYl.jpg
https://raw.githubusercontent.com/Olamide7920/scalp_disease_project/main/datasets/hair_only/scalp_diseases/contact_dermatitis/contact_dermatitis_0539_jpg.rf.W6T3OvuWx2LXD8xXVA0Y.jpg,datasets/hair_only/scalp_diseases/contact_dermatitis/contact_dermatitis_0539_jpg.rf.W6T3OvuWx2LXD8xXVA0Y.jpg
https://raw.githubusercontent.com/Olamide7920/scalp_disease_project/main/datasets/hair_only/scalp_diseases/contact_dermatitis/contact_dermatitis_0540_jpg.rf.dC8y4MTYGQMlFNw4gRxN.jpg,datasets/hair_only/scalp_diseases/contact_dermatitis/contact_dermatitis_0540_jpg.rf.dC8y4MTYGQMlFNw4gRxN.jpg
https://raw.githubusercontent.com/Olamide7920/scalp_disease_project/main/datasets/hair_only/scalp_diseases/contact_dermatitis/contact_dermatitis_0541_jpg.rf.9xRthuguUczDGRBFnesr.jpg,datasets/hair_only/scalp_diseases/contact_dermatitis/contact_dermatitis_0541_jpg.rf.9xRthuguUczDGRBFnesr.jpg
https://raw.githubusercontent.com/Olamide7920/scalp_disease_project/main/datasets/hair_only/scalp_diseases/contact_dermatitis/contact_dermatitis_0542_jpg.rf.NTSvAuLP2RXBENfl0Mou.jpg,datasets/hair_only/scalp_diseases/contact_dermatitis/contact_dermatitis_0542_jpg.rf.NTSvAuLP2RXBENfl0Mou.jpg
https://raw.githubusercontent.com/Olamide7920/scalp_disease_project/main/datasets/hair_only/scalp_diseases/contact_dermatitis/contact_dermatitis_0543_jpg.rf.SKBQ0dV90kL26iizFuMR.jpg,datasets/hair_only/scalp_diseases/contact_dermatitis/contact_dermatitis_0543_jpg.rf.SKBQ0dV90kL26iizFuMR.jpg
https://raw.githubusercontent.com/Olamide7920/scalp_disease_project/main/datasets/hair_only/scalp_diseases/contact_dermatitis/contact_dermatitis_0544_jpg.rf.mk3DU7cCq9vEEcm4vRj0.jpg,datasets/hair_only/scalp_diseases/contact_dermatitis/contact_dermatitis_0544_jpg.rf.mk3DU7cCq9vEEcm4vRj0.jpg
https://raw.githubusercontent.com/Olamide7920/scalp_disease_project/main/datasets/hair_only/scalp_diseases/contact_dermatitis/contact_dermatitis_0545_jpg.rf.IPmZT9oBQ7Vl8CMYJ1io.jpg,datasets/hair_only/scalp_diseases/contact_dermatitis/contact_dermatitis_0545_jpg.rf.IPmZT9oBQ7Vl8CMYJ1io.jpg
https://raw.githubusercontent.com/Olamide7920/scalp_disease_project/main/datasets/hair_only/scalp_diseases/contact_dermatitis/contact_dermatitis_0546_jpg.rf.IxWvanU5chfEX2c5EvZ5.jpg,datasets/hair_only/scalp_diseases/contact_dermatitis/contact_dermatitis_0546_jpg.rf.IxWvanU5chfEX2c5EvZ5.jpg
https://raw.githubusercontent.com/Olamide7920/scalp_disease_project/main/datasets/hair_only/scalp_diseases/contact_dermatitis/contact_dermatitis_0547_jpg.rf.mcdCBq76EeEfxjhnxz1J.jpg,datasets/hair_only/scalp_diseases/contact_dermatitis/contact_dermatitis_0547_jpg.rf.mcdCBq76EeEfxjhnxz1J.jpg
https://raw.githubusercontent.com/Olamide7920/scalp_disease_project/main/datasets/hair_only/scalp_diseases/contact_dermatitis/contact_dermatitis_0548_jpg.rf.8xZ8sdNjyLe5dBS5yZtZ.jpg,datasets/hair_only/scalp_diseases/contact_dermatitis/contact_dermatitis_0548_jpg.rf.8xZ8sdNjyLe5dBS5yZtZ.jpg
https://raw.githubusercontent.com/Olamide7920/scalp_disease_project/main/datasets/hair_only/scalp_diseases/contact_dermatitis/contact_dermatitis_0549_jpg.rf.ao36rcOcLmfa8uozBKF9.jpg,datasets/hair_only/scalp_diseases/contact_dermatitis/contact_dermatitis_0549_jpg.rf.ao36rcOcLmfa8uozBKF9.jpg
https://raw.githubusercontent.com/Olamide7920/scalp_disease_project/main/datasets/hair_only/scalp_diseases/contact_dermatitis/contact_dermatitis_0550_jpg.rf.u6CJEUGcCe8RQ2eL7TOo.jpg,datasets/hair_only/scalp_diseases/contact_dermatitis/contact_dermatitis_0550_jpg.rf.u6CJEUGcCe8RQ2eL7TOo.jpg
https://raw.githubusercontent.com/Olamide7920/scalp_disease_project/main/datasets/hair_only/scalp_diseases/contact_dermatitis/contact_dermatitis_0551_jpg.rf.GQ7rLXaVMNexhD2mCAIX.jpg,datasets/hair_only/scalp_diseases/contact_dermatitis/contact_dermatitis_0551_jpg.rf.GQ7rLXaVMNexhD2mCAIX.jpg
https://raw.githubusercontent.com/Olamide7920/scalp_disease_project/main/datasets/hair_only/scalp_diseases/contact_dermatitis/contact_dermatitis_0552_jpg.rf.W8ccjP93FeiAFHpTmxa8.jpg,datasets/hair_only/scalp_diseases/contact_dermatitis/contact_dermatitis_0552_jpg.rf.W8ccjP93FeiAFHpTmxa8.jpg
https://raw.githubusercontent.com/Olamide7920/scalp_disease_project/main/datasets/hair_only/scalp_diseases/contact_dermatitis/contact_dermatitis_0553_jpg.rf.7B2921nGdKzKyHKLQa8s.jpg,datasets/hair_only/scalp_diseases/contact_dermatitis/contact_dermatitis_0553_jpg.rf.7B2921nGdKzKyHKLQa8s.jpg
https://raw.githubusercontent.com/Olamide7920/scalp_disease_project/main/datasets/hair_only/scalp_diseases/contact_dermatitis/contact_dermatitis_0554_jpg.rf.7hlEbBbuQLkUcxgcF8Y0.jpg,datasets/hair_only/scalp_diseases/contact_dermatitis/contact_dermatitis_0554_jpg.rf.7hlEbBbuQLkUcxgcF8Y0.jpg
https://raw.githubusercontent.com/Olamide7920/scalp_disease_project/main/datasets/hair_only/scalp_diseases/contact_dermatitis/contact_dermatitis_0555_jpg.rf.OPbv1yF2f0X6xXAFVRkM.jpg,datasets/hair_only/scalp_diseases/contact_dermatitis/contact_dermatitis_0555_jpg.rf.OPbv1yF2f0X6xXAFVRkM.jpg
https://raw.githubusercontent.com/Olamide7920/scalp_disease_project/main/datasets/hair_only/scalp_diseases/contact_dermatitis/contact_dermatitis_0556_jpg.rf.RyHpVXti7az5XlehtzD0.jpg,datasets/hair_only/scalp_diseases/contact_dermatitis/contact_dermatitis_0556_jpg.rf.RyHpVXti7az5XlehtzD0.jpg
https://raw.githubusercontent.com/Olamide7920/scalp_disease_project/main/datasets/hair_only/scalp_diseases/contact_dermatitis/contact_dermatitis_0557_jpg.rf.04W9K6ErezBbS14EYiEx.jpg,datasets/hair_only/scalp_diseases/contact_dermatitis/contact_dermatitis_0557_jpg.rf.04W9K6ErezBbS14EYiEx.jpg
https://raw.githubusercontent.com/Olamide7920/scalp_disease_project/main/datasets/hair_only/scalp_diseases/contact_dermatitis/contact_dermatitis_0558_jpg.rf.3uVlUHrWFHCXpKDqgGno.jpg,datasets/hair_only/scalp_diseases/contact_dermatitis/contact_dermatitis_0558_jpg.rf.3uVlUHrWFHCXpKDqgGno.jpg
https://raw.githubusercontent.com/Olamide7920/scalp_disease_project/main/datasets/hair_only/scalp_diseases/contact_dermatitis/contact_dermatitis_0559_jpg.rf.hejjCiKDriYahiOeaNUs.jpg,datasets/hair_only/scalp_diseases/contact_dermatitis/contact_dermatitis_0559_jpg.rf.hejjCiKDriYahiOeaNUs.jpg
https://raw.githubusercontent.com/Olamide7920/scalp_disease_project/main/datasets/hair_only/scalp_diseases/contact_dermatitis/contact_dermatitis_0560_jpg.rf.3VenLnmDderNdEkEWMSu.jpg,datasets/hair_only/scalp_diseases/contact_dermatitis/contact_dermatitis_0560_jpg.rf.3VenLnmDderNdEkEWMSu.jpg
https://raw.githubusercontent.com/Olamide7920/scalp_disease_project/main/datasets/hair_only/scalp_diseases/contact_dermatitis/contact_dermatitis_0561_jpg.rf.O7GJ2dsOLZOpZ2PJlobA.jpg,datasets/hair_only/scalp_diseases/contact_dermatitis/contact_dermatitis_0561_jpg.rf.O7GJ2dsOLZOpZ2PJlobA.jpg
https://raw.githubusercontent.com/Olamide7920/scalp_disease_project/main/datasets/hair_only/scalp_diseases/contact_dermatitis/contact_dermatitis_0562_jpg.rf.Let4V1KQEtf7Zy1aCQ0N.jpg,datasets/hair_only/scalp_diseases/contact_dermatitis/contact_dermatitis_0562_jpg.rf.Let4V1KQEtf7Zy1aCQ0N.jpg
https://raw.githubusercontent.com/Olamide7920/scalp_disease_project/main/datasets/hair_only/scalp_diseases/contact_dermatitis/contact_dermatitis_0563_jpg.rf.whBslwhzLeiDwlnok8oT.jpg,datasets/hair_only/scalp_diseases/contact_dermatitis/contact_dermatitis_0563_jpg.rf.whBslwhzLeiDwlnok8oT.jpg
https://raw.githubusercontent.com/Olamide7920/scalp_disease_project/main/datasets/hair_only/scalp_diseases/contact_dermatitis/contact_dermatitis_0564_jpg.rf.a85dyN1ewf23sfr2BFzd.jpg,datasets/hair_only/scalp_diseases/contact_dermatitis/contact_dermatitis_0564_jpg.rf.a85dyN1ewf23sfr2BFzd.jpg
https://raw.githubusercontent.com/Olamide7920/scalp_disease_project/main/datasets/hair_only/scalp_diseases/contact_dermatitis/contact_dermatitis_0565_jpg.rf.n3CqUa0NmWQETlcRFmje.jpg,datasets/hair_only/scalp_diseases/contact_dermatitis/contact_dermatitis_0565_jpg.rf.n3CqUa0NmWQETlcRFmje.jpg
https://raw.githubusercontent.com/Olamide7920/scalp_disease_project/main/datasets/hair_only/scalp_diseases/contact_dermatitis/contact_dermatitis_0566_jpg.rf.UUWVSDhgxqkNPkMhZeKS.jpg,datasets/hair_only/scalp_diseases/contact_dermatitis/contact_dermatitis_0566_jpg.rf.UUWVSDhgxqkNPkMhZeKS.jpg
https://raw.githubusercontent.com/Olamide7920/scalp_disease_project/main/datasets/hair_only/scalp_diseases/contact_dermatitis/contact_dermatitis_0567_jpg.rf.bKuZE7JaNt2mmtPFOBGP.jpg,datasets/hair_only/scalp_diseases/contact_dermatitis/contact_dermatitis_0567_jpg.rf.bKuZE7JaNt2mmtPFOBGP.jpg
https://raw.githubusercontent.com/Olamide7920/scalp_disease_project/main/datasets/hair_only/scalp_diseases/contact_dermatitis/contact_dermatitis_0568_jpg.rf.KPZ7R26KVufOp1Pr3CLh.jpg,datasets/hair_only/scalp_diseases/contact_dermatitis/contact_dermatitis_0568_jpg.rf.KPZ7R26KVufOp1Pr3CLh.jpg
https://raw.githubusercontent.com/Olamide7920/scalp_disease_project/main/datasets/hair_only/scalp_diseases/contact_dermatitis/contact_dermatitis_0569_jpg.rf.pPbbZ12oTlxeVWbrTbo6.jpg,datasets/hair_only/scalp_diseases/contact_dermatitis/contact_dermatitis_0569_jpg.rf.pPbbZ12oTlxeVWbrTbo6.jpg
https://raw.githubusercontent.com/Olamide7920/scalp_disease_project/main/datasets/hair_only/scalp_diseases/contact_dermatitis/contact_dermatitis_0570_jpg.rf.naOvdCB2j1JHGaNnoZ88.jpg,datasets/hair_only/scalp_diseases/contact_dermatitis/contact_dermatitis_0570_jpg.rf.naOvdCB2j1JHGaNnoZ88.jpg
https://raw.githubusercontent.com/Olamide7920/scalp_disease_project/main/datasets/hair_only/scalp_diseases/contact_dermatitis/contact_dermatitis_0571_jpg.rf.obupfWkLEplzRiWLB6gW.jpg,datasets/hair_only/scalp_diseases/contact_dermatitis/contact_dermatitis_0571_jpg.rf.obupfWkLEplzRiWLB6gW.jpg
https://raw.githubusercontent.com/Olamide7920/scalp_disease_project/main/datasets/hair_only/scalp_diseases/contact_dermatitis/contact_dermatitis_0572_jpg.rf.eIy2UnwsiPJqpGnTyLht.jpg,datasets/hair_only/scalp_diseases/contact_dermatitis/contact_dermatitis_0572_jpg.rf.eIy2UnwsiPJqpGnTyLht.jpg
https://raw.githubusercontent.com/Olamide7920/scalp_disease_project/main/datasets/hair_only/scalp_diseases/contact_dermatitis/contact_dermatitis_0573_jpg.rf.FvhIolGeZ4SbSVmJ42UC.jpg,datasets/hair_only/scalp_diseases/contact_dermatitis/contact_dermatitis_0573_jpg.rf.FvhIolGeZ4SbSVmJ42UC.jpg
https://raw.githubusercontent.com/Olamide7920/scalp_disease_project/main/datasets/hair_only/scalp_diseases/contact_dermatitis/contact_dermatitis_0574_jpg.rf.tUoKuaGiPX2jqVEkAeJO.jpg,datasets/hair_only/scalp_diseases/contact_dermatitis/contact_dermatitis_0574_jpg.rf.tUoKuaGiPX2jqVEkAeJO.jpg
https://raw.githubusercontent.com/Olamide7920/scalp_disease_project/main/datasets/hair_only/scalp_diseases/contact_dermatitis/contact_dermatitis_0575_jpg.rf.ECooDnyYm1e7qzvLWfdJ.jpg,datasets/hair_only/scalp_diseases/contact_dermatitis/contact_dermatitis_0575_jpg.rf.ECooDnyYm1e7qzvLWfdJ.jpg
https://raw.githubusercontent.com/Olamide7920/scalp_disease_project/main/datasets/hair_only/scalp_diseases/contact_dermatitis/contact_dermatitis_0576_jpg.rf.B6F2cPd18P3v3zn8Gutb.jpg,datasets/hair_only/scalp_diseases/contact_dermatitis/contact_dermatitis_0576_jpg.rf.B6F2cPd18P3v3zn8Gutb.jpg
https://raw.githubusercontent.com/Olamide7920/scalp_disease_project/main/datasets/hair_only/scalp_diseases/contact_dermatitis/contact_dermatitis_0577_jpg.rf.fGqstcZm7CBkz44Kv2l6.jpg,datasets/hair_only/scalp_diseases/contact_dermatitis/contact_dermatitis_0577_jpg.rf.fGqstcZm7CBkz44Kv2l6.jpg
https://raw.githubusercontent.com/Olamide7920/scalp_disease_project/main/datasets/hair_only/scalp_diseases/contact_dermatitis/contact_dermatitis_0578_jpg.rf.e7SMyAusyls0TNlXA6HX.jpg,datasets/hair_only/scalp_diseases/contact_dermatitis/contact_dermatitis_0578_jpg.rf.e7SMyAusyls0TNlXA6HX.jpg
https://raw.githubusercontent.com/Olamide7920/scalp_disease_project/main/datasets/hair_only/scalp_diseases/contact_dermatitis/contact_dermatitis_0579_jpg.rf.QMh9XF5y4ku9X8wI3NYw.jpg,datasets/hair_only/scalp_diseases/contact_dermatitis/contact_dermatitis_0579_jpg.rf.QMh9XF5y4ku9X8wI3NYw.jpg
https://raw.githubusercontent.com/Olamide7920/scalp_disease_project/main/datasets/hair_only/scalp_diseases/contact_dermatitis/contact_dermatitis_0580_jpg.rf.YJqJamWcEPAKOWKPrwnM.jpg,datasets/hair_only/scalp_diseases/contact_dermatitis/contact_dermatitis_0580_jpg.rf.YJqJamWcEPAKOWKPrwnM.jpg
https://raw.githubusercontent.com/Olamide7920/scalp_disease_project/main/datasets/hair_only/scalp_diseases/contact_dermatitis/contact_dermatitis_0581_jpg.rf.4cYrY7EYXP6QKdfW8sIE.jpg,datasets/hair_only/scalp_diseases/contact_dermatitis/contact_dermatitis_0581_jpg.rf.4cYrY7EYXP6QKdfW8sIE.jpg
https://raw.githubusercontent.com/Olamide7920/scalp_disease_project/main/datasets/hair_only/scalp_diseases/contact_dermatitis/contact_dermatitis_0582_jpg.rf.yCXLs3FlmpLMC6tzRmEC.jpg,datasets/hair_only/scalp_diseases/contact_dermatitis/contact_dermatitis_0582_jpg.rf.yCXLs3FlmpLMC6tzRmEC.jpg
https://raw.githubusercontent.com/Olamide7920/scalp_disease_project/main/datasets/hair_only/scalp_diseases/contact_dermatitis/contact_dermatitis_0583_jpg.rf.jrlz4u8efryskqq3iXLG.jpg,datasets/hair_only/scalp_diseases/contact_dermatitis/contact_dermatitis_0583_jpg.rf.jrlz4u8efryskqq3iXLG.jpg
https://raw.githubusercontent.com/Olamide7920/scalp_disease_project/main/datasets/hair_only/scalp_diseases/contact_dermatitis/contact_dermatitis_0584_jpg.rf.2YY7Tivg8OVY5q3PqufY.jpg,datasets/hair_only/scalp_diseases/contact_dermatitis/contact_dermatitis_0584_jpg.rf.2YY7Tivg8OVY5q3PqufY.jpg
https://raw.githubusercontent.com/Olamide7920/scalp_disease_project/main/datasets/hair_only/scalp_diseases/contact_dermatitis/contact_dermatitis_0585_jpg.rf.WOEfLdebeO0pvKRiBpaO.jpg,datasets/hair_only/scalp_diseases/contact_dermatitis/contact_dermatitis_0585_jpg.rf.WOEfLdebeO0pvKRiBpaO.jpg
https://raw.githubusercontent.com/Olamide7920/scalp_disease_project/main/datasets/hair_only/scalp_diseases/contact_dermatitis/contact_dermatitis_0586_jpg.rf.Q0cYH2eCRsqwDU3vXZWk.jpg,datasets/hair_only/scalp_diseases/contact_dermatitis/contact_dermatitis_0586_jpg.rf.Q0cYH2eCRsqwDU3vXZWk.jpg
https://raw.githubusercontent.com/Olamide7920/scalp_disease_project/main/datasets/hair_only/scalp_diseases/contact_dermatitis/contact_dermatitis_0587_jpg.rf.VP0amZWPJ0ySRfPbeTRU.jpg,datasets/hair_only/scalp_diseases/contact_dermatitis/contact_dermatitis_0587_jpg.rf.VP0amZWPJ0ySRfPbeTRU.jpg
https://raw.githubusercontent.com/Olamide7920/scalp_disease_project/main/datasets/hair_only/scalp_diseases/contact_dermatitis/contact_dermatitis_0588_jpg.rf.mc3biuQiL6c4WFtCGkja.jpg,datasets/hair_only/scalp_diseases/contact_dermatitis/contact_dermatitis_0588_jpg.rf.mc3biuQiL6c4WFtCGkja.jpg
https://raw.githubusercontent.com/Olamide7920/scalp_disease_project/main/datasets/hair_only/scalp_diseases/contact_dermatitis/contact_dermatitis_0589_jpg.rf.6lxHUPIUVMWu400oDyPH.jpg,datasets/hair_only/scalp_diseases/contact_dermatitis/contact_dermatitis_0589_jpg.rf.6lxHUPIUVMWu400oDyPH.jpg
https://raw.githubusercontent.com/Olamide7920/scalp_disease_project/main/datasets/hair_only/scalp_diseases/contact_dermatitis/contact_dermatitis_0590_jpg.rf.3RbpnGTQ25OAoWDaln4y.jpg,datasets/hair_only/scalp_diseases/contact_dermatitis/contact_dermatitis_0590_jpg.rf.3RbpnGTQ25OAoWDaln4y.jpg
https://raw.githubusercontent.com/Olamide7920/scalp_disease_project/main/datasets/hair_only/scalp_diseases/contact_dermatitis/contact_dermatitis_0591_jpg.rf.MiqTgMgzymnThpi0KjoO.jpg,datasets/hair_only/scalp_diseases/contact_dermatitis/contact_dermatitis_0591_jpg.rf.MiqTgMgzymnThpi0KjoO.jpg
https://raw.githubusercontent.com/Olamide7920/scalp_disease_project/main/datasets/hair_only/scalp_diseases/contact_dermatitis/contact_dermatitis_0592_jpg.rf.iyrq17mjNLeNQ24C87lF.jpg,datasets/hair_only/scalp_diseases/contact_dermatitis/contact_dermatitis_0592_jpg.rf.iyrq17mjNLeNQ24C87lF.jpg
https://raw.githubusercontent.com/Olamide7920/scalp_disease_project/main/datasets/hair_only/scalp_diseases/contact_dermatitis/contact_dermatitis_0593_jpg.rf.iukfb9lk4hyHiPrgzoUX.jpg,datasets/hair_only/scalp_diseases/contact_dermatitis/contact_dermatitis_0593_jpg.rf.iukfb9lk4hyHiPrgzoUX.jpg
https://raw.githubusercontent.com/Olamide7920/scalp_disease_project/main/datasets/hair_only/scalp_diseases/contact_dermatitis/contact_dermatitis_0594_jpg.rf.f8hWx996EuS4RrLoiLDe.jpg,datasets/hair_only/scalp_diseases/contact_dermatitis/contact_dermatitis_0594_jpg.rf.f8hWx996EuS4RrLoiLDe.jpg
https://raw.githubusercontent.com/Olamide7920/scalp_disease_project/main/datasets/hair_only/scalp_diseases/contact_dermatitis/contact_dermatitis_0595_jpg.rf.0nHjZEgAuL5roGL5DKWY.jpg,datasets/hair_only/scalp_diseases/contact_dermatitis/contact_dermatitis_0595_jpg.rf.0nHjZEgAuL5roGL5DKWY.jpg
https://raw.githubusercontent.com/Olamide7920/scalp_disease_project/main/datasets/hair_only/scalp_diseases/contact_dermatitis/contact_dermatitis_0596_jpg.rf.OrJecQhTlKNJpnb1HQx9.jpg,datasets/hair_only/scalp_diseases/contact_dermatitis/contact_dermatitis_0596_jpg.rf.OrJecQhTlKNJpnb1HQx9.jpg
https://raw.githubusercontent.com/Olamide7920/scalp_disease_project/main/datasets/hair_only/scalp_diseases/contact_dermatitis/contact_dermatitis_0597_jpg.rf.ALL5wCzXCxT312YMUHH0.jpg,datasets/hair_only/scalp_diseases/contact_dermatitis/contact_dermatitis_0597_jpg.rf.ALL5wCzXCxT312YMUHH0.jpg
https://raw.githubusercontent.com/Olamide7920/scalp_disease_project/main/datasets/hair_only/scalp_diseases/contact_dermatitis/contact_dermatitis_0598_jpg.rf.vZB30XSjQlWhcgssoB4v.jpg,datasets/hair_only/scalp_diseases/contact_dermatitis/contact_dermatitis_0598_jpg.rf.vZB30XSjQlWhcgssoB4v.jpg
https://raw.githubusercontent.com/Olamide7920/scalp_disease_project/main/datasets/hair_only/scalp_diseases/contact_dermatitis/contact_dermatitis_0599_jpg.rf.xEvwjiJc1fFUUl74YjBQ.jpg,datasets/hair_only/scalp_diseases/contact_dermatitis/contact_dermatitis_0599_jpg.rf.xEvwjiJc1fFUUl74YjBQ.jpg
https://raw.githubusercontent.com/Olamide7920/scalp_disease_project/main/datasets/hair_only/scalp_diseases/contact_dermatitis/contact_dermatitis_0600_jpg.rf.usKFMAcTdMeH6NDBzGHf.jpg,datasets/hair_only/scalp_diseases/contact_dermatitis/contact_dermatitis_0600_jpg.rf.usKFMAcTdMeH6NDBzGHf.jpg
https://raw.githubusercontent.com/Olamide7920/scalp_disease_project/main/datasets/hair_only/scalp_diseases/contact_dermatitis/contact_dermatitis_0601_jpg.rf.vamoEy2t23AInBHAkdFD.jpg,datasets/hair_only/scalp_diseases/contact_dermatitis/contact_dermatitis_0601_jpg.rf.vamoEy2t23AInBHAkdFD.jpg
https://raw.githubusercontent.com/Olamide7920/scalp_disease_project/main/datasets/hair_only/scalp_diseases/contact_dermatitis/contact_dermatitis_0602_jpg.rf.zAovRnz089aygiTOH6Vl.jpg,datasets/hair_only/scalp_diseases/contact_dermatitis/contact_dermatitis_0602_jpg.rf.zAovRnz089aygiTOH6Vl.jpg
https://raw.githubusercontent.com/Olamide7920/scalp_disease_project/main/datasets/hair_only/scalp_diseases/contact_dermatitis/contact_dermatitis_0603_jpg.rf.Er1TFjrf0hcipM5Sot9Q.jpg,datasets/hair_only/scalp_diseases/contact_dermatitis/contact_dermatitis_0603_jpg.rf.Er1TFjrf0hcipM5Sot9Q.jpg
https://raw.githubusercontent.com/Olamide7920/scalp_disease_project/main/datasets/hair_only/scalp_diseases/contact_dermatitis/contact_dermatitis_0604_jpg.rf.4KF6KNjOWmOec20CDEnM.jpg,datasets/hair_only/scalp_diseases/contact_dermatitis/contact_dermatitis_0604_jpg.rf.4KF6KNjOWmOec20CDEnM.jpg
https://raw.githubusercontent.com/Olamide7920/scalp_disease_project/main/datasets/hair_only/scalp_diseases/contact_dermatitis/contact_dermatitis_0605_jpg.rf.J9nKg3rHOitVk4CNLcG4.jpg,datasets/hair_only/scalp_diseases/contact_dermatitis/contact_dermatitis_0605_jpg.rf.J9nKg3rHOitVk4CNLcG4.jpg
https://raw.githubusercontent.com/Olamide7920/scalp_disease_project/main/datasets/hair_only/scalp_diseases/contact_dermatitis/contact_dermatitis_0606_jpg.rf.YBytytwO3OUxFVKSyl19.jpg,datasets/hair_only/scalp_diseases/contact_dermatitis/contact_dermatitis_0606_jpg.rf.YBytytwO3OUxFVKSyl19.jpg
https://raw.githubusercontent.com/Olamide7920/scalp_disease_project/main/datasets/hair_only/scalp_diseases/contact_dermatitis/contact_dermatitis_0607_jpg.rf.NPuZ7VUDJuEjWo1lUdil.jpg,datasets/hair_only/scalp_diseases/contact_dermatitis/contact_dermatitis_0607_jpg.rf.NPuZ7VUDJuEjWo1lUdil.jpg
https://raw.githubusercontent.com/Olamide7920/scalp_disease_project/main/datasets/hair_only/scalp_diseases/contact_dermatitis/contact_dermatitis_0608_jpg.rf.PsiaNd6eoKY5Vpa1ddvU.jpg,datasets/hair_only/scalp_diseases/contact_dermatitis/contact_dermatitis_0608_jpg.rf.PsiaNd6eoKY5Vpa1ddvU.jpg
https://raw.githubusercontent.com/Olamide7920/scalp_disease_project/main/datasets/hair_only/scalp_diseases/contact_dermatitis/contact_dermatitis_0609_jpg.rf.KUXLR2g5FffQGYOzPXSZ.jpg,datasets/hair_only/scalp_diseases/contact_dermatitis/contact_dermatitis_0609_jpg.rf.KUXLR2g5FffQGYOzPXSZ.jpg
https://raw.githubusercontent.com/Olamide7920/scalp_disease_project/main/datasets/hair_only/scalp_diseases/contact_dermatitis/contact_dermatitis_0610_jpg.rf.o84tKJ04a4XuSpOUYAkk.jpg,datasets/hair_only/scalp_diseases/contact_dermatitis/contact_dermatitis_0610_jpg.rf.o84tKJ04a4XuSpOUYAkk.jpg
https://raw.githubusercontent.com/Olamide7920/scalp_disease_project/main/datasets/hair_only/scalp_diseases/contact_dermatitis/contact_dermatitis_0611_jpg.rf.RQUnQNNk15letRlRmXTw.jpg,datasets/hair_only/scalp_diseases/contact_dermatitis/contact_dermatitis_0611_jpg.rf.RQUnQNNk15letRlRmXTw.jpg
https://raw.githubusercontent.com/Olamide7920/scalp_disease_project/main/datasets/hair_only/scalp_diseases/contact_dermatitis/contact_dermatitis_0612_jpg.rf.FK8gQRst5j8Ge0W63814.jpg,datasets/hair_only/scalp_diseases/contact_dermatitis/contact_dermatitis_0612_jpg.rf.FK8gQRst5j8Ge0W63814.jpg
https://raw.githubusercontent.com/Olamide7920/scalp_disease_project/main/datasets/hair_only/scalp_diseases/contact_dermatitis/contact_dermatitis_0613_jpg.rf.26IrQhat5U0B88GelDOP.jpg,datasets/hair_only/scalp_diseases/contact_dermatitis/contact_dermatitis_0613_jpg.rf.26IrQhat5U0B88GelDOP.jpg
https://raw.githubusercontent.com/Olamide7920/scalp_disease_project/main/datasets/hair_only/scalp_diseases/contact_dermatitis/contact_dermatitis_0614_jpg.rf.wypBFTlXBXCpfGpZI914.jpg,datasets/hair_only/scalp_diseases/contact_dermatitis/contact_dermatitis_0614_jpg.rf.wypBFTlXBXCpfGpZI914.jpg
https://raw.githubusercontent.com/Olamide7920/scalp_disease_project/main/datasets/hair_only/scalp_diseases/contact_dermatitis/contact_dermatitis_0615_jpg.rf.lUta4jsvsj44a4tVbDWw.jpg,datasets/hair_only/scalp_diseases/contact_dermatitis/contact_dermatitis_0615_jpg.rf.lUta4jsvsj44a4tVbDWw.jpg
https://raw.githubusercontent.com/Olamide7920/scalp_disease_project/main/datasets/hair_only/scalp_diseases/contact_dermatitis/contact_dermatitis_0616_jpg.rf.bEjAVznpiKWI7qj3ktWG.jpg,datasets/hair_only/scalp_diseases/contact_dermatitis/contact_dermatitis_0616_jpg.rf.bEjAVznpiKWI7qj3ktWG.jpg
https://raw.githubusercontent.com/Olamide7920/scalp_disease_project/main/datasets/hair_only/scalp_diseases/contact_dermatitis/contact_dermatitis_0617_jpg.rf.ysIqwgpLM3wkKNlGBBaP.jpg,datasets/hair_only/scalp_diseases/contact_dermatitis/contact_dermatitis_0617_jpg.rf.ysIqwgpLM3wkKNlGBBaP.jpg
https://raw.githubusercontent.com/Olamide7920/scalp_disease_project/main/datasets/hair_only/scalp_diseases/contact_dermatitis/contact_dermatitis_0618_jpg.rf.QHmsjooaWj4iZKvCm8ii.jpg,datasets/hair_only/scalp_diseases/contact_dermatitis/contact_dermatitis_0618_jpg.rf.QHmsjooaWj4iZKvCm8ii.jpg
https://raw.githubusercontent.com/Olamide7920/scalp_disease_project/main/datasets/hair_only/scalp_diseases/contact_dermatitis/contact_dermatitis_0619_jpg.rf.nPntqw0pdoUtNe3f5LVC.jpg,datasets/hair_only/scalp_diseases/contact_dermatitis/contact_dermatitis_0619_jpg.rf.nPntqw0pdoUtNe3f5LVC.jpg
https://raw.githubusercontent.com/Olamide7920/scalp_disease_project/main/datasets/hair_only/scalp_diseases/contact_dermatitis/contact_dermatitis_0620_jpg.rf.9iaLGxsxBKftHMqspnW3.jpg,datasets/hair_only/scalp_diseases/contact_dermatitis/contact_dermatitis_0620_jpg.rf.9iaLGxsxBKftHMqspnW3.jpg
https://raw.githubusercontent.com/Olamide7920/scalp_disease_project/main/datasets/hair_only/scalp_diseases/contact_dermatitis/contact_dermatitis_0621_jpg.rf.oEGfhOztoX5fj3miPWps.jpg,datasets/hair_only/scalp_diseases/contact_dermatitis/contact_dermatitis_0621_jpg.rf.oEGfhOztoX5fj3miPWps.jpg
https://raw.githubusercontent.com/Olamide7920/scalp_disease_project/main/datasets/hair_only/scalp_diseases/contact_dermatitis/contact_dermatitis_0622_jpg.rf.QgpcDRKObQCANHwTuLNp.jpg,datasets/hair_only/scalp_diseases/contact_dermatitis/contact_dermatitis_0622_jpg.rf.QgpcDRKObQCANHwTuLNp.jpg
https://raw.githubusercontent.com/Olamide7920/scalp_disease_project/main/datasets/hair_only/scalp_diseases/contact_dermatitis/contact_dermatitis_0623_jpg.rf.Ergr1SJIdX15CaLBoyTR.jpg,datasets/hair_only/scalp_diseases/contact_dermatitis/contact_dermatitis_0623_jpg.rf.Ergr1SJIdX15CaLBoyTR.jpg
https://raw.githubusercontent.com/Olamide7920/scalp_disease_project/main/datasets/hair_only/scalp_diseases/contact_dermatitis/contact_dermatitis_0624_jpg.rf.jIpH2NTuBfm7A5dOjMIG.jpg,datasets/hair_only/scalp_diseases/contact_dermatitis/contact_dermatitis_0624_jpg.rf.jIpH2NTuBfm7A5dOjMIG.jpg
https://raw.githubusercontent.com/Olamide7920/scalp_disease_project/main/datasets/hair_only/scalp_diseases/contact_dermatitis/contact_dermatitis_0625_jpg.rf.benep4vZ51gUapUeakTM.jpg,datasets/hair_only/scalp_diseases/contact_dermatitis/contact_dermatitis_0625_jpg.rf.benep4vZ51gUapUeakTM.jpg
https://raw.githubusercontent.com/Olamide7920/scalp_disease_project/main/datasets/hair_only/scalp_diseases/contact_dermatitis/contact_dermatitis_0626_jpg.rf.1xo9tglCvSgHNC2zKb3h.jpg,datasets/hair_only/scalp_diseases/contact_dermatitis/contact_dermatitis_0626_jpg.rf.1xo9tglCvSgHNC2zKb3h.jpg
https://raw.githubusercontent.com/Olamide7920/scalp_disease_project/main/datasets/hair_only/scalp_diseases/contact_dermatitis/contact_dermatitis_0627_jpg.rf.x1hzCKfOve2vm6OJpIs1.jpg,datasets/hair_only/scalp_diseases/contact_dermatitis/contact_dermatitis_0627_jpg.rf.x1hzCKfOve2vm6OJpIs1.jpg
https://raw.githubusercontent.com/Olamide7920/scalp_disease_project/main/datasets/hair_only/scalp_diseases/contact_dermatitis/contact_dermatitis_0628_jpg.rf.g8XkeJRfclt8vwn7lEIM.jpg,datasets/hair_only/scalp_diseases/contact_dermatitis/contact_dermatitis_0628_jpg.rf.g8XkeJRfclt8vwn7lEIM.jpg
https://raw.githubusercontent.com/Olamide7920/scalp_disease_project/main/datasets/hair_only/scalp_diseases/contact_dermatitis/contact_dermatitis_0629_jpg.rf.UOeXqfHqGpqKmpT05udf.jpg,datasets/hair_only/scalp_diseases/contact_dermatitis/contact_dermatitis_0629_jpg.rf.UOeXqfHqGpqKmpT05udf.jpg
https://raw.githubusercontent.com/Olamide7920/scalp_disease_project/main/datasets/hair_only/scalp_diseases/contact_dermatitis/contact_dermatitis_0630_jpg.rf.GVxQqe7alLhgjAyOmNQR.jpg,datasets/hair_only/scalp_diseases/contact_dermatitis/contact_dermatitis_0630_jpg.rf.GVxQqe7alLhgjAyOmNQR.jpg
https://raw.githubusercontent.com/Olamide7920/scalp_disease_project/main/datasets/hair_only/scalp_diseases/contact_dermatitis/contact_dermatitis_0631_jpg.rf.EmbcaOJwt2ke4wpp8ux5.jpg,datasets/hair_only/scalp_diseases/contact_dermatitis/contact_dermatitis_0631_jpg.rf.EmbcaOJwt2ke4wpp8ux5.jpg
https://raw.githubusercontent.com/Olamide7920/scalp_disease_project/main/datasets/hair_only/scalp_diseases/contact_dermatitis/contact_dermatitis_0632_jpg.rf.pBVrw0XbejWEfML3vbn2.jpg,datasets/hair_only/scalp_diseases/contact_dermatitis/contact_dermatitis_0632_jpg.rf.pBVrw0XbejWEfML3vbn2.jpg
https://raw.githubusercontent.com/Olamide7920/scalp_disease_project/main/datasets/hair_only/scalp_diseases/contact_dermatitis/contact_dermatitis_0633_jpg.rf.ULWCpRQOfXyBrKUW9W6U.jpg,datasets/hair_only/scalp_diseases/contact_dermatitis/contact_dermatitis_0633_jpg.rf.ULWCpRQOfXyBrKUW9W6U.jpg
https://raw.githubusercontent.com/Olamide7920/scalp_disease_project/main/datasets/hair_only/scalp_diseases/contact_dermatitis/contact_dermatitis_0634_jpg.rf.x9IOlEFqItBDgakhKQeJ.jpg,datasets/hair_only/scalp_diseases/contact_dermatitis/contact_dermatitis_0634_jpg.rf.x9IOlEFqItBDgakhKQeJ.jpg
https://raw.githubusercontent.com/Olamide7920/scalp_disease_project/main/datasets/hair_only/scalp_diseases/contact_dermatitis/contact_dermatitis_0635_jpg.rf.YMBe4hJzjHjCdYuYMvyc.jpg,datasets/hair_only/scalp_diseases/contact_dermatitis/contact_dermatitis_0635_jpg.rf.YMBe4hJzjHjCdYuYMvyc.jpg
https://raw.githubusercontent.com/Olamide7920/scalp_disease_project/main/datasets/hair_only/scalp_diseases/contact_dermatitis/contact_dermatitis_0636_jpg.rf.x5OF71WTfiTfIf1PRD2c.jpg,datasets/hair_only/scalp_diseases/contact_dermatitis/contact_dermatitis_0636_jpg.rf.x5OF71WTfiTfIf1PRD2c.jpg
https://raw.githubusercontent.com/Olamide7920/scalp_disease_project/main/datasets/hair_only/scalp_diseases/contact_dermatitis/contact_dermatitis_0637_jpg.rf.GCoiGEpZqBaT1Q0dUULj.jpg,datasets/hair_only/scalp_diseases/contact_dermatitis/contact_dermatitis_0637_jpg.rf.GCoiGEpZqBaT1Q0dUULj.jpg
https://raw.githubusercontent.com/Olamide7920/scalp_disease_project/main/datasets/hair_only/scalp_diseases/contact_dermatitis/contact_dermatitis_0638_jpg.rf.jMFFHiWZ0uxZEuTufee2.jpg,datasets/hair_only/scalp_diseases/contact_dermatitis/contact_dermatitis_0638_jpg.rf.jMFFHiWZ0uxZEuTufee2.jpg
https://raw.githubusercontent.com/Olamide7920/scalp_disease_project/main/datasets/hair_only/scalp_diseases/contact_dermatitis/contact_dermatitis_0639_jpg.rf.QDzJjMpqCH8A55v9YJ5M.jpg,datasets/hair_only/scalp_diseases/contact_dermatitis/contact_dermatitis_0639_jpg.rf.QDzJjMpqCH8A55v9YJ5M.jpg
https://raw.githubusercontent.com/Olamide7920/scalp_disease_project/main/datasets/hair_only/scalp_diseases/contact_dermatitis/contact_dermatitis_0640_jpg.rf.Nh47sq9xEg9uwWbSFEkT.jpg,datasets/hair_only/scalp_diseases/contact_dermatitis/contact_dermatitis_0640_jpg.rf.Nh47sq9xEg9uwWbSFEkT.jpg
https://raw.githubusercontent.com/Olamide7920/scalp_disease_project/main/datasets/hair_only/scalp_diseases/contact_dermatitis/contact_dermatitis_0641_jpg.rf.PRxWddAgzu1KRPdso3ZE.jpg,datasets/hair_only/scalp_diseases/contact_dermatitis/contact_dermatitis_0641_jpg.rf.PRxWddAgzu1KRPdso3ZE.jpg
https://raw.githubusercontent.com/Olamide7920/scalp_disease_project/main/datasets/hair_only/scalp_diseases/contact_dermatitis/contact_dermatitis_0642_jpg.rf.GFLOZ3hGxv1Hl1GHGUFY.jpg,datasets/hair_only/scalp_diseases/contact_dermatitis/contact_dermatitis_0642_jpg.rf.GFLOZ3hGxv1Hl1GHGUFY.jpg
https://raw.githubusercontent.com/Olamide7920/scalp_disease_project/main/datasets/hair_only/scalp_diseases/contact_dermatitis/contact_dermatitis_0643_jpg.rf.UDUEyoGk0Pff1mOo79D1.jpg,datasets/hair_only/scalp_diseases/contact_dermatitis/contact_dermatitis_0643_jpg.rf.UDUEyoGk0Pff1mOo79D1.jpg
https://raw.githubusercontent.com/Olamide7920/scalp_disease_project/main/datasets/hair_only/scalp_diseases/contact_dermatitis/contact_dermatitis_0644_jpg.rf.DeD5ZEQ83aSsxrOmoYpi.jpg,datasets/hair_only/scalp_diseases/contact_dermatitis/contact_dermatitis_0644_jpg.rf.DeD5ZEQ83aSsxrOmoYpi.jpg
https://raw.githubusercontent.com/Olamide7920/scalp_disease_project/main/datasets/hair_only/scalp_diseases/contact_dermatitis/contact_dermatitis_0645_jpg.rf.NiyDFz4kEyPOiaJGVuxw.jpg,datasets/hair_only/scalp_diseases/contact_dermatitis/contact_dermatitis_0645_jpg.rf.NiyDFz4kEyPOiaJGVuxw.jpg
https://raw.githubusercontent.com/Olamide7920/scalp_disease_project/main/datasets/hair_only/scalp_diseases/contact_dermatitis/contact_dermatitis_0646_jpg.rf.ZVz89U8rwZvN8irj0Mpb.jpg,datasets/hair_only/scalp_diseases/contact_dermatitis/contact_dermatitis_0646_jpg.rf.ZVz89U8rwZvN8irj0Mpb.jpg
https://raw.githubusercontent.com/Olamide7920/scalp_disease_project/main/datasets/hair_only/scalp_diseases/contact_dermatitis/contact_dermatitis_0647_jpg.rf.Opx720J1fLzSHqtCukBD.jpg,datasets/hair_only/scalp_diseases/contact_dermatitis/contact_dermatitis_0647_jpg.rf.Opx720J1fLzSHqtCukBD.jpg
https://raw.githubusercontent.com/Olamide7920/scalp_disease_project/main/datasets/hair_only/scalp_diseases/contact_dermatitis/contact_dermatitis_0648_jpg.rf.I9Jzv2A8lY0mLTPgqbyS.jpg,datasets/hair_only/scalp_diseases/contact_dermatitis/contact_dermatitis_0648_jpg.rf.I9Jzv2A8lY0mLTPgqbyS.jpg
https://raw.githubusercontent.com/Olamide7920/scalp_disease_project/main/datasets/hair_only/scalp_diseases/contact_dermatitis/contact_dermatitis_0649_jpg.rf.3Lk9eUnYXiEsT75MfMhf.jpg,datasets/hair_only/scalp_diseases/contact_dermatitis/contact_dermatitis_0649_jpg.rf.3Lk9eUnYXiEsT75MfMhf.jpg
https://raw.githubusercontent.com/Olamide7920/scalp_disease_project/main/datasets/hair_only/scalp_diseases/contact_dermatitis/contact_dermatitis_0650_jpg.rf.8Z7IR2qQEkJNmUz7rmdp.jpg,datasets/hair_only/scalp_diseases/contact_dermatitis/contact_dermatitis_0650_jpg.rf.8Z7IR2qQEkJNmUz7rmdp.jpg
https://raw.githubusercontent.com/Olamide7920/scalp_disease_project/main/datasets/hair_only/scalp_diseases/contact_dermatitis/contact_dermatitis_0651_jpg.rf.u9bNW7EuoIs1kgOZxBWH.jpg,datasets/hair_only/scalp_diseases/contact_dermatitis/contact_dermatitis_0651_jpg.rf.u9bNW7EuoIs1kgOZxBWH.jpg
https://raw.githubusercontent.com/Olamide7920/scalp_disease_project/main/datasets/hair_only/scalp_diseases/contact_dermatitis/contact_dermatitis_0652_jpg.rf.pbTgAaiAtWEJVEzSl4WM.jpg,datasets/hair_only/scalp_diseases/contact_dermatitis/contact_dermatitis_0652_jpg.rf.pbTgAaiAtWEJVEzSl4WM.jpg
https://raw.githubusercontent.com/Olamide7920/scalp_disease_project/main/datasets/hair_only/scalp_diseases/contact_dermatitis/contact_dermatitis_0653_jpg.rf.QgI4HG10igoq6Ylxfa8C.jpg,datasets/hair_only/scalp_diseases/contact_dermatitis/contact_dermatitis_0653_jpg.rf.QgI4HG10igoq6Ylxfa8C.jpg
https://raw.githubusercontent.com/Olamide7920/scalp_disease_project/main/datasets/hair_only/scalp_diseases/contact_dermatitis/contact_dermatitis_0654_jpg.rf.4G0HprrRVQ8XggtY5Xdx.jpg,datasets/hair_only/scalp_diseases/contact_dermatitis/contact_dermatitis_0654_jpg.rf.4G0HprrRVQ8XggtY5Xdx.jpg
https://raw.githubusercontent.com/Olamide7920/scalp_disease_project/main/datasets/hair_only/scalp_diseases/contact_dermatitis/contact_dermatitis_0655_jpg.rf.YNkBtK7y1l0lUh0647XY.jpg,datasets/hair_only/scalp_diseases/contact_dermatitis/contact_dermatitis_0655_jpg.rf.YNkBtK7y1l0lUh0647XY.jpg
https://raw.githubusercontent.com/Olamide7920/scalp_disease_project/main/datasets/hair_only/scalp_diseases/contact_dermatitis/contact_dermatitis_0656_jpg.rf.v1duryKZCiwvYQ7cqlPi.jpg,datasets/hair_only/scalp_diseases/contact_dermatitis/contact_dermatitis_0656_jpg.rf.v1duryKZCiwvYQ7cqlPi.jpg
https://raw.githubusercontent.com/Olamide7920/scalp_disease_project/main/datasets/hair_only/scalp_diseases/contact_dermatitis/contact_dermatitis_0657_jpg.rf.lwooPyuEt2zF3oj1zr5G.jpg,datasets/hair_only/scalp_diseases/contact_dermatitis/contact_dermatitis_0657_jpg.rf.lwooPyuEt2zF3oj1zr5G.jpg
https://raw.githubusercontent.com/Olamide7920/scalp_disease_project/main/datasets/hair_only/scalp_diseases/contact_dermatitis/contact_dermatitis_0658_jpg.rf.JJ15XKfVkr0ZoBi71SoH.jpg,datasets/hair_only/scalp_diseases/contact_dermatitis/contact_dermatitis_0658_jpg.rf.JJ15XKfVkr0ZoBi71SoH.jpg
https://raw.githubusercontent.com/Olamide7920/scalp_disease_project/main/datasets/hair_only/scalp_diseases/contact_dermatitis/contact_dermatitis_0659_jpg.rf.7EcLmXA0ADTqTfQxdVqQ.jpg,datasets/hair_only/scalp_diseases/contact_dermatitis/contact_dermatitis_0659_jpg.rf.7EcLmXA0ADTqTfQxdVqQ.jpg
https://raw.githubusercontent.com/Olamide7920/scalp_disease_project/main/datasets/hair_only/scalp_diseases/contact_dermatitis/contact_dermatitis_0660_jpg.rf.L7zZXRLUkZOg6joxGDZG.jpg,datasets/hair_only/scalp_diseases/contact_dermatitis/contact_dermatitis_0660_jpg.rf.L7zZXRLUkZOg6joxGDZG.jpg
https://raw.githubusercontent.com/Olamide7920/scalp_disease_project/main/datasets/hair_only/scalp_diseases/contact_dermatitis/contact_dermatitis_0661_jpg.rf.9aIGUOToaIJOXjvjnygm.jpg,datasets/hair_only/scalp_diseases/contact_dermatitis/contact_dermatitis_0661_jpg.rf.9aIGUOToaIJOXjvjnygm.jpg
https://raw.githubusercontent.com/Olamide7920/scalp_disease_project/main/datasets/hair_only/scalp_diseases/contact_dermatitis/contact_dermatitis_0662_jpg.rf.4zzfh59B4S5oK2X32O4R.jpg,datasets/hair_only/scalp_diseases/contact_dermatitis/contact_dermatitis_0662_jpg.rf.4zzfh59B4S5oK2X32O4R.jpg
https://raw.githubusercontent.com/Olamide7920/scalp_disease_project/main/datasets/hair_only/scalp_diseases/contact_dermatitis/contact_dermatitis_0663_jpg.rf.Y8KZS2M4YyNzuTBh3pEk.jpg,datasets/hair_only/scalp_diseases/contact_dermatitis/contact_dermatitis_0663_jpg.rf.Y8KZS2M4YyNzuTBh3pEk.jpg
https://raw.githubusercontent.com/Olamide7920/scalp_disease_project/main/datasets/hair_only/scalp_diseases/contact_dermatitis/contact_dermatitis_0664_jpg.rf.Q7ciY0jZyC8KLibORNsz.jpg,datasets/hair_only/scalp_diseases/contact_dermatitis/contact_dermatitis_0664_jpg.rf.Q7ciY0jZyC8KLibORNsz.jpg
https://raw.githubusercontent.com/Olamide7920/scalp_disease_project/main/datasets/hair_only/scalp_diseases/contact_dermatitis/contact_dermatitis_0665_jpg.rf.mRBkEtTjWaSkhT4REMLc.jpg,datasets/hair_only/scalp_diseases/contact_dermatitis/contact_dermatitis_0665_jpg.rf.mRBkEtTjWaSkhT4REMLc.jpg
https://raw.githubusercontent.com/Olamide7920/scalp_disease_project/main/datasets/hair_only/scalp_diseases/contact_dermatitis/contact_dermatitis_0666_jpg.rf.mCUFjPyvd2f7RZbtF24b.jpg,datasets/hair_only/scalp_diseases/contact_dermatitis/contact_dermatitis_0666_jpg.rf.mCUFjPyvd2f7RZbtF24b.jpg
https://raw.githubusercontent.com/Olamide7920/scalp_disease_project/main/datasets/hair_only/scalp_diseases/contact_dermatitis/contact_dermatitis_0667_jpg.rf.hOOrqiUOs00xrkkq5icS.jpg,datasets/hair_only/scalp_diseases/contact_dermatitis/contact_dermatitis_0667_jpg.rf.hOOrqiUOs00xrkkq5icS.jpg
https://raw.githubusercontent.com/Olamide7920/scalp_disease_project/main/datasets/hair_only/scalp_diseases/contact_dermatitis/contact_dermatitis_0668_jpg.rf.IQpy2y2TnGDHpjkb2Eat.jpg,datasets/hair_only/scalp_diseases/contact_dermatitis/contact_dermatitis_0668_jpg.rf.IQpy2y2TnGDHpjkb2Eat.jpg
https://raw.githubusercontent.com/Olamide7920/scalp_disease_project/main/datasets/hair_only/scalp_diseases/contact_dermatitis/contact_dermatitis_0669_jpg.rf.ejHv8zHnHXlOyN48ziH0.jpg,datasets/hair_only/scalp_diseases/contact_dermatitis/contact_dermatitis_0669_jpg.rf.ejHv8zHnHXlOyN48ziH0.jpg
https://raw.githubusercontent.com/Olamide7920/scalp_disease_project/main/datasets/hair_only/scalp_diseases/contact_dermatitis/contact_dermatitis_0670_jpg.rf.OJIRQW2hRKXUYkU3xMZq.jpg,datasets/hair_only/scalp_diseases/contact_dermatitis/contact_dermatitis_0670_jpg.rf.OJIRQW2hRKXUYkU3xMZq.jpg
https://raw.githubusercontent.com/Olamide7920/scalp_disease_project/main/datasets/hair_only/scalp_diseases/contact_dermatitis/contact_dermatitis_0671_jpg.rf.uwWcP5ARIrFIhmUcIjAd.jpg,datasets/hair_only/scalp_diseases/contact_dermatitis/contact_dermatitis_0671_jpg.rf.uwWcP5ARIrFIhmUcIjAd.jpg
https://raw.githubusercontent.com/Olamide7920/scalp_disease_project/main/datasets/hair_only/scalp_diseases/contact_dermatitis/contact_dermatitis_0672_jpg.rf.YGr1pDy1mj0I4Aq4XSIp.jpg,datasets/hair_only/scalp_diseases/contact_dermatitis/contact_dermatitis_0672_jpg.rf.YGr1pDy1mj0I4Aq4XSIp.jpg
https://raw.githubusercontent.com/Olamide7920/scalp_disease_project/main/datasets/hair_only/scalp_diseases/contact_dermatitis/contact_dermatitis_0673_jpg.rf.hMryLQwBFdvouWHErUrs.jpg,datasets/hair_only/scalp_diseases/contact_dermatitis/contact_dermatitis_0673_jpg.rf.hMryLQwBFdvouWHErUrs.jpg
https://raw.githubusercontent.com/Olamide7920/scalp_disease_project/main/datasets/hair_only/scalp_diseases/contact_dermatitis/contact_dermatitis_0674_jpg.rf.5FOAtNaRc6JHQNJhkWYq.jpg,datasets/hair_only/scalp_diseases/contact_dermatitis/contact_dermatitis_0674_jpg.rf.5FOAtNaRc6JHQNJhkWYq.jpg
https://raw.githubusercontent.com/Olamide7920/scalp_disease_project/main/datasets/hair_only/scalp_diseases/contact_dermatitis/contact_dermatitis_0675_jpg.rf.qoMeksGtuG53F2FQ23vK.jpg,datasets/hair_only/scalp_diseases/contact_dermatitis/contact_dermatitis_0675_jpg.rf.qoMeksGtuG53F2FQ23vK.jpg
https://raw.githubusercontent.com/Olamide7920/scalp_disease_project/main/datasets/hair_only/scalp_diseases/contact_dermatitis/contact_dermatitis_0676_jpg.rf.Jeh2299cuHKk4bfTauQK.jpg,datasets/hair_only/scalp_diseases/contact_dermatitis/contact_dermatitis_0676_jpg.rf.Jeh2299cuHKk4bfTauQK.jpg
https://raw.githubusercontent.com/Olamide7920/scalp_disease_project/main/datasets/hair_only/scalp_diseases/contact_dermatitis/contact_dermatitis_0677_jpg.rf.iaVkYVHzs9tBCJnGHZWV.jpg,datasets/hair_only/scalp_diseases/contact_dermatitis/contact_dermatitis_0677_jpg.rf.iaVkYVHzs9tBCJnGHZWV.jpg
https://raw.githubusercontent.com/Olamide7920/scalp_disease_project/main/datasets/hair_only/scalp_diseases/contact_dermatitis/contact_dermatitis_0678_jpg.rf.syDeyQNy1PgBi40dmXeJ.jpg,datasets/hair_only/scalp_diseases/contact_dermatitis/contact_dermatitis_0678_jpg.rf.syDeyQNy1PgBi40dmXeJ.jpg
https://raw.githubusercontent.com/Olamide7920/scalp_disease_project/main/datasets/hair_only/scalp_diseases/contact_dermatitis/contact_dermatitis_0679_jpg.rf.FSu4qL1GSyxVHcJ6EwNx.jpg,datasets/hair_only/scalp_diseases/contact_dermatitis/contact_dermatitis_0679_jpg.rf.FSu4qL1GSyxVHcJ6EwNx.jpg
https://raw.githubusercontent.com/Olamide7920/scalp_disease_project/main/datasets/hair_only/scalp_diseases/contact_dermatitis/contact_dermatitis_0680_jpg.rf.1OTln62wKnXmJIv6eI2Q.jpg,datasets/hair_only/scalp_diseases/contact_dermatitis/contact_dermatitis_0680_jpg.rf.1OTln62wKnXmJIv6eI2Q.jpg
https://raw.githubusercontent.com/Olamide7920/scalp_disease_project/main/datasets/hair_only/scalp_diseases/contact_dermatitis/contact_dermatitis_0681_jpg.rf.rec6t1L8IMnJ1Q8a1uaH.jpg,datasets/hair_only/scalp_diseases/contact_dermatitis/contact_dermatitis_0681_jpg.rf.rec6t1L8IMnJ1Q8a1uaH.jpg
https://raw.githubusercontent.com/Olamide7920/scalp_disease_project/main/datasets/hair_only/scalp_diseases/contact_dermatitis/contact_dermatitis_0682_jpg.rf.gKsbH6IxYdd682K2dGbA.jpg,datasets/hair_only/scalp_diseases/contact_dermatitis/contact_dermatitis_0682_jpg.rf.gKsbH6IxYdd682K2dGbA.jpg
https://raw.githubusercontent.com/Olamide7920/scalp_disease_project/main/datasets/hair_only/scalp_diseases/contact_dermatitis/contact_dermatitis_0683_jpg.rf.4y2hQR6T8L72tqq47qrq.jpg,datasets/hair_only/scalp_diseases/contact_dermatitis/contact_dermatitis_0683_jpg.rf.4y2hQR6T8L72tqq47qrq.jpg
https://raw.githubusercontent.com/Olamide7920/scalp_disease_project/main/datasets/hair_only/scalp_diseases/contact_dermatitis/contact_dermatitis_0684_jpg.rf.Bp5FmCk7XyeBTYrBvqCd.jpg,datasets/hair_only/scalp_diseases/contact_dermatitis/contact_dermatitis_0684_jpg.rf.Bp5FmCk7XyeBTYrBvqCd.jpg
https://raw.githubusercontent.com/Olamide7920/scalp_disease_project/main/datasets/hair_only/scalp_diseases/contact_dermatitis/contact_dermatitis_0685_jpg.rf.HoLxAo3ofxFMWoVVAWKB.jpg,datasets/hair_only/scalp_diseases/contact_dermatitis/contact_dermatitis_0685_jpg.rf.HoLxAo3ofxFMWoVVAWKB.jpg
https://raw.githubusercontent.com/Olamide7920/scalp_disease_project/main/datasets/hair_only/scalp_diseases/contact_dermatitis/contact_dermatitis_0686_jpg.rf.9zBN1RNn9D5rioTRVPzJ.jpg,datasets/hair_only/scalp_diseases/contact_dermatitis/contact_dermatitis_0686_jpg.rf.9zBN1RNn9D5rioTRVPzJ.jpg
https://raw.githubusercontent.com/Olamide7920/scalp_disease_project/main/datasets/hair_only/scalp_diseases/contact_dermatitis/contact_dermatitis_0687_jpg.rf.nZhVjorRgLvHuq4fG0kj.jpg,datasets/hair_only/scalp_diseases/contact_dermatitis/contact_dermatitis_0687_jpg.rf.nZhVjorRgLvHuq4fG0kj.jpg
https://raw.githubusercontent.com/Olamide7920/scalp_disease_project/main/datasets/hair_only/scalp_diseases/contact_dermatitis/contact_dermatitis_0688_jpg.rf.uLg0e8fEY9be1lFiSNaR.jpg,datasets/hair_only/scalp_diseases/contact_dermatitis/contact_dermatitis_0688_jpg.rf.uLg0e8fEY9be1lFiSNaR.jpg
https://raw.githubusercontent.com/Olamide7920/scalp_disease_project/main/datasets/hair_only/scalp_diseases/contact_dermatitis/contact_dermatitis_0689_jpg.rf.8rlKTxqLG2UGjX3AFfRz.jpg,datasets/hair_only/scalp_diseases/contact_dermatitis/contact_dermatitis_0689_jpg.rf.8rlKTxqLG2UGjX3AFfRz.jpg
https://raw.githubusercontent.com/Olamide7920/scalp_disease_project/main/datasets/hair_only/scalp_diseases/contact_dermatitis/contact_dermatitis_0690_jpg.rf.pKs31r4CKtFF14EhMh99.jpg,datasets/hair_only/scalp_diseases/contact_dermatitis/contact_dermatitis_0690_jpg.rf.pKs31r4CKtFF14EhMh99.jpg
https://raw.githubusercontent.com/Olamide7920/scalp_disease_project/main/datasets/hair_only/scalp_diseases/contact_dermatitis/contact_dermatitis_0691_jpg.rf.BL6XEpOoWTsuGn565K2u.jpg,datasets/hair_only/scalp_diseases/contact_dermatitis/contact_dermatitis_0691_jpg.rf.BL6XEpOoWTsuGn565K2u.jpg
https://raw.githubusercontent.com/Olamide7920/scalp_disease_project/main/datasets/hair_only/scalp_diseases/contact_dermatitis/contact_dermatitis_0692_jpg.rf.irSvTE1VBIBiL6UEwZ34.jpg,datasets/hair_only/scalp_diseases/contact_dermatitis/contact_dermatitis_0692_jpg.rf.irSvTE1VBIBiL6UEwZ34.jpg
https://raw.githubusercontent.com/Olamide7920/scalp_disease_project/main/datasets/hair_only/scalp_diseases/contact_dermatitis/contact_dermatitis_0693_jpg.rf.iJqvW0JTJ8YEha4hg0nQ.jpg,datasets/hair_only/scalp_diseases/contact_dermatitis/contact_dermatitis_0693_jpg.rf.iJqvW0JTJ8YEha4hg0nQ.jpg
https://raw.githubusercontent.com/Olamide7920/scalp_disease_project/main/datasets/hair_only/scalp_diseases/contact_dermatitis/contact_dermatitis_0694_jpg.rf.Ne7Ylz6wW5fHutJAodgz.jpg,datasets/hair_only/scalp_diseases/contact_dermatitis/contact_dermatitis_0694_jpg.rf.Ne7Ylz6wW5fHutJAodgz.jpg
https://raw.githubusercontent.com/Olamide7920/scalp_disease_project/main/datasets/hair_only/scalp_diseases/contact_dermatitis/contact_dermatitis_0695_jpg.rf.HZVB1UJMIo8L41l1785M.jpg,datasets/hair_only/scalp_diseases/contact_dermatitis/contact_dermatitis_0695_jpg.rf.HZVB1UJMIo8L41l1785M.jpg
https://raw.githubusercontent.com/Olamide7920/scalp_disease_project/main/datasets/hair_only/scalp_diseases/contact_dermatitis/contact_dermatitis_0696_jpg.rf.Fkalo3HcUXzJ95J4MED9.jpg,datasets/hair_only/scalp_diseases/contact_dermatitis/contact_dermatitis_0696_jpg.rf.Fkalo3HcUXzJ95J4MED9.jpg
https://raw.githubusercontent.com/Olamide7920/scalp_disease_project/main/datasets/hair_only/scalp_diseases/contact_dermatitis/contact_dermatitis_0697_jpg.rf.GHAD4j38lZUWKHpKroGR.jpg,datasets/hair_only/scalp_diseases/contact_dermatitis/contact_dermatitis_0697_jpg.rf.GHAD4j38lZUWKHpKroGR.jpg
https://raw.githubusercontent.com/Olamide7920/scalp_disease_project/main/datasets/hair_only/scalp_diseases/contact_dermatitis/contact_dermatitis_0698_jpg.rf.5Yn71IszeQRscI8AEwJp.jpg,datasets/hair_only/scalp_diseases/contact_dermatitis/contact_dermatitis_0698_jpg.rf.5Yn71IszeQRscI8AEwJp.jpg
https://raw.githubusercontent.com/Olamide7920/scalp_disease_project/main/datasets/hair_only/scalp_diseases/contact_dermatitis/contact_dermatitis_0699_jpg.rf.7zLMPomzWDFLYRGnT9tM.jpg,datasets/hair_only/scalp_diseases/contact_dermatitis/contact_dermatitis_0699_jpg.rf.7zLMPomzWDFLYRGnT9tM.jpg
https://raw.githubusercontent.com/Olamide7920/scalp_disease_project/main/datasets/hair_only/scalp_diseases/contact_dermatitis/contact_dermatitis_0700_jpg.rf.h3Qs3lOQ7hajO0USUvj1.jpg,datasets/hair_only/scalp_diseases/contact_dermatitis/contact_dermatitis_0700_jpg.rf.h3Qs3lOQ7hajO0USUvj1.jpg
https://raw.githubusercontent.com/Olamide7920/scalp_disease_project/main/datasets/hair_only/scalp_diseases/contact_dermatitis/contact_dermatitis_0701_jpg.rf.KURT54SzKlHpduEBcJWo.jpg,datasets/hair_only/scalp_diseases/contact_dermatitis/contact_dermatitis_0701_jpg.rf.KURT54SzKlHpduEBcJWo.jpg
https://raw.githubusercontent.com/Olamide7920/scalp_disease_project/main/datasets/hair_only/scalp_diseases/contact_dermatitis/contact_dermatitis_0702_jpg.rf.U6e28Ijh6GLAmZS61fNf.jpg,datasets/hair_only/scalp_diseases/contact_dermatitis/contact_dermatitis_0702_jpg.rf.U6e28Ijh6GLAmZS61fNf.jpg
https://raw.githubusercontent.com/Olamide7920/scalp_disease_project/main/datasets/hair_only/scalp_diseases/contact_dermatitis/contact_dermatitis_0703_jpg.rf.6INl2iFUPyRidi7TXOt6.jpg,datasets/hair_only/scalp_diseases/contact_dermatitis/contact_dermatitis_0703_jpg.rf.6INl2iFUPyRidi7TXOt6.jpg
https://raw.githubusercontent.com/Olamide7920/scalp_disease_project/main/datasets/hair_only/scalp_diseases/contact_dermatitis/contact_dermatitis_0704_jpg.rf.Hcj9oYy69dRRHLmosoNS.jpg,datasets/hair_only/scalp_diseases/contact_dermatitis/contact_dermatitis_0704_jpg.rf.Hcj9oYy69dRRHLmosoNS.jpg
https://raw.githubusercontent.com/Olamide7920/scalp_disease_project/main/datasets/hair_only/scalp_diseases/contact_dermatitis/contact_dermatitis_0705_jpg.rf.O97rZTw1Vy7XjQdrA9xa.jpg,datasets/hair_only/scalp_diseases/contact_dermatitis/contact_dermatitis_0705_jpg.rf.O97rZTw1Vy7XjQdrA9xa.jpg
https://raw.githubusercontent.com/Olamide7920/scalp_disease_project/main/datasets/hair_only/scalp_diseases/contact_dermatitis/contact_dermatitis_0706_jpg.rf.VBp2NmrEcmA7r1oEwSF7.jpg,datasets/hair_only/scalp_diseases/contact_dermatitis/contact_dermatitis_0706_jpg.rf.VBp2NmrEcmA7r1oEwSF7.jpg
https://raw.githubusercontent.com/Olamide7920/scalp_disease_project/main/datasets/hair_only/scalp_diseases/contact_dermatitis/contact_dermatitis_0707_jpg.rf.6rwrVt5dGzjXyybqqvws.jpg,datasets/hair_only/scalp_diseases/contact_dermatitis/contact_dermatitis_0707_jpg.rf.6rwrVt5dGzjXyybqqvws.jpg
https://raw.githubusercontent.com/Olamide7920/scalp_disease_project/main/datasets/hair_only/scalp_diseases/contact_dermatitis/contact_dermatitis_0708_jpg.rf.ByPDQQNJJF2VymnIVAoi.jpg,datasets/hair_only/scalp_diseases/contact_dermatitis/contact_dermatitis_0708_jpg.rf.ByPDQQNJJF2VymnIVAoi.jpg
https://raw.githubusercontent.com/Olamide7920/scalp_disease_project/main/datasets/hair_only/scalp_diseases/contact_dermatitis/contact_dermatitis_0709_jpg.rf.3nMFi7tdSPtz2uO2GFXo.jpg,datasets/hair_only/scalp_diseases/contact_dermatitis/contact_dermatitis_0709_jpg.rf.3nMFi7tdSPtz2uO2GFXo.jpg
https://raw.githubusercontent.com/Olamide7920/scalp_disease_project/main/datasets/hair_only/scalp_diseases/contact_dermatitis/contact_dermatitis_0710_jpg.rf.w1xU3vZhWTwS9dpuWPY3.jpg,datasets/hair_only/scalp_diseases/contact_dermatitis/contact_dermatitis_0710_jpg.rf.w1xU3vZhWTwS9dpuWPY3.jpg
https://raw.githubusercontent.com/Olamide7920/scalp_disease_project/main/datasets/hair_only/scalp_diseases/contact_dermatitis/contact_dermatitis_0711_jpg.rf.vYvuOybizPYGk5bPR2CI.jpg,datasets/hair_only/scalp_diseases/contact_dermatitis/contact_dermatitis_0711_jpg.rf.vYvuOybizPYGk5bPR2CI.jpg
https://raw.githubusercontent.com/Olamide7920/scalp_disease_project/main/datasets/hair_only/scalp_diseases/contact_dermatitis/contact_dermatitis_0712_jpg.rf.mPwdWuLKP6OoX4a68vD0.jpg,datasets/hair_only/scalp_diseases/contact_dermatitis/contact_dermatitis_0712_jpg.rf.mPwdWuLKP6OoX4a68vD0.jpg
https://raw.githubusercontent.com/Olamide7920/scalp_disease_project/main/datasets/hair_only/scalp_diseases/contact_dermatitis/contact_dermatitis_0713_jpg.rf.4eQlj2tyxFCZuCru079O.jpg,datasets/hair_only/scalp_diseases/contact_dermatitis/contact_dermatitis_0713_jpg.rf.4eQlj2tyxFCZuCru079O.jpg
https://raw.githubusercontent.com/Olamide7920/scalp_disease_project/main/datasets/hair_only/scalp_diseases/contact_dermatitis/contact_dermatitis_0714_jpg.rf.dLIuccQn3Qailrlo6dnA.jpg,datasets/hair_only/scalp_diseases/contact_dermatitis/contact_dermatitis_0714_jpg.rf.dLIuccQn3Qailrlo6dnA.jpg
https://raw.githubusercontent.com/Olamide7920/scalp_disease_project/main/datasets/hair_only/scalp_diseases/contact_dermatitis/contact_dermatitis_0715_jpg.rf.jNr1vFczSLOahhoykvxQ.jpg,datasets/hair_only/scalp_diseases/contact_dermatitis/contact_dermatitis_0715_jpg.rf.jNr1vFczSLOahhoykvxQ.jpg
https://raw.githubusercontent.com/Olamide7920/scalp_disease_project/main/datasets/hair_only/scalp_diseases/contact_dermatitis/contact_dermatitis_0716_jpg.rf.y1dHNtg5eCIwT9SrlkkR.jpg,datasets/hair_only/scalp_diseases/contact_dermatitis/contact_dermatitis_0716_jpg.rf.y1dHNtg5eCIwT9SrlkkR.jpg
https://raw.githubusercontent.com/Olamide7920/scalp_disease_project/main/datasets/hair_only/scalp_diseases/contact_dermatitis/contact_dermatitis_0717_jpg.rf.kRk0Q42sgx1jGJfFTuSC.jpg,datasets/hair_only/scalp_diseases/contact_dermatitis/contact_dermatitis_0717_jpg.rf.kRk0Q42sgx1jGJfFTuSC.jpg
https://raw.githubusercontent.com/Olamide7920/scalp_disease_project/main/datasets/hair_only/scalp_diseases/contact_dermatitis/contact_dermatitis_0718_jpg.rf.sqRFPVv9oB1USu9cBViy.jpg,datasets/hair_only/scalp_diseases/contact_dermatitis/contact_dermatitis_0718_jpg.rf.sqRFPVv9oB1USu9cBViy.jpg
https://raw.githubusercontent.com/Olamide7920/scalp_disease_project/main/datasets/hair_only/scalp_diseases/contact_dermatitis/contact_dermatitis_0719_jpg.rf.UC7iFToL8v3zi882UjYg.jpg,datasets/hair_only/scalp_diseases/contact_dermatitis/contact_dermatitis_0719_jpg.rf.UC7iFToL8v3zi882UjYg.jpg
https://raw.githubusercontent.com/Olamide7920/scalp_disease_project/main/datasets/hair_only/scalp_diseases/contact_dermatitis/contact_dermatitis_0720_jpg.rf.LlEUlgUVyhSAN4s9ERS8.jpg,datasets/hair_only/scalp_diseases/contact_dermatitis/contact_dermatitis_0720_jpg.rf.LlEUlgUVyhSAN4s9ERS8.jpg
https://raw.githubusercontent.com/Olamide7920/scalp_disease_project/main/datasets/hair_only/scalp_diseases/contact_dermatitis/contact_dermatitis_0721_jpg.rf.G3ipUcG58GynzQINokZ7.jpg,datasets/hair_only/scalp_diseases/contact_dermatitis/contact_dermatitis_0721_jpg.rf.G3ipUcG58GynzQINokZ7.jpg
https://raw.githubusercontent.com/Olamide7920/scalp_disease_project/main/datasets/hair_only/scalp_diseases/contact_dermatitis/contact_dermatitis_0722_jpg.rf.IdodJEpkbpJ82XPapjzX.jpg,datasets/hair_only/scalp_diseases/contact_dermatitis/contact_dermatitis_0722_jpg.rf.IdodJEpkbpJ82XPapjzX.jpg
https://raw.githubusercontent.com/Olamide7920/scalp_disease_project/main/datasets/hair_only/scalp_diseases/contact_dermatitis/contact_dermatitis_0723_jpg.rf.6eH5b1QsDEAOqC6CsaZD.jpg,datasets/hair_only/scalp_diseases/contact_dermatitis/contact_dermatitis_0723_jpg.rf.6eH5b1QsDEAOqC6CsaZD.jpg
https://raw.githubusercontent.com/Olamide7920/scalp_disease_project/main/datasets/hair_only/scalp_diseases/contact_dermatitis/contact_dermatitis_0724_jpg.rf.fvk3CFy928dGJkaLVWRJ.jpg,datasets/hair_only/scalp_diseases/contact_dermatitis/contact_dermatitis_0724_jpg.rf.fvk3CFy928dGJkaLVWRJ.jpg
https://raw.githubusercontent.com/Olamide7920/scalp_disease_project/main/datasets/hair_only/scalp_diseases/contact_dermatitis/contact_dermatitis_0725_jpg.rf.bqF6AzfY4pivwtAHSr9q.jpg,datasets/hair_only/scalp_diseases/contact_dermatitis/contact_dermatitis_0725_jpg.rf.bqF6AzfY4pivwtAHSr9q.jpg
https://raw.githubusercontent.com/Olamide7920/scalp_disease_project/main/datasets/hair_only/scalp_diseases/contact_dermatitis/contact_dermatitis_0726_jpg.rf.3cxe8RvhUYM2n0rJo77Q.jpg,datasets/hair_only/scalp_diseases/contact_dermatitis/contact_dermatitis_0726_jpg.rf.3cxe8RvhUYM2n0rJo77Q.jpg
https://raw.githubusercontent.com/Olamide7920/scalp_disease_project/main/datasets/hair_only/scalp_diseases/contact_dermatitis/contact_dermatitis_0727_jpg.rf.uryAGk2BMILS6uxhB7r1.jpg,datasets/hair_only/scalp_diseases/contact_dermatitis/contact_dermatitis_0727_jpg.rf.uryAGk2BMILS6uxhB7r1.jpg
https://raw.githubusercontent.com/Olamide7920/scalp_disease_project/main/datasets/hair_only/scalp_diseases/contact_dermatitis/contact_dermatitis_0728_jpg.rf.FnPiiIJmANbJe2BjuVz1.jpg,datasets/hair_only/scalp_diseases/contact_dermatitis/contact_dermatitis_0728_jpg.rf.FnPiiIJmANbJe2BjuVz1.jpg
https://raw.githubusercontent.com/Olamide7920/scalp_disease_project/main/datasets/hair_only/scalp_diseases/contact_dermatitis/contact_dermatitis_0729_jpg.rf.ia2QaGoq6wPdanW2DepI.jpg,datasets/hair_only/scalp_diseases/contact_dermatitis/contact_dermatitis_0729_jpg.rf.ia2QaGoq6wPdanW2DepI.jpg
https://raw.githubusercontent.com/Olamide7920/scalp_disease_project/main/datasets/hair_only/scalp_diseases/contact_dermatitis/contact_dermatitis_0730_jpg.rf.YVjuvL2lLf7K9dbQ2rsd.jpg,datasets/hair_only/scalp_diseases/contact_dermatitis/contact_dermatitis_0730_jpg.rf.YVjuvL2lLf7K9dbQ2rsd.jpg
https://raw.githubusercontent.com/Olamide7920/scalp_disease_project/main/datasets/hair_only/scalp_diseases/contact_dermatitis/contact_dermatitis_0731_jpg.rf.GFUPDBoHzZVsILFM9dnN.jpg,datasets/hair_only/scalp_diseases/contact_dermatitis/contact_dermatitis_0731_jpg.rf.GFUPDBoHzZVsILFM9dnN.jpg
https://raw.githubusercontent.com/Olamide7920/scalp_disease_project/main/datasets/hair_only/scalp_diseases/contact_dermatitis/contact_dermatitis_0732_jpg.rf.AojCfzERUx1WHk29jnmK.jpg,datasets/hair_only/scalp_diseases/contact_dermatitis/contact_dermatitis_0732_jpg.rf.AojCfzERUx1WHk29jnmK.jpg
https://raw.githubusercontent.com/Olamide7920/scalp_disease_project/main/datasets/hair_only/scalp_diseases/contact_dermatitis/contact_dermatitis_0733_jpg.rf.rmxkggY0dvTNLR1tNnJI.jpg,datasets/hair_only/scalp_diseases/contact_dermatitis/contact_dermatitis_0733_jpg.rf.rmxkggY0dvTNLR1tNnJI.jpg
https://raw.githubusercontent.com/Olamide7920/scalp_disease_project/main/datasets/hair_only/scalp_diseases/contact_dermatitis/contact_dermatitis_0734_jpg.rf.s0oM2QZtnh9QY2uvW6fj.jpg,datasets/hair_only/scalp_diseases/contact_dermatitis/contact_dermatitis_0734_jpg.rf.s0oM2QZtnh9QY2uvW6fj.jpg
https://raw.githubusercontent.com/Olamide7920/scalp_disease_project/main/datasets/hair_only/scalp_diseases/contact_dermatitis/contact_dermatitis_0735_jpg.rf.5axaPpH8TigatdB7zDLZ.jpg,datasets/hair_only/scalp_diseases/contact_dermatitis/contact_dermatitis_0735_jpg.rf.5axaPpH8TigatdB7zDLZ.jpg
https://raw.githubusercontent.com/Olamide7920/scalp_disease_project/main/datasets/hair_only/scalp_diseases/contact_dermatitis/contact_dermatitis_0736_jpg.rf.nL0ALqgx3hIljDL29aBf.jpg,datasets/hair_only/scalp_diseases/contact_dermatitis/contact_dermatitis_0736_jpg.rf.nL0ALqgx3hIljDL29aBf.jpg
https://raw.githubusercontent.com/Olamide7920/scalp_disease_project/main/datasets/hair_only/scalp_diseases/contact_dermatitis/contact_dermatitis_0737_jpg.rf.n7GGwiqAXwI5hgFuAogX.jpg,datasets/hair_only/scalp_diseases/contact_dermatitis/contact_dermatitis_0737_jpg.rf.n7GGwiqAXwI5hgFuAogX.jpg
https://raw.githubusercontent.com/Olamide7920/scalp_disease_project/main/datasets/hair_only/scalp_diseases/contact_dermatitis/contact_dermatitis_0738_jpg.rf.Wa1lT3Cg25NFoJIlt3gS.jpg,datasets/hair_only/scalp_diseases/contact_dermatitis/contact_dermatitis_0738_jpg.rf.Wa1lT3Cg25NFoJIlt3gS.jpg
https://raw.githubusercontent.com/Olamide7920/scalp_disease_project/main/datasets/hair_only/scalp_diseases/contact_dermatitis/contact_dermatitis_0739_jpg.rf.9W0nXDTzVECn41Ah2gR0.jpg,datasets/hair_only/scalp_diseases/contact_dermatitis/contact_dermatitis_0739_jpg.rf.9W0nXDTzVECn41Ah2gR0.jpg
https://raw.githubusercontent.com/Olamide7920/scalp_disease_project/main/datasets/hair_only/scalp_diseases/contact_dermatitis/contact_dermatitis_0740_jpg.rf.WYE7OU4nLyiGKEoi2uWd.jpg,datasets/hair_only/scalp_diseases/contact_dermatitis/contact_dermatitis_0740_jpg.rf.WYE7OU4nLyiGKEoi2uWd.jpg
https://raw.githubusercontent.com/Olamide7920/scalp_disease_project/main/datasets/hair_only/scalp_diseases/contact_dermatitis/contact_dermatitis_0741_jpg.rf.cURYFbkbWFqolqD8IhoQ.jpg,datasets/hair_only/scalp_diseases/contact_dermatitis/contact_dermatitis_0741_jpg.rf.cURYFbkbWFqolqD8IhoQ.jpg
https://raw.githubusercontent.com/Olamide7920/scalp_disease_project/main/datasets/hair_only/scalp_diseases/contact_dermatitis/contact_dermatitis_0742_jpg.rf.UMIXeHEvFktueN1hPwX0.jpg,datasets/hair_only/scalp_diseases/contact_dermatitis/contact_dermatitis_0742_jpg.rf.UMIXeHEvFktueN1hPwX0.jpg
https://raw.githubusercontent.com/Olamide7920/scalp_disease_project/main/datasets/hair_only/scalp_diseases/contact_dermatitis/contact_dermatitis_0743_jpg.rf.FukPLO09meqAJ4UQYqca.jpg,datasets/hair_only/scalp_diseases/contact_dermatitis/contact_dermatitis_0743_jpg.rf.FukPLO09meqAJ4UQYqca.jpg
https://raw.githubusercontent.com/Olamide7920/scalp_disease_project/main/datasets/hair_only/scalp_diseases/contact_dermatitis/contact_dermatitis_0744_jpg.rf.UbWqu6tcH782FFukdRXb.jpg,datasets/hair_only/scalp_diseases/contact_dermatitis/contact_dermatitis_0744_jpg.rf.UbWqu6tcH782FFukdRXb.jpg
https://raw.githubusercontent.com/Olamide7920/scalp_disease_project/main/datasets/hair_only/scalp_diseases/contact_dermatitis/contact_dermatitis_0745_jpg.rf.6HKeHXzknOlox7VAgaTV.jpg,datasets/hair_only/scalp_diseases/contact_dermatitis/contact_dermatitis_0745_jpg.rf.6HKeHXzknOlox7VAgaTV.jpg
https://raw.githubusercontent.com/Olamide7920/scalp_disease_project/main/datasets/hair_only/scalp_diseases/contact_dermatitis/contact_dermatitis_0746_jpg.rf.IJ7elLo0KoWOAbI8rl2S.jpg,datasets/hair_only/scalp_diseases/contact_dermatitis/contact_dermatitis_0746_jpg.rf.IJ7elLo0KoWOAbI8rl2S.jpg
https://raw.githubusercontent.com/Olamide7920/scalp_disease_project/main/datasets/hair_only/scalp_diseases/contact_dermatitis/contact_dermatitis_0747_jpg.rf.OkSprLomLgLTg9smHtHH.jpg,datasets/hair_only/scalp_diseases/contact_dermatitis/contact_dermatitis_0747_jpg.rf.OkSprLomLgLTg9smHtHH.jpg
https://raw.githubusercontent.com/Olamide7920/scalp_disease_project/main/datasets/hair_only/scalp_diseases/contact_dermatitis/contact_dermatitis_0748_jpg.rf.k70huvhGaA9YX6Ez8gkV.jpg,datasets/hair_only/scalp_diseases/contact_dermatitis/contact_dermatitis_0748_jpg.rf.k70huvhGaA9YX6Ez8gkV.jpg
https://raw.githubusercontent.com/Olamide7920/scalp_disease_project/main/datasets/hair_only/scalp_diseases/contact_dermatitis/contact_dermatitis_0749_jpg.rf.mkQfCSKESD0tfmqO8t5C.jpg,datasets/hair_only/scalp_diseases/contact_dermatitis/contact_dermatitis_0749_jpg.rf.mkQfCSKESD0tfmqO8t5C.jpg
https://raw.githubusercontent.com/Olamide7920/scalp_disease_project/main/datasets/hair_only/scalp_diseases/contact_dermatitis/contact_dermatitis_0750_jpg.rf.vzMKnIhFjymawDyR65X4.jpg,datasets/hair_only/scalp_diseases/contact_dermatitis/contact_dermatitis_0750_jpg.rf.vzMKnIhFjymawDyR65X4.jpg
https://raw.githubusercontent.com/Olamide7920/scalp_disease_project/main/datasets/hair_only/scalp_diseases/contact_dermatitis/contact_dermatitis_0751_jpg.rf.mQV6amGobOrmN3OYb6ck.jpg,datasets/hair_only/scalp_diseases/contact_dermatitis/contact_dermatitis_0751_jpg.rf.mQV6amGobOrmN3OYb6ck.jpg
https://raw.githubusercontent.com/Olamide7920/scalp_disease_project/main/datasets/hair_only/scalp_diseases/contact_dermatitis/contact_dermatitis_0752_jpg.rf.y4FLPef4dsxBjfre5TOZ.jpg,datasets/hair_only/scalp_diseases/contact_dermatitis/contact_dermatitis_0752_jpg.rf.y4FLPef4dsxBjfre5TOZ.jpg
https://raw.githubusercontent.com/Olamide7920/scalp_disease_project/main/datasets/hair_only/scalp_diseases/contact_dermatitis/contact_dermatitis_0753_jpg.rf.kNiGxPUxA90QhR6vh1TY.jpg,datasets/hair_only/scalp_diseases/contact_dermatitis/contact_dermatitis_0753_jpg.rf.kNiGxPUxA90QhR6vh1TY.jpg
https://raw.githubusercontent.com/Olamide7920/scalp_disease_project/main/datasets/hair_only/scalp_diseases/contact_dermatitis/contact_dermatitis_0754_jpg.rf.xJYdp5q15W7WO6JVNvUa.jpg,datasets/hair_only/scalp_diseases/contact_dermatitis/contact_dermatitis_0754_jpg.rf.xJYdp5q15W7WO6JVNvUa.jpg
https://raw.githubusercontent.com/Olamide7920/scalp_disease_project/main/datasets/hair_only/scalp_diseases/contact_dermatitis/contact_dermatitis_0755_jpg.rf.ncSarqDjkNrL3Ly9pAad.jpg,datasets/hair_only/scalp_diseases/contact_dermatitis/contact_dermatitis_0755_jpg.rf.ncSarqDjkNrL3Ly9pAad.jpg
https://raw.githubusercontent.com/Olamide7920/scalp_disease_project/main/datasets/hair_only/scalp_diseases/contact_dermatitis/contact_dermatitis_0756_jpg.rf.jnMJaVO96Y2Qnh0QUPNw.jpg,datasets/hair_only/scalp_diseases/contact_dermatitis/contact_dermatitis_0756_jpg.rf.jnMJaVO96Y2Qnh0QUPNw.jpg
https://raw.githubusercontent.com/Olamide7920/scalp_disease_project/main/datasets/hair_only/scalp_diseases/contact_dermatitis/contact_dermatitis_0757_jpg.rf.mdi4UNE6tOgnyTfIEips.jpg,datasets/hair_only/scalp_diseases/contact_dermatitis/contact_dermatitis_0757_jpg.rf.mdi4UNE6tOgnyTfIEips.jpg
https://raw.githubusercontent.com/Olamide7920/scalp_disease_project/main/datasets/hair_only/scalp_diseases/contact_dermatitis/contact_dermatitis_0758_jpg.rf.2FKqB2jRjdN03GAoB3Ol.jpg,datasets/hair_only/scalp_diseases/contact_dermatitis/contact_dermatitis_0758_jpg.rf.2FKqB2jRjdN03GAoB3Ol.jpg
https://raw.githubusercontent.com/Olamide7920/scalp_disease_project/main/datasets/hair_only/scalp_diseases/contact_dermatitis/contact_dermatitis_0759_jpg.rf.D5rtEdEgTJ8O4dNeFsCF.jpg,datasets/hair_only/scalp_diseases/contact_dermatitis/contact_dermatitis_0759_jpg.rf.D5rtEdEgTJ8O4dNeFsCF.jpg
https://raw.githubusercontent.com/Olamide7920/scalp_disease_project/main/datasets/hair_only/scalp_diseases/contact_dermatitis/contact_dermatitis_0760_jpg.rf.FKlNJ8nZWekM9LssIWsz.jpg,datasets/hair_only/scalp_diseases/contact_dermatitis/contact_dermatitis_0760_jpg.rf.FKlNJ8nZWekM9LssIWsz.jpg
https://raw.githubusercontent.com/Olamide7920/scalp_disease_project/main/datasets/hair_only/scalp_diseases/contact_dermatitis/contact_dermatitis_0761_jpg.rf.2FLVSkbEdwHS0l1ytD1L.jpg,datasets/hair_only/scalp_diseases/contact_dermatitis/contact_dermatitis_0761_jpg.rf.2FLVSkbEdwHS0l1ytD1L.jpg
https://raw.githubusercontent.com/Olamide7920/scalp_disease_project/main/datasets/hair_only/scalp_diseases/contact_dermatitis/contact_dermatitis_0762_jpg.rf.fr9pMBigJRGP6S615onx.jpg,datasets/hair_only/scalp_diseases/contact_dermatitis/contact_dermatitis_0762_jpg.rf.fr9pMBigJRGP6S615onx.jpg
https://raw.githubusercontent.com/Olamide7920/scalp_disease_project/main/datasets/hair_only/scalp_diseases/contact_dermatitis/contact_dermatitis_0763_jpg.rf.EjVtv6boS3EG2ptqZ7Tx.jpg,datasets/hair_only/scalp_diseases/contact_dermatitis/contact_dermatitis_0763_jpg.rf.EjVtv6boS3EG2ptqZ7Tx.jpg
https://raw.githubusercontent.com/Olamide7920/scalp_disease_project/main/datasets/hair_only/scalp_diseases/contact_dermatitis/contact_dermatitis_0764_jpg.rf.W1dSGvYe0nrchGiqgAer.jpg,datasets/hair_only/scalp_diseases/contact_dermatitis/contact_dermatitis_0764_jpg.rf.W1dSGvYe0nrchGiqgAer.jpg
https://raw.githubusercontent.com/Olamide7920/scalp_disease_project/main/datasets/hair_only/scalp_diseases/contact_dermatitis/contact_dermatitis_0765_jpg.rf.2ZWx0pd9YVONDkiDDQ3N.jpg,datasets/hair_only/scalp_diseases/contact_dermatitis/contact_dermatitis_0765_jpg.rf.2ZWx0pd9YVONDkiDDQ3N.jpg
https://raw.githubusercontent.com/Olamide7920/scalp_disease_project/main/datasets/hair_only/scalp_diseases/contact_dermatitis/contact_dermatitis_0766_jpg.rf.Jzo86rhCczMN32vlonkv.jpg,datasets/hair_only/scalp_diseases/contact_dermatitis/contact_dermatitis_0766_jpg.rf.Jzo86rhCczMN32vlonkv.jpg
https://raw.githubusercontent.com/Olamide7920/scalp_disease_project/main/datasets/hair_only/scalp_diseases/contact_dermatitis/contact_dermatitis_0767_jpg.rf.kx1zJuWXldFMLEaiclPr.jpg,datasets/hair_only/scalp_diseases/contact_dermatitis/contact_dermatitis_0767_jpg.rf.kx1zJuWXldFMLEaiclPr.jpg
https://raw.githubusercontent.com/Olamide7920/scalp_disease_project/main/datasets/hair_only/scalp_diseases/contact_dermatitis/contact_dermatitis_0768_jpg.rf.3L1KTeTqDB9pOp7nwp4U.jpg,datasets/hair_only/scalp_diseases/contact_dermatitis/contact_dermatitis_0768_jpg.rf.3L1KTeTqDB9pOp7nwp4U.jpg
https://raw.githubusercontent.com/Olamide7920/scalp_disease_project/main/datasets/hair_only/scalp_diseases/contact_dermatitis/contact_dermatitis_0769_jpg.rf.gx2YKc2Q4WmSfU6nwVG9.jpg,datasets/hair_only/scalp_diseases/contact_dermatitis/contact_dermatitis_0769_jpg.rf.gx2YKc2Q4WmSfU6nwVG9.jpg
https://raw.githubusercontent.com/Olamide7920/scalp_disease_project/main/datasets/hair_only/scalp_diseases/contact_dermatitis/contact_dermatitis_0770_jpg.rf.91Hk0mDUO2qATN5Fx70F.jpg,datasets/hair_only/scalp_diseases/contact_dermatitis/contact_dermatitis_0770_jpg.rf.91Hk0mDUO2qATN5Fx70F.jpg
https://raw.githubusercontent.com/Olamide7920/scalp_disease_project/main/datasets/hair_only/scalp_diseases/contact_dermatitis/contact_dermatitis_0771_jpg.rf.PFyTD9ZMevZpj291UDTz.jpg,datasets/hair_only/scalp_diseases/contact_dermatitis/contact_dermatitis_0771_jpg.rf.PFyTD9ZMevZpj291UDTz.jpg
https://raw.githubusercontent.com/Olamide7920/scalp_disease_project/main/datasets/hair_only/scalp_diseases/contact_dermatitis/contact_dermatitis_0772_jpg.rf.8yaPtVA89LbTVXE5XKVI.jpg,datasets/hair_only/scalp_diseases/contact_dermatitis/contact_dermatitis_0772_jpg.rf.8yaPtVA89LbTVXE5XKVI.jpg
https://raw.githubusercontent.com/Olamide7920/scalp_disease_project/main/datasets/hair_only/scalp_diseases/contact_dermatitis/contact_dermatitis_0773_jpg.rf.KSBab9yyTfu479dpGucC.jpg,datasets/hair_only/scalp_diseases/contact_dermatitis/contact_dermatitis_0773_jpg.rf.KSBab9yyTfu479dpGucC.jpg
https://raw.githubusercontent.com/Olamide7920/scalp_disease_project/main/datasets/hair_only/scalp_diseases/contact_dermatitis/contact_dermatitis_0774_jpg.rf.7ifAJER5aY3sb7cO6bJG.jpg,datasets/hair_only/scalp_diseases/contact_dermatitis/contact_dermatitis_0774_jpg.rf.7ifAJER5aY3sb7cO6bJG.jpg
https://raw.githubusercontent.com/Olamide7920/scalp_disease_project/main/datasets/hair_only/scalp_diseases/contact_dermatitis/contact_dermatitis_0775_jpg.rf.c1uERrtzumDyb6sjSjem.jpg,datasets/hair_only/scalp_diseases/contact_dermatitis/contact_dermatitis_0775_jpg.rf.c1uERrtzumDyb6sjSjem.jpg
https://raw.githubusercontent.com/Olamide7920/scalp_disease_project/main/datasets/hair_only/scalp_diseases/contact_dermatitis/contact_dermatitis_0776_jpg.rf.wPH3kbVLMIZ32xitsZKg.jpg,datasets/hair_only/scalp_diseases/contact_dermatitis/contact_dermatitis_0776_jpg.rf.wPH3kbVLMIZ32xitsZKg.jpg
https://raw.githubusercontent.com/Olamide7920/scalp_disease_project/main/datasets/hair_only/scalp_diseases/contact_dermatitis/contact_dermatitis_0777_jpg.rf.GG4b2gG1oKnBny6kcBvd.jpg,datasets/hair_only/scalp_diseases/contact_dermatitis/contact_dermatitis_0777_jpg.rf.GG4b2gG1oKnBny6kcBvd.jpg
https://raw.githubusercontent.com/Olamide7920/scalp_disease_project/main/datasets/hair_only/scalp_diseases/contact_dermatitis/contact_dermatitis_0778_jpg.rf.uejpxldghru8CV8k4CQx.jpg,datasets/hair_only/scalp_diseases/contact_dermatitis/contact_dermatitis_0778_jpg.rf.uejpxldghru8CV8k4CQx.jpg
https://raw.githubusercontent.com/Olamide7920/scalp_disease_project/main/datasets/hair_only/scalp_diseases/contact_dermatitis/contact_dermatitis_0779_jpg.rf.nzf3TXsadegL0HtUfT5Y.jpg,datasets/hair_only/scalp_diseases/contact_dermatitis/contact_dermatitis_0779_jpg.rf.nzf3TXsadegL0HtUfT5Y.jpg
https://raw.githubusercontent.com/Olamide7920/scalp_disease_project/main/datasets/hair_only/scalp_diseases/contact_dermatitis/contact_dermatitis_0780_jpg.rf.ncXMMhIVdr22odK3LFnk.jpg,datasets/hair_only/scalp_diseases/contact_dermatitis/contact_dermatitis_0780_jpg.rf.ncXMMhIVdr22odK3LFnk.jpg
https://raw.githubusercontent.com/Olamide7920/scalp_disease_project/main/datasets/hair_only/scalp_diseases/contact_dermatitis/contact_dermatitis_0781_jpg.rf.7oPIxaMTsVT5qIoIA3GZ.jpg,datasets/hair_only/scalp_diseases/contact_dermatitis/contact_dermatitis_0781_jpg.rf.7oPIxaMTsVT5qIoIA3GZ.jpg
https://raw.githubusercontent.com/Olamide7920/scalp_disease_project/main/datasets/hair_only/scalp_diseases/contact_dermatitis/contact_dermatitis_0782_jpg.rf.VtpdLiEQgdEBt42N9S5O.jpg,datasets/hair_only/scalp_diseases/contact_dermatitis/contact_dermatitis_0782_jpg.rf.VtpdLiEQgdEBt42N9S5O.jpg
https://raw.githubusercontent.com/Olamide7920/scalp_disease_project/main/datasets/hair_only/scalp_diseases/contact_dermatitis/contact_dermatitis_0783_jpg.rf.4LcwI00w1NHhM1XTB3ka.jpg,datasets/hair_only/scalp_diseases/contact_dermatitis/contact_dermatitis_0783_jpg.rf.4LcwI00w1NHhM1XTB3ka.jpg
https://raw.githubusercontent.com/Olamide7920/scalp_disease_project/main/datasets/hair_only/scalp_diseases/contact_dermatitis/contact_dermatitis_0784_jpg.rf.w6yRFYBmdqeg6hYE2n60.jpg,datasets/hair_only/scalp_diseases/contact_dermatitis/contact_dermatitis_0784_jpg.rf.w6yRFYBmdqeg6hYE2n60.jpg
https://raw.githubusercontent.com/Olamide7920/scalp_disease_project/main/datasets/hair_only/scalp_diseases/contact_dermatitis/contact_dermatitis_0785_jpg.rf.AoBzWCd4Il4Mqjg9aE7p.jpg,datasets/hair_only/scalp_diseases/contact_dermatitis/contact_dermatitis_0785_jpg.rf.AoBzWCd4Il4Mqjg9aE7p.jpg
https://raw.githubusercontent.com/Olamide7920/scalp_disease_project/main/datasets/hair_only/scalp_diseases/contact_dermatitis/contact_dermatitis_0786_jpg.rf.I72PlXphPV5uYPcbzxcu.jpg,datasets/hair_only/scalp_diseases/contact_dermatitis/contact_dermatitis_0786_jpg.rf.I72PlXphPV5uYPcbzxcu.jpg
https://raw.githubusercontent.com/Olamide7920/scalp_disease_project/main/datasets/hair_only/scalp_diseases/contact_dermatitis/contact_dermatitis_0787_jpg.rf.R2mMCJddFjqz0FVWQQZo.jpg,datasets/hair_only/scalp_diseases/contact_dermatitis/contact_dermatitis_0787_jpg.rf.R2mMCJddFjqz0FVWQQZo.jpg
https://raw.githubusercontent.com/Olamide7920/scalp_disease_project/main/datasets/hair_only/scalp_diseases/contact_dermatitis/contact_dermatitis_0788_jpg.rf.T3UDsinBRWqZqucwFoZW.jpg,datasets/hair_only/scalp_diseases/contact_dermatitis/contact_dermatitis_0788_jpg.rf.T3UDsinBRWqZqucwFoZW.jpg
https://raw.githubusercontent.com/Olamide7920/scalp_disease_project/main/datasets/hair_only/scalp_diseases/contact_dermatitis/contact_dermatitis_0789_jpg.rf.14TgosEX0W3TBHHGbDvM.jpg,datasets/hair_only/scalp_diseases/contact_dermatitis/contact_dermatitis_0789_jpg.rf.14TgosEX0W3TBHHGbDvM.jpg
https://raw.githubusercontent.com/Olamide7920/scalp_disease_project/main/datasets/hair_only/scalp_diseases/contact_dermatitis/contact_dermatitis_0790_jpg.rf.C7gNK2QhjbxrxbNHa2hq.jpg,datasets/hair_only/scalp_diseases/contact_dermatitis/contact_dermatitis_0790_jpg.rf.C7gNK2QhjbxrxbNHa2hq.jpg
https://raw.githubusercontent.com/Olamide7920/scalp_disease_project/main/datasets/hair_only/scalp_diseases/contact_dermatitis/contact_dermatitis_0791_jpg.rf.tqZK9kXkKkIWY8JhfmQr.jpg,datasets/hair_only/scalp_diseases/contact_dermatitis/contact_dermatitis_0791_jpg.rf.tqZK9kXkKkIWY8JhfmQr.jpg
https://raw.githubusercontent.com/Olamide7920/scalp_disease_project/main/datasets/hair_only/scalp_diseases/contact_dermatitis/contact_dermatitis_0792_jpg.rf.RLGgm95rYJGlUWxJXdLq.jpg,datasets/hair_only/scalp_diseases/contact_dermatitis/contact_dermatitis_0792_jpg.rf.RLGgm95rYJGlUWxJXdLq.jpg
https://raw.githubusercontent.com/Olamide7920/scalp_disease_project/main/datasets/hair_only/scalp_diseases/contact_dermatitis/contact_dermatitis_0793_jpg.rf.kxkQCN2Q1kEK2tIB7s05.jpg,datasets/hair_only/scalp_diseases/contact_dermatitis/contact_dermatitis_0793_jpg.rf.kxkQCN2Q1kEK2tIB7s05.jpg
https://raw.githubusercontent.com/Olamide7920/scalp_disease_project/main/datasets/hair_only/scalp_diseases/contact_dermatitis/contact_dermatitis_0794_jpg.rf.UQV0TQQuIPZ1QnP3YyhA.jpg,datasets/hair_only/scalp_diseases/contact_dermatitis/contact_dermatitis_0794_jpg.rf.UQV0TQQuIPZ1QnP3YyhA.jpg
https://raw.githubusercontent.com/Olamide7920/scalp_disease_project/main/datasets/hair_only/scalp_diseases/contact_dermatitis/contact_dermatitis_0795_jpg.rf.gkb7A4qVAQzyhHjtHkOE.jpg,datasets/hair_only/scalp_diseases/contact_dermatitis/contact_dermatitis_0795_jpg.rf.gkb7A4qVAQzyhHjtHkOE.jpg
https://raw.githubusercontent.com/Olamide7920/scalp_disease_project/main/datasets/hair_only/scalp_diseases/contact_dermatitis/contact_dermatitis_0796_jpg.rf.N85J8VclTVkw1S1ig6HU.jpg,datasets/hair_only/scalp_diseases/contact_dermatitis/contact_dermatitis_0796_jpg.rf.N85J8VclTVkw1S1ig6HU.jpg
https://raw.githubusercontent.com/Olamide7920/scalp_disease_project/main/datasets/hair_only/scalp_diseases/contact_dermatitis/contact_dermatitis_0797_jpg.rf.YenLFsSwfHA25wkjNsPA.jpg,datasets/hair_only/scalp_diseases/contact_dermatitis/contact_dermatitis_0797_jpg.rf.YenLFsSwfHA25wkjNsPA.jpg
https://raw.githubusercontent.com/Olamide7920/scalp_disease_project/main/datasets/hair_only/scalp_diseases/contact_dermatitis/contact_dermatitis_0798_jpg.rf.DkxDcVMIrsKlVAjxf1eJ.jpg,datasets/hair_only/scalp_diseases/contact_dermatitis/contact_dermatitis_0798_jpg.rf.DkxDcVMIrsKlVAjxf1eJ.jpg
https://raw.githubusercontent.com/Olamide7920/scalp_disease_project/main/datasets/hair_only/scalp_diseases/contact_dermatitis/contact_dermatitis_0799_jpg.rf.6k3Tut7KkfSvMHPX7BdQ.jpg,datasets/hair_only/scalp_diseases/contact_dermatitis/contact_dermatitis_0799_jpg.rf.6k3Tut7KkfSvMHPX7BdQ.jpg
https://raw.githubusercontent.com/Olamide7920/scalp_disease_project/main/datasets/hair_only/scalp_diseases/contact_dermatitis/contact_dermatitis_0800_jpg.rf.JVDhsUAzgPJbOtu42e7D.jpg,datasets/hair_only/scalp_diseases/contact_dermatitis/contact_dermatitis_0800_jpg.rf.JVDhsUAzgPJbOtu42e7D.jpg
https://raw.githubusercontent.com/Olamide7920/scalp_disease_project/main/datasets/hair_only/scalp_diseases/contact_dermatitis/contact_dermatitis_0801_jpg.rf.vCqA2DPYbu3bFEDBmcqk.jpg,datasets/hair_only/scalp_diseases/contact_dermatitis/contact_dermatitis_0801_jpg.rf.vCqA2DPYbu3bFEDBmcqk.jpg
https://raw.githubusercontent.com/Olamide7920/scalp_disease_project/main/datasets/hair_only/scalp_diseases/contact_dermatitis/contact_dermatitis_0802_jpg.rf.8y4UMeLcHNxwuszGmeZn.jpg,datasets/hair_only/scalp_diseases/contact_dermatitis/contact_dermatitis_0802_jpg.rf.8y4UMeLcHNxwuszGmeZn.jpg
https://raw.githubusercontent.com/Olamide7920/scalp_disease_project/main/datasets/hair_only/scalp_diseases/contact_dermatitis/contact_dermatitis_0803_jpg.rf.ivncfj5dlxvfND34yxTl.jpg,datasets/hair_only/scalp_diseases/contact_dermatitis/contact_dermatitis_0803_jpg.rf.ivncfj5dlxvfND34yxTl.jpg
https://raw.githubusercontent.com/Olamide7920/scalp_disease_project/main/datasets/hair_only/scalp_diseases/contact_dermatitis/contact_dermatitis_0804_jpg.rf.fuHFKxlu0UuGJ5atdn1p.jpg,datasets/hair_only/scalp_diseases/contact_dermatitis/contact_dermatitis_0804_jpg.rf.fuHFKxlu0UuGJ5atdn1p.jpg
https://raw.githubusercontent.com/Olamide7920/scalp_disease_project/main/datasets/hair_only/scalp_diseases/contact_dermatitis/contact_dermatitis_0805_jpg.rf.cPr6UWKjjkgaraFJnEAs.jpg,datasets/hair_only/scalp_diseases/contact_dermatitis/contact_dermatitis_0805_jpg.rf.cPr6UWKjjkgaraFJnEAs.jpg
https://raw.githubusercontent.com/Olamide7920/scalp_disease_project/main/datasets/hair_only/scalp_diseases/contact_dermatitis/contact_dermatitis_0806_jpg.rf.eXIleIzLmNIRD8HYy4JK.jpg,datasets/hair_only/scalp_diseases/contact_dermatitis/contact_dermatitis_0806_jpg.rf.eXIleIzLmNIRD8HYy4JK.jpg
https://raw.githubusercontent.com/Olamide7920/scalp_disease_project/main/datasets/hair_only/scalp_diseases/contact_dermatitis/contact_dermatitis_0807_jpg.rf.FiolEof8Ntc1ukuS3FHf.jpg,datasets/hair_only/scalp_diseases/contact_dermatitis/contact_dermatitis_0807_jpg.rf.FiolEof8Ntc1ukuS3FHf.jpg
https://raw.githubusercontent.com/Olamide7920/scalp_disease_project/main/datasets/hair_only/scalp_diseases/contact_dermatitis/contact_dermatitis_0808_jpg.rf.BLPLg6cqEYx52sJX1xzH.jpg,datasets/hair_only/scalp_diseases/contact_dermatitis/contact_dermatitis_0808_jpg.rf.BLPLg6cqEYx52sJX1xzH.jpg
https://raw.githubusercontent.com/Olamide7920/scalp_disease_project/main/datasets/hair_only/scalp_diseases/contact_dermatitis/contact_dermatitis_0809_jpg.rf.0AWmu7jNkeXStiwy4LuY.jpg,datasets/hair_only/scalp_diseases/contact_dermatitis/contact_dermatitis_0809_jpg.rf.0AWmu7jNkeXStiwy4LuY.jpg
https://raw.githubusercontent.com/Olamide7920/scalp_disease_project/main/datasets/hair_only/scalp_diseases/contact_dermatitis/contact_dermatitis_0810_jpg.rf.THA6H0PAdCjMDG9g7PcZ.jpg,datasets/hair_only/scalp_diseases/contact_dermatitis/contact_dermatitis_0810_jpg.rf.THA6H0PAdCjMDG9g7PcZ.jpg
https://raw.githubusercontent.com/Olamide7920/scalp_disease_project/main/datasets/hair_only/scalp_diseases/contact_dermatitis/contact_dermatitis_0811_jpg.rf.xEifF8CKFBfZ2lPMPZ5J.jpg,datasets/hair_only/scalp_diseases/contact_dermatitis/contact_dermatitis_0811_jpg.rf.xEifF8CKFBfZ2lPMPZ5J.jpg
https://raw.githubusercontent.com/Olamide7920/scalp_disease_project/main/datasets/hair_only/scalp_diseases/contact_dermatitis/contact_dermatitis_0812_jpg.rf.sSoXtOdvy6BATVSfvR7Z.jpg,datasets/hair_only/scalp_diseases/contact_dermatitis/contact_dermatitis_0812_jpg.rf.sSoXtOdvy6BATVSfvR7Z.jpg
https://raw.githubusercontent.com/Olamide7920/scalp_disease_project/main/datasets/hair_only/scalp_diseases/contact_dermatitis/contact_dermatitis_0813_jpg.rf.pYhRz2hKP4t7UfaVakln.jpg,datasets/hair_only/scalp_diseases/contact_dermatitis/contact_dermatitis_0813_jpg.rf.pYhRz2hKP4t7UfaVakln.jpg
https://raw.githubusercontent.com/Olamide7920/scalp_disease_project/main/datasets/hair_only/scalp_diseases/contact_dermatitis/contact_dermatitis_0814_jpg.rf.2ZC8Sc81GUQZwc4dVk0H.jpg,datasets/hair_only/scalp_diseases/contact_dermatitis/contact_dermatitis_0814_jpg.rf.2ZC8Sc81GUQZwc4dVk0H.jpg
https://raw.githubusercontent.com/Olamide7920/scalp_disease_project/main/datasets/hair_only/scalp_diseases/contact_dermatitis/contact_dermatitis_0815_jpg.rf.A1EdCSXJjUKOoitPayc5.jpg,datasets/hair_only/scalp_diseases/contact_dermatitis/contact_dermatitis_0815_jpg.rf.A1EdCSXJjUKOoitPayc5.jpg
https://raw.githubusercontent.com/Olamide7920/scalp_disease_project/main/datasets/hair_only/scalp_diseases/contact_dermatitis/contact_dermatitis_0816_jpg.rf.KMPuI9mpQ4zBRXwzgG4x.jpg,datasets/hair_only/scalp_diseases/contact_dermatitis/contact_dermatitis_0816_jpg.rf.KMPuI9mpQ4zBRXwzgG4x.jpg
https://raw.githubusercontent.com/Olamide7920/scalp_disease_project/main/datasets/hair_only/scalp_diseases/contact_dermatitis/contact_dermatitis_0817_jpg.rf.ETUvYgMWUCyiLDqlB2kP.jpg,datasets/hair_only/scalp_diseases/contact_dermatitis/contact_dermatitis_0817_jpg.rf.ETUvYgMWUCyiLDqlB2kP.jpg
https://raw.githubusercontent.com/Olamide7920/scalp_disease_project/main/datasets/hair_only/scalp_diseases/contact_dermatitis/contact_dermatitis_0818_jpg.rf.W2GLQrokXAlGIPhPwERr.jpg,datasets/hair_only/scalp_diseases/contact_dermatitis/contact_dermatitis_0818_jpg.rf.W2GLQrokXAlGIPhPwERr.jpg
https://raw.githubusercontent.com/Olamide7920/scalp_disease_project/main/datasets/hair_only/scalp_diseases/contact_dermatitis/contact_dermatitis_0819_jpg.rf.iyT8zIah8uamhj37i2i5.jpg,datasets/hair_only/scalp_diseases/contact_dermatitis/contact_dermatitis_0819_jpg.rf.iyT8zIah8uamhj37i2i5.jpg
https://raw.githubusercontent.com/Olamide7920/scalp_disease_project/main/datasets/hair_only/scalp_diseases/contact_dermatitis/contact_dermatitis_0820_jpg.rf.kgsPF6Z2kpma3R6M9YlU.jpg,datasets/hair_only/scalp_diseases/contact_dermatitis/contact_dermatitis_0820_jpg.rf.kgsPF6Z2kpma3R6M9YlU.jpg
https://raw.githubusercontent.com/Olamide7920/scalp_disease_project/main/datasets/hair_only/scalp_diseases/contact_dermatitis/contact_dermatitis_0821_jpg.rf.TkxUxCc1btg4coN5p57E.jpg,datasets/hair_only/scalp_diseases/contact_dermatitis/contact_dermatitis_0821_jpg.rf.TkxUxCc1btg4coN5p57E.jpg
https://raw.githubusercontent.com/Olamide7920/scalp_disease_project/main/datasets/hair_only/scalp_diseases/contact_dermatitis/contact_dermatitis_0822_jpg.rf.eCMgjsk9lqzWdziwSkFf.jpg,datasets/hair_only/scalp_diseases/contact_dermatitis/contact_dermatitis_0822_jpg.rf.eCMgjsk9lqzWdziwSkFf.jpg
https://raw.githubusercontent.com/Olamide7920/scalp_disease_project/main/datasets/hair_only/scalp_diseases/contact_dermatitis/contact_dermatitis_0823_jpg.rf.Yn0aZsRdagJJlK4X1AFv.jpg,datasets/hair_only/scalp_diseases/contact_dermatitis/contact_dermatitis_0823_jpg.rf.Yn0aZsRdagJJlK4X1AFv.jpg
https://raw.githubusercontent.com/Olamide7920/scalp_disease_project/main/datasets/hair_only/scalp_diseases/contact_dermatitis/contact_dermatitis_0824_jpg.rf.lgvz4jd0SwSRGJLMNVv3.jpg,datasets/hair_only/scalp_diseases/contact_dermatitis/contact_dermatitis_0824_jpg.rf.lgvz4jd0SwSRGJLMNVv3.jpg
https://raw.githubusercontent.com/Olamide7920/scalp_disease_project/main/datasets/hair_only/scalp_diseases/contact_dermatitis/contact_dermatitis_0825_jpg.rf.Oi7IMbGccUxPY7Wj2ImP.jpg,datasets/hair_only/scalp_diseases/contact_dermatitis/contact_dermatitis_0825_jpg.rf.Oi7IMbGccUxPY7Wj2ImP.jpg
https://raw.githubusercontent.com/Olamide7920/scalp_disease_project/main/datasets/hair_only/scalp_diseases/contact_dermatitis/contact_dermatitis_0826_jpg.rf.A5AJNeY7KCoykckW8Lh3.jpg,datasets/hair_only/scalp_diseases/contact_dermatitis/contact_dermatitis_0826_jpg.rf.A5AJNeY7KCoykckW8Lh3.jpg
https://raw.githubusercontent.com/Olamide7920/scalp_disease_project/main/datasets/hair_only/scalp_diseases/contact_dermatitis/contact_dermatitis_0827_jpg.rf.4BxVIzioY330lFf3gjdK.jpg,datasets/hair_only/scalp_diseases/contact_dermatitis/contact_dermatitis_0827_jpg.rf.4BxVIzioY330lFf3gjdK.jpg
https://raw.githubusercontent.com/Olamide7920/scalp_disease_project/main/datasets/hair_only/scalp_diseases/contact_dermatitis/contact_dermatitis_0828_jpg.rf.SEZCEqiwkN94s5JKGXWt.jpg,datasets/hair_only/scalp_diseases/contact_dermatitis/contact_dermatitis_0828_jpg.rf.SEZCEqiwkN94s5JKGXWt.jpg
https://raw.githubusercontent.com/Olamide7920/scalp_disease_project/main/datasets/hair_only/scalp_diseases/contact_dermatitis/contact_dermatitis_0829_jpg.rf.jENMdnyGkFcme1dJvPrg.jpg,datasets/hair_only/scalp_diseases/contact_dermatitis/contact_dermatitis_0829_jpg.rf.jENMdnyGkFcme1dJvPrg.jpg
https://raw.githubusercontent.com/Olamide7920/scalp_disease_project/main/datasets/hair_only/scalp_diseases/contact_dermatitis/contact_dermatitis_0830_jpg.rf.409FsfpVJPPJKJStFqwj.jpg,datasets/hair_only/scalp_diseases/contact_dermatitis/contact_dermatitis_0830_jpg.rf.409FsfpVJPPJKJStFqwj.jpg
https://raw.githubusercontent.com/Olamide7920/scalp_disease_project/main/datasets/hair_only/scalp_diseases/contact_dermatitis/contact_dermatitis_0831_jpg.rf.XbfS5g4UiY5LQD7zO7rZ.jpg,datasets/hair_only/scalp_diseases/contact_dermatitis/contact_dermatitis_0831_jpg.rf.XbfS5g4UiY5LQD7zO7rZ.jpg
https://raw.githubusercontent.com/Olamide7920/scalp_disease_project/main/datasets/hair_only/scalp_diseases/contact_dermatitis/contact_dermatitis_0832_jpg.rf.P22JLjv6FPI7HiynyKDo.jpg,datasets/hair_only/scalp_diseases/contact_dermatitis/contact_dermatitis_0832_jpg.rf.P22JLjv6FPI7HiynyKDo.jpg
https://raw.githubusercontent.com/Olamide7920/scalp_disease_project/main/datasets/hair_only/scalp_diseases/contact_dermatitis/contact_dermatitis_0833_jpg.rf.EScme4gevhWWbWuJxHYm.jpg,datasets/hair_only/scalp_diseases/contact_dermatitis/contact_dermatitis_0833_jpg.rf.EScme4gevhWWbWuJxHYm.jpg
https://raw.githubusercontent.com/Olamide7920/scalp_disease_project/main/datasets/hair_only/scalp_diseases/contact_dermatitis/contact_dermatitis_0834_jpg.rf.vFNh4RpbVhrqwidE5qkk.jpg,datasets/hair_only/scalp_diseases/contact_dermatitis/contact_dermatitis_0834_jpg.rf.vFNh4RpbVhrqwidE5qkk.jpg
https://raw.githubusercontent.com/Olamide7920/scalp_disease_project/main/datasets/hair_only/scalp_diseases/contact_dermatitis/contact_dermatitis_0835_jpg.rf.zkN6MaTqAGsfFoHxsL3b.jpg,datasets/hair_only/scalp_diseases/contact_dermatitis/contact_dermatitis_0835_jpg.rf.zkN6MaTqAGsfFoHxsL3b.jpg
https://raw.githubusercontent.com/Olamide7920/scalp_disease_project/main/datasets/hair_only/scalp_diseases/contact_dermatitis/contact_dermatitis_0836_jpg.rf.4XyjB34JHUYfWLUkQXi7.jpg,datasets/hair_only/scalp_diseases/contact_dermatitis/contact_dermatitis_0836_jpg.rf.4XyjB34JHUYfWLUkQXi7.jpg
https://raw.githubusercontent.com/Olamide7920/scalp_disease_project/main/datasets/hair_only/scalp_diseases/contact_dermatitis/contact_dermatitis_0837_jpg.rf.WbEJtxfL42XNshWqaifE.jpg,datasets/hair_only/scalp_diseases/contact_dermatitis/contact_dermatitis_0837_jpg.rf.WbEJtxfL42XNshWqaifE.jpg
https://raw.githubusercontent.com/Olamide7920/scalp_disease_project/main/datasets/hair_only/scalp_diseases/contact_dermatitis/contact_dermatitis_0838_jpg.rf.IAPSbKHrIHhHspeEh1TL.jpg,datasets/hair_only/scalp_diseases/contact_dermatitis/contact_dermatitis_0838_jpg.rf.IAPSbKHrIHhHspeEh1TL.jpg
https://raw.githubusercontent.com/Olamide7920/scalp_disease_project/main/datasets/hair_only/scalp_diseases/contact_dermatitis/contact_dermatitis_0839_jpg.rf.ioySDhp2th3KhZDT268m.jpg,datasets/hair_only/scalp_diseases/contact_dermatitis/contact_dermatitis_0839_jpg.rf.ioySDhp2th3KhZDT268m.jpg
https://raw.githubusercontent.com/Olamide7920/scalp_disease_project/main/datasets/hair_only/scalp_diseases/contact_dermatitis/contact_dermatitis_0840_jpg.rf.fIFyjKWVreSxAXEzKTUk.jpg,datasets/hair_only/scalp_diseases/contact_dermatitis/contact_dermatitis_0840_jpg.rf.fIFyjKWVreSxAXEzKTUk.jpg
https://raw.githubusercontent.com/Olamide7920/scalp_disease_project/main/datasets/hair_only/scalp_diseases/contact_dermatitis/contact_dermatitis_0841_jpg.rf.0QMunfi7YILVTPeNqUCm.jpg,datasets/hair_only/scalp_diseases/contact_dermatitis/contact_dermatitis_0841_jpg.rf.0QMunfi7YILVTPeNqUCm.jpg
https://raw.githubusercontent.com/Olamide7920/scalp_disease_project/main/datasets/hair_only/scalp_diseases/contact_dermatitis/contact_dermatitis_0842_jpg.rf.F0qVEjEFCs8AANFrhzD5.jpg,datasets/hair_only/scalp_diseases/contact_dermatitis/contact_dermatitis_0842_jpg.rf.F0qVEjEFCs8AANFrhzD5.jpg
https://raw.githubusercontent.com/Olamide7920/scalp_disease_project/main/datasets/hair_only/scalp_diseases/contact_dermatitis/contact_dermatitis_0843_jpg.rf.u9mK9DcxfqboK4ckuske.jpg,datasets/hair_only/scalp_diseases/contact_dermatitis/contact_dermatitis_0843_jpg.rf.u9mK9DcxfqboK4ckuske.jpg
https://raw.githubusercontent.com/Olamide7920/scalp_disease_project/main/datasets/hair_only/scalp_diseases/contact_dermatitis/contact_dermatitis_0844_jpg.rf.GcWLpP1M2349Hdjtk4Lq.jpg,datasets/hair_only/scalp_diseases/contact_dermatitis/contact_dermatitis_0844_jpg.rf.GcWLpP1M2349Hdjtk4Lq.jpg
https://raw.githubusercontent.com/Olamide7920/scalp_disease_project/main/datasets/hair_only/scalp_diseases/contact_dermatitis/contact_dermatitis_0845_jpg.rf.9rNe4QlUurLmlA0VObxq.jpg,datasets/hair_only/scalp_diseases/contact_dermatitis/contact_dermatitis_0845_jpg.rf.9rNe4QlUurLmlA0VObxq.jpg
https://raw.githubusercontent.com/Olamide7920/scalp_disease_project/main/datasets/hair_only/scalp_diseases/contact_dermatitis/contact_dermatitis_0846_jpg.rf.POKAvY3YgKRL4FyIVJPK.jpg,datasets/hair_only/scalp_diseases/contact_dermatitis/contact_dermatitis_0846_jpg.rf.POKAvY3YgKRL4FyIVJPK.jpg
https://raw.githubusercontent.com/Olamide7920/scalp_disease_project/main/datasets/hair_only/scalp_diseases/contact_dermatitis/contact_dermatitis_0847_jpg.rf.n2s20j3v8MafLoi2lQfj.jpg,datasets/hair_only/scalp_diseases/contact_dermatitis/contact_dermatitis_0847_jpg.rf.n2s20j3v8MafLoi2lQfj.jpg
https://raw.githubusercontent.com/Olamide7920/scalp_disease_project/main/datasets/hair_only/scalp_diseases/contact_dermatitis/contact_dermatitis_0848_jpg.rf.sa2dxJCJyptfUTOSpsjk.jpg,datasets/hair_only/scalp_diseases/contact_dermatitis/contact_dermatitis_0848_jpg.rf.sa2dxJCJyptfUTOSpsjk.jpg
https://raw.githubusercontent.com/Olamide7920/scalp_disease_project/main/datasets/hair_only/scalp_diseases/contact_dermatitis/contact_dermatitis_0849_jpg.rf.rga0aAf7qtXJkCFNGdxk.jpg,datasets/hair_only/scalp_diseases/contact_dermatitis/contact_dermatitis_0849_jpg.rf.rga0aAf7qtXJkCFNGdxk.jpg
https://raw.githubusercontent.com/Olamide7920/scalp_disease_project/main/datasets/hair_only/scalp_diseases/contact_dermatitis/contact_dermatitis_0850_jpg.rf.AgI9dXdBSPu17IUEw93n.jpg,datasets/hair_only/scalp_diseases/contact_dermatitis/contact_dermatitis_0850_jpg.rf.AgI9dXdBSPu17IUEw93n.jpg
https://raw.githubusercontent.com/Olamide7920/scalp_disease_project/main/datasets/hair_only/scalp_diseases/contact_dermatitis/contact_dermatitis_0851_jpg.rf.VnyVSlbL5vQKhYRoZdoh.jpg,datasets/hair_only/scalp_diseases/contact_dermatitis/contact_dermatitis_0851_jpg.rf.VnyVSlbL5vQKhYRoZdoh.jpg
https://raw.githubusercontent.com/Olamide7920/scalp_disease_project/main/datasets/hair_only/scalp_diseases/contact_dermatitis/contact_dermatitis_0852_jpg.rf.9W4YuSeodwKVN8AIss94.jpg,datasets/hair_only/scalp_diseases/contact_dermatitis/contact_dermatitis_0852_jpg.rf.9W4YuSeodwKVN8AIss94.jpg
https://raw.githubusercontent.com/Olamide7920/scalp_disease_project/main/datasets/hair_only/scalp_diseases/contact_dermatitis/contact_dermatitis_0853_jpg.rf.LvPg2dBAx3qdnj6iPGFf.jpg,datasets/hair_only/scalp_diseases/contact_dermatitis/contact_dermatitis_0853_jpg.rf.LvPg2dBAx3qdnj6iPGFf.jpg
https://raw.githubusercontent.com/Olamide7920/scalp_disease_project/main/datasets/hair_only/scalp_diseases/contact_dermatitis/contact_dermatitis_0854_jpg.rf.oqTTAEsGajnOt73c7qtX.jpg,datasets/hair_only/scalp_diseases/contact_dermatitis/contact_dermatitis_0854_jpg.rf.oqTTAEsGajnOt73c7qtX.jpg
https://raw.githubusercontent.com/Olamide7920/scalp_disease_project/main/datasets/hair_only/scalp_diseases/contact_dermatitis/contact_dermatitis_0855_jpg.rf.M4181pOca07HdRiX7gWk.jpg,datasets/hair_only/scalp_diseases/contact_dermatitis/contact_dermatitis_0855_jpg.rf.M4181pOca07HdRiX7gWk.jpg
https://raw.githubusercontent.com/Olamide7920/scalp_disease_project/main/datasets/hair_only/scalp_diseases/contact_dermatitis/contact_dermatitis_0856_jpg.rf.wnasSaMoiMECeOxJfRJG.jpg,datasets/hair_only/scalp_diseases/contact_dermatitis/contact_dermatitis_0856_jpg.rf.wnasSaMoiMECeOxJfRJG.jpg
https://raw.githubusercontent.com/Olamide7920/scalp_disease_project/main/datasets/hair_only/scalp_diseases/contact_dermatitis/contact_dermatitis_0857_jpg.rf.vG9ZtrQX1tEyQAn3ATx0.jpg,datasets/hair_only/scalp_diseases/contact_dermatitis/contact_dermatitis_0857_jpg.rf.vG9ZtrQX1tEyQAn3ATx0.jpg
https://raw.githubusercontent.com/Olamide7920/scalp_disease_project/main/datasets/hair_only/scalp_diseases/contact_dermatitis/contact_dermatitis_0858_jpg.rf.QEc6Lirv9TUddrt9opVm.jpg,datasets/hair_only/scalp_diseases/contact_dermatitis/contact_dermatitis_0858_jpg.rf.QEc6Lirv9TUddrt9opVm.jpg
https://raw.githubusercontent.com/Olamide7920/scalp_disease_project/main/datasets/hair_only/scalp_diseases/contact_dermatitis/contact_dermatitis_0859_jpg.rf.7sl4LHZaIBYPNqStntF6.jpg,datasets/hair_only/scalp_diseases/contact_dermatitis/contact_dermatitis_0859_jpg.rf.7sl4LHZaIBYPNqStntF6.jpg
https://raw.githubusercontent.com/Olamide7920/scalp_disease_project/main/datasets/hair_only/scalp_diseases/contact_dermatitis/contact_dermatitis_0860_jpg.rf.lToHDqje5QRRNV7sRQex.jpg,datasets/hair_only/scalp_diseases/contact_dermatitis/contact_dermatitis_0860_jpg.rf.lToHDqje5QRRNV7sRQex.jpg
https://raw.githubusercontent.com/Olamide7920/scalp_disease_project/main/datasets/hair_only/scalp_diseases/contact_dermatitis/contact_dermatitis_0861_jpg.rf.GgRKGp1BYPegFKsYQnzw.jpg,datasets/hair_only/scalp_diseases/contact_dermatitis/contact_dermatitis_0861_jpg.rf.GgRKGp1BYPegFKsYQnzw.jpg
https://raw.githubusercontent.com/Olamide7920/scalp_disease_project/main/datasets/hair_only/scalp_diseases/contact_dermatitis/contact_dermatitis_0862_jpg.rf.7LZjE1COnmtKOv8lQll8.jpg,datasets/hair_only/scalp_diseases/contact_dermatitis/contact_dermatitis_0862_jpg.rf.7LZjE1COnmtKOv8lQll8.jpg
https://raw.githubusercontent.com/Olamide7920/scalp_disease_project/main/datasets/hair_only/scalp_diseases/contact_dermatitis/contact_dermatitis_0863_jpg.rf.31V4sJGM8Hwtf2c721TZ.jpg,datasets/hair_only/scalp_diseases/contact_dermatitis/contact_dermatitis_0863_jpg.rf.31V4sJGM8Hwtf2c721TZ.jpg
https://raw.githubusercontent.com/Olamide7920/scalp_disease_project/main/datasets/hair_only/scalp_diseases/contact_dermatitis/contact_dermatitis_0864_jpg.rf.cDZyEpUxZrXxTxeGp49K.jpg,datasets/hair_only/scalp_diseases/contact_dermatitis/contact_dermatitis_0864_jpg.rf.cDZyEpUxZrXxTxeGp49K.jpg
https://raw.githubusercontent.com/Olamide7920/scalp_disease_project/main/datasets/hair_only/scalp_diseases/contact_dermatitis/contact_dermatitis_0865_jpg.rf.EMDVKYNTmYwV0yMFSyZ5.jpg,datasets/hair_only/scalp_diseases/contact_dermatitis/contact_dermatitis_0865_jpg.rf.EMDVKYNTmYwV0yMFSyZ5.jpg
https://raw.githubusercontent.com/Olamide7920/scalp_disease_project/main/datasets/hair_only/scalp_diseases/contact_dermatitis/contact_dermatitis_0866_jpg.rf.NGH5hdCmxJIcrHzMvz4H.jpg,datasets/hair_only/scalp_diseases/contact_dermatitis/contact_dermatitis_0866_jpg.rf.NGH5hdCmxJIcrHzMvz4H.jpg
https://raw.githubusercontent.com/Olamide7920/scalp_disease_project/main/datasets/hair_only/scalp_diseases/contact_dermatitis/contact_dermatitis_0867_jpg.rf.P7RwJv6tYG8K1hk2wwRK.jpg,datasets/hair_only/scalp_diseases/contact_dermatitis/contact_dermatitis_0867_jpg.rf.P7RwJv6tYG8K1hk2wwRK.jpg
https://raw.githubusercontent.com/Olamide7920/scalp_disease_project/main/datasets/hair_only/scalp_diseases/contact_dermatitis/contact_dermatitis_0868_jpg.rf.5h4ZeFWDxwqLpMTtE4oT.jpg,datasets/hair_only/scalp_diseases/contact_dermatitis/contact_dermatitis_0868_jpg.rf.5h4ZeFWDxwqLpMTtE4oT.jpg
https://raw.githubusercontent.com/Olamide7920/scalp_disease_project/main/datasets/hair_only/scalp_diseases/contact_dermatitis/contact_dermatitis_0869_jpg.rf.0bjiij8fS49wDown3weA.jpg,datasets/hair_only/scalp_diseases/contact_dermatitis/contact_dermatitis_0869_jpg.rf.0bjiij8fS49wDown3weA.jpg
https://raw.githubusercontent.com/Olamide7920/scalp_disease_project/main/datasets/hair_only/scalp_diseases/contact_dermatitis/contact_dermatitis_0870_jpg.rf.nvbXuHKYbRHTGuF4VWje.jpg,datasets/hair_only/scalp_diseases/contact_dermatitis/contact_dermatitis_0870_jpg.rf.nvbXuHKYbRHTGuF4VWje.jpg
https://raw.githubusercontent.com/Olamide7920/scalp_disease_project/main/datasets/hair_only/scalp_diseases/contact_dermatitis/contact_dermatitis_0871_jpg.rf.Yngfr2ZquPCsvY6XY0N8.jpg,datasets/hair_only/scalp_diseases/contact_dermatitis/contact_dermatitis_0871_jpg.rf.Yngfr2ZquPCsvY6XY0N8.jpg
https://raw.githubusercontent.com/Olamide7920/scalp_disease_project/main/datasets/hair_only/scalp_diseases/contact_dermatitis/contact_dermatitis_0872_jpg.rf.NjI9fMGm4jmbSZOqegQs.jpg,datasets/hair_only/scalp_diseases/contact_dermatitis/contact_dermatitis_0872_jpg.rf.NjI9fMGm4jmbSZOqegQs.jpg
https://raw.githubusercontent.com/Olamide7920/scalp_disease_project/main/datasets/hair_only/scalp_diseases/contact_dermatitis/contact_dermatitis_0873_jpg.rf.a4ROlfSeDQlXzlYW2AWq.jpg,datasets/hair_only/scalp_diseases/contact_dermatitis/contact_dermatitis_0873_jpg.rf.a4ROlfSeDQlXzlYW2AWq.jpg
https://raw.githubusercontent.com/Olamide7920/scalp_disease_project/main/datasets/hair_only/scalp_diseases/contact_dermatitis/contact_dermatitis_0874_jpg.rf.OIw9Mvss9pEasLBvb9JU.jpg,datasets/hair_only/scalp_diseases/contact_dermatitis/contact_dermatitis_0874_jpg.rf.OIw9Mvss9pEasLBvb9JU.jpg
https://raw.githubusercontent.com/Olamide7920/scalp_disease_project/main/datasets/hair_only/scalp_diseases/contact_dermatitis/contact_dermatitis_0875_jpg.rf.EtA66sttsaqui0k5QudY.jpg,datasets/hair_only/scalp_diseases/contact_dermatitis/contact_dermatitis_0875_jpg.rf.EtA66sttsaqui0k5QudY.jpg
https://raw.githubusercontent.com/Olamide7920/scalp_disease_project/main/datasets/hair_only/scalp_diseases/contact_dermatitis/contact_dermatitis_0876_jpg.rf.ix1ZyCtuVV1J5cgwdRex.jpg,datasets/hair_only/scalp_diseases/contact_dermatitis/contact_dermatitis_0876_jpg.rf.ix1ZyCtuVV1J5cgwdRex.jpg
https://raw.githubusercontent.com/Olamide7920/scalp_disease_project/main/datasets/hair_only/scalp_diseases/contact_dermatitis/contact_dermatitis_0877_jpg.rf.XI7OW5MKbythYoe2giCt.jpg,datasets/hair_only/scalp_diseases/contact_dermatitis/contact_dermatitis_0877_jpg.rf.XI7OW5MKbythYoe2giCt.jpg
https://raw.githubusercontent.com/Olamide7920/scalp_disease_project/main/datasets/hair_only/scalp_diseases/contact_dermatitis/contact_dermatitis_0878_jpg.rf.6uBhAOPEIc7AS6RVW7vy.jpg,datasets/hair_only/scalp_diseases/contact_dermatitis/contact_dermatitis_0878_jpg.rf.6uBhAOPEIc7AS6RVW7vy.jpg
https://raw.githubusercontent.com/Olamide7920/scalp_disease_project/main/datasets/hair_only/scalp_diseases/contact_dermatitis/contact_dermatitis_0879_jpg.rf.lVhwpVrO2NXQZE11K2yl.jpg,datasets/hair_only/scalp_diseases/contact_dermatitis/contact_dermatitis_0879_jpg.rf.lVhwpVrO2NXQZE11K2yl.jpg
https://raw.githubusercontent.com/Olamide7920/scalp_disease_project/main/datasets/hair_only/scalp_diseases/contact_dermatitis/contact_dermatitis_0880_jpg.rf.40S7PQcW2FENrhTS1TT0.jpg,datasets/hair_only/scalp_diseases/contact_dermatitis/contact_dermatitis_0880_jpg.rf.40S7PQcW2FENrhTS1TT0.jpg
https://raw.githubusercontent.com/Olamide7920/scalp_disease_project/main/datasets/hair_only/scalp_diseases/contact_dermatitis/contact_dermatitis_0881_jpg.rf.MuGrzRaCbWS9uHFQEqnB.jpg,datasets/hair_only/scalp_diseases/contact_dermatitis/contact_dermatitis_0881_jpg.rf.MuGrzRaCbWS9uHFQEqnB.jpg
https://raw.githubusercontent.com/Olamide7920/scalp_disease_project/main/datasets/hair_only/scalp_diseases/contact_dermatitis/contact_dermatitis_0882_jpg.rf.xfIQ4cBpjfLnyWX33WD5.jpg,datasets/hair_only/scalp_diseases/contact_dermatitis/contact_dermatitis_0882_jpg.rf.xfIQ4cBpjfLnyWX33WD5.jpg
https://raw.githubusercontent.com/Olamide7920/scalp_disease_project/main/datasets/hair_only/scalp_diseases/contact_dermatitis/contact_dermatitis_0883_jpg.rf.FjIgtx2Edk5s8FU9K57o.jpg,datasets/hair_only/scalp_diseases/contact_dermatitis/contact_dermatitis_0883_jpg.rf.FjIgtx2Edk5s8FU9K57o.jpg
https://raw.githubusercontent.com/Olamide7920/scalp_disease_project/main/datasets/hair_only/scalp_diseases/contact_dermatitis/contact_dermatitis_0884_jpg.rf.9ep63nRcPkUZkCbnYPlo.jpg,datasets/hair_only/scalp_diseases/contact_dermatitis/contact_dermatitis_0884_jpg.rf.9ep63nRcPkUZkCbnYPlo.jpg
https://raw.githubusercontent.com/Olamide7920/scalp_disease_project/main/datasets/hair_only/scalp_diseases/contact_dermatitis/contact_dermatitis_0885_jpg.rf.md7VhDa6OIhRTm0hXIoy.jpg,datasets/hair_only/scalp_diseases/contact_dermatitis/contact_dermatitis_0885_jpg.rf.md7VhDa6OIhRTm0hXIoy.jpg
https://raw.githubusercontent.com/Olamide7920/scalp_disease_project/main/datasets/hair_only/scalp_diseases/contact_dermatitis/contact_dermatitis_0886_jpg.rf.GqYGd5UrUJEYLhpGXsOj.jpg,datasets/hair_only/scalp_diseases/contact_dermatitis/contact_dermatitis_0886_jpg.rf.GqYGd5UrUJEYLhpGXsOj.jpg
https://raw.githubusercontent.com/Olamide7920/scalp_disease_project/main/datasets/hair_only/scalp_diseases/contact_dermatitis/contact_dermatitis_0887_jpg.rf.6i63JbRxZuVBZg9GUdQL.jpg,datasets/hair_only/scalp_diseases/contact_dermatitis/contact_dermatitis_0887_jpg.rf.6i63JbRxZuVBZg9GUdQL.jpg
https://raw.githubusercontent.com/Olamide7920/scalp_disease_project/main/datasets/hair_only/scalp_diseases/contact_dermatitis/contact_dermatitis_0888_jpg.rf.PFODImhwC1mAzIvlkRKY.jpg,datasets/hair_only/scalp_diseases/contact_dermatitis/contact_dermatitis_0888_jpg.rf.PFODImhwC1mAzIvlkRKY.jpg
https://raw.githubusercontent.com/Olamide7920/scalp_disease_project/main/datasets/hair_only/scalp_diseases/contact_dermatitis/contact_dermatitis_0889_jpg.rf.6YPmMbKENpCu7PfA5jwx.jpg,datasets/hair_only/scalp_diseases/contact_dermatitis/contact_dermatitis_0889_jpg.rf.6YPmMbKENpCu7PfA5jwx.jpg
https://raw.githubusercontent.com/Olamide7920/scalp_disease_project/main/datasets/hair_only/scalp_diseases/contact_dermatitis/contact_dermatitis_0890_jpg.rf.7baXnzrjwNxfX8jlbwMg.jpg,datasets/hair_only/scalp_diseases/contact_dermatitis/contact_dermatitis_0890_jpg.rf.7baXnzrjwNxfX8jlbwMg.jpg
https://raw.githubusercontent.com/Olamide7920/scalp_disease_project/main/datasets/hair_only/scalp_diseases/contact_dermatitis/contact_dermatitis_0891_jpg.rf.sybcIH6nwyFbgDunsFhX.jpg,datasets/hair_only/scalp_diseases/contact_dermatitis/contact_dermatitis_0891_jpg.rf.sybcIH6nwyFbgDunsFhX.jpg
https://raw.githubusercontent.com/Olamide7920/scalp_disease_project/main/datasets/hair_only/scalp_diseases/contact_dermatitis/contact_dermatitis_0892_jpg.rf.FMgMKs0tLyxlIxwPRRPx.jpg,datasets/hair_only/scalp_diseases/contact_dermatitis/contact_dermatitis_0892_jpg.rf.FMgMKs0tLyxlIxwPRRPx.jpg
https://raw.githubusercontent.com/Olamide7920/scalp_disease_project/main/datasets/hair_only/scalp_diseases/contact_dermatitis/contact_dermatitis_0893_jpg.rf.hUHIMoDcbkRZuYknkJ5E.jpg,datasets/hair_only/scalp_diseases/contact_dermatitis/contact_dermatitis_0893_jpg.rf.hUHIMoDcbkRZuYknkJ5E.jpg
https://raw.githubusercontent.com/Olamide7920/scalp_disease_project/main/datasets/hair_only/scalp_diseases/contact_dermatitis/contact_dermatitis_0894_jpg.rf.g7VaNAKFo2X4yeXMtqLh.jpg,datasets/hair_only/scalp_diseases/contact_dermatitis/contact_dermatitis_0894_jpg.rf.g7VaNAKFo2X4yeXMtqLh.jpg
https://raw.githubusercontent.com/Olamide7920/scalp_disease_project/main/datasets/hair_only/scalp_diseases/contact_dermatitis/contact_dermatitis_0895_jpg.rf.iS0KEjh8DUIoj9tlepuj.jpg,datasets/hair_only/scalp_diseases/contact_dermatitis/contact_dermatitis_0895_jpg.rf.iS0KEjh8DUIoj9tlepuj.jpg
https://raw.githubusercontent.com/Olamide7920/scalp_disease_project/main/datasets/hair_only/scalp_diseases/contact_dermatitis/contact_dermatitis_0896_jpg.rf.p57nJudm2QK638SpNjlV.jpg,datasets/hair_only/scalp_diseases/contact_dermatitis/contact_dermatitis_0896_jpg.rf.p57nJudm2QK638SpNjlV.jpg
https://raw.githubusercontent.com/Olamide7920/scalp_disease_project/main/datasets/hair_only/scalp_diseases/contact_dermatitis/contact_dermatitis_0897_jpg.rf.OqVRmQ1Wy3Llpy5mnZgH.jpg,datasets/hair_only/scalp_diseases/contact_dermatitis/contact_dermatitis_0897_jpg.rf.OqVRmQ1Wy3Llpy5mnZgH.jpg
https://raw.githubusercontent.com/Olamide7920/scalp_disease_project/main/datasets/hair_only/scalp_diseases/contact_dermatitis/contact_dermatitis_0898_jpg.rf.VuADG57hCq5RMf4Z3rYT.jpg,datasets/hair_only/scalp_diseases/contact_dermatitis/contact_dermatitis_0898_jpg.rf.VuADG57hCq5RMf4Z3rYT.jpg
https://raw.githubusercontent.com/Olamide7920/scalp_disease_project/main/datasets/hair_only/scalp_diseases/contact_dermatitis/contact_dermatitis_0899_jpg.rf.JggRcrtQcsfFVyAMNyv4.jpg,datasets/hair_only/scalp_diseases/contact_dermatitis/contact_dermatitis_0899_jpg.rf.JggRcrtQcsfFVyAMNyv4.jpg
https://raw.githubusercontent.com/Olamide7920/scalp_disease_project/main/datasets/hair_only/scalp_diseases/contact_dermatitis/contact_dermatitis_0900_jpg.rf.uond82lnWCvuFxqJLowW.jpg,datasets/hair_only/scalp_diseases/contact_dermatitis/contact_dermatitis_0900_jpg.rf.uond82lnWCvuFxqJLowW.jpg
https://raw.githubusercontent.com/Olamide7920/scalp_disease_project/main/datasets/hair_only/scalp_diseases/contact_dermatitis/contact_dermatitis_0901_jpg.rf.z1tf77M9BL47Y5MDNl50.jpg,datasets/hair_only/scalp_diseases/contact_dermatitis/contact_dermatitis_0901_jpg.rf.z1tf77M9BL47Y5MDNl50.jpg
https://raw.githubusercontent.com/Olamide7920/scalp_disease_project/main/datasets/hair_only/scalp_diseases/contact_dermatitis/contact_dermatitis_0902_jpg.rf.8kAdv9Cd8dDAhDUHazzT.jpg,datasets/hair_only/scalp_diseases/contact_dermatitis/contact_dermatitis_0902_jpg.rf.8kAdv9Cd8dDAhDUHazzT.jpg
https://raw.githubusercontent.com/Olamide7920/scalp_disease_project/main/datasets/hair_only/scalp_diseases/contact_dermatitis/contact_dermatitis_0903_jpg.rf.rVul2XtzOX5zkzf0nibR.jpg,datasets/hair_only/scalp_diseases/contact_dermatitis/contact_dermatitis_0903_jpg.rf.rVul2XtzOX5zkzf0nibR.jpg
https://raw.githubusercontent.com/Olamide7920/scalp_disease_project/main/datasets/hair_only/scalp_diseases/contact_dermatitis/contact_dermatitis_0904_jpg.rf.1CZrrIanDiEafSwHqmak.jpg,datasets/hair_only/scalp_diseases/contact_dermatitis/contact_dermatitis_0904_jpg.rf.1CZrrIanDiEafSwHqmak.jpg
https://raw.githubusercontent.com/Olamide7920/scalp_disease_project/main/datasets/hair_only/scalp_diseases/contact_dermatitis/contact_dermatitis_0905_jpg.rf.FFrrGd33L5aDRCHTCWtD.jpg,datasets/hair_only/scalp_diseases/contact_dermatitis/contact_dermatitis_0905_jpg.rf.FFrrGd33L5aDRCHTCWtD.jpg
https://raw.githubusercontent.com/Olamide7920/scalp_disease_project/main/datasets/hair_only/scalp_diseases/contact_dermatitis/contact_dermatitis_0906_jpg.rf.GFMjNt5OHucbqNJD9DrT.jpg,datasets/hair_only/scalp_diseases/contact_dermatitis/contact_dermatitis_0906_jpg.rf.GFMjNt5OHucbqNJD9DrT.jpg
https://raw.githubusercontent.com/Olamide7920/scalp_disease_project/main/datasets/hair_only/scalp_diseases/contact_dermatitis/contact_dermatitis_0907_jpg.rf.q7nR82jVPcFs8twyUoa9.jpg,datasets/hair_only/scalp_diseases/contact_dermatitis/contact_dermatitis_0907_jpg.rf.q7nR82jVPcFs8twyUoa9.jpg
https://raw.githubusercontent.com/Olamide7920/scalp_disease_project/main/datasets/hair_only/scalp_diseases/contact_dermatitis/contact_dermatitis_0908_jpg.rf.JcpW3Yj2uV5fA8uTkTnp.jpg,datasets/hair_only/scalp_diseases/contact_dermatitis/contact_dermatitis_0908_jpg.rf.JcpW3Yj2uV5fA8uTkTnp.jpg
https://raw.githubusercontent.com/Olamide7920/scalp_disease_project/main/datasets/hair_only/scalp_diseases/contact_dermatitis/contact_dermatitis_0909_jpg.rf.FKKJkhMzNbEBl21EtjRw.jpg,datasets/hair_only/scalp_diseases/contact_dermatitis/contact_dermatitis_0909_jpg.rf.FKKJkhMzNbEBl21EtjRw.jpg
https://raw.githubusercontent.com/Olamide7920/scalp_disease_project/main/datasets/hair_only/scalp_diseases/contact_dermatitis/contact_dermatitis_0910_jpg.rf.jFGZ05GHKflxTvneA0E7.jpg,datasets/hair_only/scalp_diseases/contact_dermatitis/contact_dermatitis_0910_jpg.rf.jFGZ05GHKflxTvneA0E7.jpg
https://raw.githubusercontent.com/Olamide7920/scalp_disease_project/main/datasets/hair_only/scalp_diseases/contact_dermatitis/contact_dermatitis_0911_jpg.rf.7CwQHgRfql7Abz7QqYCe.jpg,datasets/hair_only/scalp_diseases/contact_dermatitis/contact_dermatitis_0911_jpg.rf.7CwQHgRfql7Abz7QqYCe.jpg
https://raw.githubusercontent.com/Olamide7920/scalp_disease_project/main/datasets/hair_only/scalp_diseases/contact_dermatitis/contact_dermatitis_0912_jpg.rf.eTHupBav0bxN6nLapT4b.jpg,datasets/hair_only/scalp_diseases/contact_dermatitis/contact_dermatitis_0912_jpg.rf.eTHupBav0bxN6nLapT4b.jpg
https://raw.githubusercontent.com/Olamide7920/scalp_disease_project/main/datasets/hair_only/scalp_diseases/contact_dermatitis/contact_dermatitis_0913_jpg.rf.DMvJe5BoJn3nJAAPd0t7.jpg,datasets/hair_only/scalp_diseases/contact_dermatitis/contact_dermatitis_0913_jpg.rf.DMvJe5BoJn3nJAAPd0t7.jpg
https://raw.githubusercontent.com/Olamide7920/scalp_disease_project/main/datasets/hair_only/scalp_diseases/contact_dermatitis/contact_dermatitis_0914_jpg.rf.o2Z75azLLijPkTFmTIas.jpg,datasets/hair_only/scalp_diseases/contact_dermatitis/contact_dermatitis_0914_jpg.rf.o2Z75azLLijPkTFmTIas.jpg
https://raw.githubusercontent.com/Olamide7920/scalp_disease_project/main/datasets/hair_only/scalp_diseases/contact_dermatitis/contact_dermatitis_0915_jpg.rf.CE4ChEY2NkArYYiKAYFc.jpg,datasets/hair_only/scalp_diseases/contact_dermatitis/contact_dermatitis_0915_jpg.rf.CE4ChEY2NkArYYiKAYFc.jpg
https://raw.githubusercontent.com/Olamide7920/scalp_disease_project/main/datasets/hair_only/scalp_diseases/contact_dermatitis/contact_dermatitis_0916_jpg.rf.4A4vi5PYS1CuxHxNK11X.jpg,datasets/hair_only/scalp_diseases/contact_dermatitis/contact_dermatitis_0916_jpg.rf.4A4vi5PYS1CuxHxNK11X.jpg
https://raw.githubusercontent.com/Olamide7920/scalp_disease_project/main/datasets/hair_only/scalp_diseases/contact_dermatitis/contact_dermatitis_0917_jpg.rf.T6Z1fCYo0hcXCe5j5X9Z.jpg,datasets/hair_only/scalp_diseases/contact_dermatitis/contact_dermatitis_0917_jpg.rf.T6Z1fCYo0hcXCe5j5X9Z.jpg
https://raw.githubusercontent.com/Olamide7920/scalp_disease_project/main/datasets/hair_only/scalp_diseases/contact_dermatitis/contact_dermatitis_0918_jpg.rf.RmhubqQ49sKDWVLfiu1Z.jpg,datasets/hair_only/scalp_diseases/contact_dermatitis/contact_dermatitis_0918_jpg.rf.RmhubqQ49sKDWVLfiu1Z.jpg
https://raw.githubusercontent.com/Olamide7920/scalp_disease_project/main/datasets/hair_only/scalp_diseases/contact_dermatitis/contact_dermatitis_0919_jpg.rf.EstNEuXR32Z1UBL4lpRu.jpg,datasets/hair_only/scalp_diseases/contact_dermatitis/contact_dermatitis_0919_jpg.rf.EstNEuXR32Z1UBL4lpRu.jpg
https://raw.githubusercontent.com/Olamide7920/scalp_disease_project/main/datasets/hair_only/scalp_diseases/contact_dermatitis/contact_dermatitis_0920_jpg.rf.gsygaZr7lF44y7M45ODO.jpg,datasets/hair_only/scalp_diseases/contact_dermatitis/contact_dermatitis_0920_jpg.rf.gsygaZr7lF44y7M45ODO.jpg
https://raw.githubusercontent.com/Olamide7920/scalp_disease_project/main/datasets/hair_only/scalp_diseases/contact_dermatitis/contact_dermatitis_0921_jpg.rf.gKiZ2A4jk4JkCVDAtsZb.jpg,datasets/hair_only/scalp_diseases/contact_dermatitis/contact_dermatitis_0921_jpg.rf.gKiZ2A4jk4JkCVDAtsZb.jpg
https://raw.githubusercontent.com/Olamide7920/scalp_disease_project/main/datasets/hair_only/scalp_diseases/contact_dermatitis/contact_dermatitis_0922_jpg.rf.LaEQPUGBeKbG7QnEOX5y.jpg,datasets/hair_only/scalp_diseases/contact_dermatitis/contact_dermatitis_0922_jpg.rf.LaEQPUGBeKbG7QnEOX5y.jpg
https://raw.githubusercontent.com/Olamide7920/scalp_disease_project/main/datasets/hair_only/scalp_diseases/contact_dermatitis/contact_dermatitis_0923_jpg.rf.y9jk8jLsJY4VbYrXZdXg.jpg,datasets/hair_only/scalp_diseases/contact_dermatitis/contact_dermatitis_0923_jpg.rf.y9jk8jLsJY4VbYrXZdXg.jpg
https://raw.githubusercontent.com/Olamide7920/scalp_disease_project/main/datasets/hair_only/scalp_diseases/contact_dermatitis/contact_dermatitis_0924_jpg.rf.SvlvyySiZ7kMrmXkl4vc.jpg,datasets/hair_only/scalp_diseases/contact_dermatitis/contact_dermatitis_0924_jpg.rf.SvlvyySiZ7kMrmXkl4vc.jpg
https://raw.githubusercontent.com/Olamide7920/scalp_disease_project/main/datasets/hair_only/scalp_diseases/contact_dermatitis/contact_dermatitis_0925_jpg.rf.DhrNhKFGDfMaI6lOWO5v.jpg,datasets/hair_only/scalp_diseases/contact_dermatitis/contact_dermatitis_0925_jpg.rf.DhrNhKFGDfMaI6lOWO5v.jpg
https://raw.githubusercontent.com/Olamide7920/scalp_disease_project/main/datasets/hair_only/scalp_diseases/contact_dermatitis/contact_dermatitis_0926_jpg.rf.g7pbXLesWjns8gHVspRg.jpg,datasets/hair_only/scalp_diseases/contact_dermatitis/contact_dermatitis_0926_jpg.rf.g7pbXLesWjns8gHVspRg.jpg
https://raw.githubusercontent.com/Olamide7920/scalp_disease_project/main/datasets/hair_only/scalp_diseases/contact_dermatitis/contact_dermatitis_0927_jpg.rf.jEhcvP8klyu0ivHHM1HA.jpg,datasets/hair_only/scalp_diseases/contact_dermatitis/contact_dermatitis_0927_jpg.rf.jEhcvP8klyu0ivHHM1HA.jpg
https://raw.githubusercontent.com/Olamide7920/scalp_disease_project/main/datasets/hair_only/scalp_diseases/contact_dermatitis/contact_dermatitis_0928_jpg.rf.4zvwBLxMcmaH9mt7df1L.jpg,datasets/hair_only/scalp_diseases/contact_dermatitis/contact_dermatitis_0928_jpg.rf.4zvwBLxMcmaH9mt7df1L.jpg
https://raw.githubusercontent.com/Olamide7920/scalp_disease_project/main/datasets/hair_only/scalp_diseases/contact_dermatitis/contact_dermatitis_0929_jpg.rf.MvLSox3GDBGlzIsOTpym.jpg,datasets/hair_only/scalp_diseases/contact_dermatitis/contact_dermatitis_0929_jpg.rf.MvLSox3GDBGlzIsOTpym.jpg
https://raw.githubusercontent.com/Olamide7920/scalp_disease_project/main/datasets/hair_only/scalp_diseases/contact_dermatitis/contact_dermatitis_0930_jpg.rf.3iJZih1yDZX1sg6rwhJT.jpg,datasets/hair_only/scalp_diseases/contact_dermatitis/contact_dermatitis_0930_jpg.rf.3iJZih1yDZX1sg6rwhJT.jpg
https://raw.githubusercontent.com/Olamide7920/scalp_disease_project/main/datasets/hair_only/scalp_diseases/contact_dermatitis/contact_dermatitis_0931_jpg.rf.whFa0LICVWToq9nOgvBn.jpg,datasets/hair_only/scalp_diseases/contact_dermatitis/contact_dermatitis_0931_jpg.rf.whFa0LICVWToq9nOgvBn.jpg
https://raw.githubusercontent.com/Olamide7920/scalp_disease_project/main/datasets/hair_only/scalp_diseases/contact_dermatitis/contact_dermatitis_0932_jpg.rf.iz3N4LVAkHhN9XHCAmQD.jpg,datasets/hair_only/scalp_diseases/contact_dermatitis/contact_dermatitis_0932_jpg.rf.iz3N4LVAkHhN9XHCAmQD.jpg
https://raw.githubusercontent.com/Olamide7920/scalp_disease_project/main/datasets/hair_only/scalp_diseases/contact_dermatitis/contact_dermatitis_0933_jpg.rf.linbea81lTY4jE1gKiBe.jpg,datasets/hair_only/scalp_diseases/contact_dermatitis/contact_dermatitis_0933_jpg.rf.linbea81lTY4jE1gKiBe.jpg
https://raw.githubusercontent.com/Olamide7920/scalp_disease_project/main/datasets/hair_only/scalp_diseases/contact_dermatitis/contact_dermatitis_0934_jpg.rf.JU5wcZ5CrwNasBGRtROq.jpg,datasets/hair_only/scalp_diseases/contact_dermatitis/contact_dermatitis_0934_jpg.rf.JU5wcZ5CrwNasBGRtROq.jpg
https://raw.githubusercontent.com/Olamide7920/scalp_disease_project/main/datasets/hair_only/scalp_diseases/contact_dermatitis/contact_dermatitis_0935_jpg.rf.lWyrqQOE8eBSULwB9PxT.jpg,datasets/hair_only/scalp_diseases/contact_dermatitis/contact_dermatitis_0935_jpg.rf.lWyrqQOE8eBSULwB9PxT.jpg
https://raw.githubusercontent.com/Olamide7920/scalp_disease_project/main/datasets/hair_only/scalp_diseases/contact_dermatitis/contact_dermatitis_0936_jpg.rf.8tfqZyayPfqjXAkhzb1K.jpg,datasets/hair_only/scalp_diseases/contact_dermatitis/contact_dermatitis_0936_jpg.rf.8tfqZyayPfqjXAkhzb1K.jpg
https://raw.githubusercontent.com/Olamide7920/scalp_disease_project/main/datasets/hair_only/scalp_diseases/contact_dermatitis/contact_dermatitis_0937_jpg.rf.lqJIrerqRgsWrB1eMmaI.jpg,datasets/hair_only/scalp_diseases/contact_dermatitis/contact_dermatitis_0937_jpg.rf.lqJIrerqRgsWrB1eMmaI.jpg
https://raw.githubusercontent.com/Olamide7920/scalp_disease_project/main/datasets/hair_only/scalp_diseases/contact_dermatitis/contact_dermatitis_0938_jpg.rf.w9WrRh2dkqmaVmAsgHqt.jpg,datasets/hair_only/scalp_diseases/contact_dermatitis/contact_dermatitis_0938_jpg.rf.w9WrRh2dkqmaVmAsgHqt.jpg
https://raw.githubusercontent.com/Olamide7920/scalp_disease_project/main/datasets/hair_only/scalp_diseases/contact_dermatitis/contact_dermatitis_0939_jpg.rf.JBcCnPi1zkt2pvBnjIOT.jpg,datasets/hair_only/scalp_diseases/contact_dermatitis/contact_dermatitis_0939_jpg.rf.JBcCnPi1zkt2pvBnjIOT.jpg
https://raw.githubusercontent.com/Olamide7920/scalp_disease_project/main/datasets/hair_only/scalp_diseases/contact_dermatitis/contact_dermatitis_0940_jpg.rf.fVd3o6VFnsA13SZKvuGC.jpg,datasets/hair_only/scalp_diseases/contact_dermatitis/contact_dermatitis_0940_jpg.rf.fVd3o6VFnsA13SZKvuGC.jpg
https://raw.githubusercontent.com/Olamide7920/scalp_disease_project/main/datasets/hair_only/scalp_diseases/contact_dermatitis/contact_dermatitis_0941_jpg.rf.QM7UKT0dl4lZAAY0Q7RV.jpg,datasets/hair_only/scalp_diseases/contact_dermatitis/contact_dermatitis_0941_jpg.rf.QM7UKT0dl4lZAAY0Q7RV.jpg
https://raw.githubusercontent.com/Olamide7920/scalp_disease_project/main/datasets/hair_only/scalp_diseases/contact_dermatitis/contact_dermatitis_0942_jpg.rf.AdVqXLhwqS0eBn3NGuGV.jpg,datasets/hair_only/scalp_diseases/contact_dermatitis/contact_dermatitis_0942_jpg.rf.AdVqXLhwqS0eBn3NGuGV.jpg
https://raw.githubusercontent.com/Olamide7920/scalp_disease_project/main/datasets/hair_only/scalp_diseases/contact_dermatitis/contact_dermatitis_0943_jpg.rf.nBxyMU6pwXPOxAIloHgD.jpg,datasets/hair_only/scalp_diseases/contact_dermatitis/contact_dermatitis_0943_jpg.rf.nBxyMU6pwXPOxAIloHgD.jpg
https://raw.githubusercontent.com/Olamide7920/scalp_disease_project/main/datasets/hair_only/scalp_diseases/contact_dermatitis/contact_dermatitis_0944_jpg.rf.JjxfM8iVIMaVFAsCtedn.jpg,datasets/hair_only/scalp_diseases/contact_dermatitis/contact_dermatitis_0944_jpg.rf.JjxfM8iVIMaVFAsCtedn.jpg
https://raw.githubusercontent.com/Olamide7920/scalp_disease_project/main/datasets/hair_only/scalp_diseases/contact_dermatitis/contact_dermatitis_0945_jpg.rf.J56SFToD9BjykdejpBG0.jpg,datasets/hair_only/scalp_diseases/contact_dermatitis/contact_dermatitis_0945_jpg.rf.J56SFToD9BjykdejpBG0.jpg
https://raw.githubusercontent.com/Olamide7920/scalp_disease_project/main/datasets/hair_only/scalp_diseases/contact_dermatitis/contact_dermatitis_0946_jpg.rf.rzfPnQUuoseOzltVwKXm.jpg,datasets/hair_only/scalp_diseases/contact_dermatitis/contact_dermatitis_0946_jpg.rf.rzfPnQUuoseOzltVwKXm.jpg
https://raw.githubusercontent.com/Olamide7920/scalp_disease_project/main/datasets/hair_only/scalp_diseases/contact_dermatitis/contact_dermatitis_0947_jpg.rf.pnwt6UuxqeGN2YMhvhbz.jpg,datasets/hair_only/scalp_diseases/contact_dermatitis/contact_dermatitis_0947_jpg.rf.pnwt6UuxqeGN2YMhvhbz.jpg
https://raw.githubusercontent.com/Olamide7920/scalp_disease_project/main/datasets/hair_only/scalp_diseases/contact_dermatitis/contact_dermatitis_0948_jpg.rf.QW7NfQusDsGh1tFb6LBU.jpg,datasets/hair_only/scalp_diseases/contact_dermatitis/contact_dermatitis_0948_jpg.rf.QW7NfQusDsGh1tFb6LBU.jpg
https://raw.githubusercontent.com/Olamide7920/scalp_disease_project/main/datasets/hair_only/scalp_diseases/contact_dermatitis/contact_dermatitis_0949_jpg.rf.gim6vFOmWliPZEgKvAft.jpg,datasets/hair_only/scalp_diseases/contact_dermatitis/contact_dermatitis_0949_jpg.rf.gim6vFOmWliPZEgKvAft.jpg
https://raw.githubusercontent.com/Olamide7920/scalp_disease_project/main/datasets/hair_only/scalp_diseases/contact_dermatitis/contact_dermatitis_0950_jpg.rf.vSgCr54g4bfvL0N7i4KA.jpg,datasets/hair_only/scalp_diseases/contact_dermatitis/contact_dermatitis_0950_jpg.rf.vSgCr54g4bfvL0N7i4KA.jpg
https://raw.githubusercontent.com/Olamide7920/scalp_disease_project/main/datasets/hair_only/scalp_diseases/contact_dermatitis/contact_dermatitis_0951_jpg.rf.m9UP0uRC9JIQPZmL5Fmt.jpg,datasets/hair_only/scalp_diseases/contact_dermatitis/contact_dermatitis_0951_jpg.rf.m9UP0uRC9JIQPZmL5Fmt.jpg
https://raw.githubusercontent.com/Olamide7920/scalp_disease_project/main/datasets/hair_only/scalp_diseases/contact_dermatitis/contact_dermatitis_0952_jpg.rf.Pu9RG9gikulllmxniKIg.jpg,datasets/hair_only/scalp_diseases/contact_dermatitis/contact_dermatitis_0952_jpg.rf.Pu9RG9gikulllmxniKIg.jpg
https://raw.githubusercontent.com/Olamide7920/scalp_disease_project/main/datasets/hair_only/scalp_diseases/contact_dermatitis/contact_dermatitis_0953_jpg.rf.fgqLfsATWNDCFrdFSfTO.jpg,datasets/hair_only/scalp_diseases/contact_dermatitis/contact_dermatitis_0953_jpg.rf.fgqLfsATWNDCFrdFSfTO.jpg
https://raw.githubusercontent.com/Olamide7920/scalp_disease_project/main/datasets/hair_only/scalp_diseases/contact_dermatitis/contact_dermatitis_0954_jpg.rf.SKoSyhftr6lG4KWLczgf.jpg,datasets/hair_only/scalp_diseases/contact_dermatitis/contact_dermatitis_0954_jpg.rf.SKoSyhftr6lG4KWLczgf.jpg
https://raw.githubusercontent.com/Olamide7920/scalp_disease_project/main/datasets/hair_only/scalp_diseases/contact_dermatitis/contact_dermatitis_0955_jpg.rf.D6iwXRn0B092ewvj4FOI.jpg,datasets/hair_only/scalp_diseases/contact_dermatitis/contact_dermatitis_0955_jpg.rf.D6iwXRn0B092ewvj4FOI.jpg
https://raw.githubusercontent.com/Olamide7920/scalp_disease_project/main/datasets/hair_only/scalp_diseases/contact_dermatitis/contact_dermatitis_0956_jpg.rf.VonPw35niHXISS9QanyC.jpg,datasets/hair_only/scalp_diseases/contact_dermatitis/contact_dermatitis_0956_jpg.rf.VonPw35niHXISS9QanyC.jpg
https://raw.githubusercontent.com/Olamide7920/scalp_disease_project/main/datasets/hair_only/scalp_diseases/contact_dermatitis/contact_dermatitis_0957_jpg.rf.cNfVy9dfwE3GRRyaYEBv.jpg,datasets/hair_only/scalp_diseases/contact_dermatitis/contact_dermatitis_0957_jpg.rf.cNfVy9dfwE3GRRyaYEBv.jpg
https://raw.githubusercontent.com/Olamide7920/scalp_disease_project/main/datasets/hair_only/scalp_diseases/contact_dermatitis/contact_dermatitis_0958_jpg.rf.s4H8rVgWbTebRaolg52p.jpg,datasets/hair_only/scalp_diseases/contact_dermatitis/contact_dermatitis_0958_jpg.rf.s4H8rVgWbTebRaolg52p.jpg
https://raw.githubusercontent.com/Olamide7920/scalp_disease_project/main/datasets/hair_only/scalp_diseases/contact_dermatitis/contact_dermatitis_0959_jpg.rf.gCmxpPopiib06bmbUdHa.jpg,datasets/hair_only/scalp_diseases/contact_dermatitis/contact_dermatitis_0959_jpg.rf.gCmxpPopiib06bmbUdHa.jpg
https://raw.githubusercontent.com/Olamide7920/scalp_disease_project/main/datasets/hair_only/scalp_diseases/contact_dermatitis/contact_dermatitis_0960_jpg.rf.XkV9Y3flYZujCktClWFJ.jpg,datasets/hair_only/scalp_diseases/contact_dermatitis/contact_dermatitis_0960_jpg.rf.XkV9Y3flYZujCktClWFJ.jpg
https://raw.githubusercontent.com/Olamide7920/scalp_disease_project/main/datasets/hair_only/scalp_diseases/contact_dermatitis/contact_dermatitis_0961_jpg.rf.tOjR3CN57kx2GDsJKEBz.jpg,datasets/hair_only/scalp_diseases/contact_dermatitis/contact_dermatitis_0961_jpg.rf.tOjR3CN57kx2GDsJKEBz.jpg
https://raw.githubusercontent.com/Olamide7920/scalp_disease_project/main/datasets/hair_only/scalp_diseases/contact_dermatitis/contact_dermatitis_0962_jpg.rf.5f9MDHqQ9czu3f5BUHGD.jpg,datasets/hair_only/scalp_diseases/contact_dermatitis/contact_dermatitis_0962_jpg.rf.5f9MDHqQ9czu3f5BUHGD.jpg
https://raw.githubusercontent.com/Olamide7920/scalp_disease_project/main/datasets/hair_only/scalp_diseases/contact_dermatitis/contact_dermatitis_0963_jpg.rf.Ti2RdVcOtJB3bHliXkFB.jpg,datasets/hair_only/scalp_diseases/contact_dermatitis/contact_dermatitis_0963_jpg.rf.Ti2RdVcOtJB3bHliXkFB.jpg
https://raw.githubusercontent.com/Olamide7920/scalp_disease_project/main/datasets/hair_only/scalp_diseases/contact_dermatitis/contact_dermatitis_0964_jpg.rf.zbHUepJ7LJgB1HKtlGXD.jpg,datasets/hair_only/scalp_diseases/contact_dermatitis/contact_dermatitis_0964_jpg.rf.zbHUepJ7LJgB1HKtlGXD.jpg
https://raw.githubusercontent.com/Olamide7920/scalp_disease_project/main/datasets/hair_only/scalp_diseases/contact_dermatitis/contact_dermatitis_0965_jpg.rf.FNYcgj18yvsZC3zGHqco.jpg,datasets/hair_only/scalp_diseases/contact_dermatitis/contact_dermatitis_0965_jpg.rf.FNYcgj18yvsZC3zGHqco.jpg
https://raw.githubusercontent.com/Olamide7920/scalp_disease_project/main/datasets/hair_only/scalp_diseases/contact_dermatitis/contact_dermatitis_0966_jpg.rf.kMVUQH7cM1nssCySQzrE.jpg,datasets/hair_only/scalp_diseases/contact_dermatitis/contact_dermatitis_0966_jpg.rf.kMVUQH7cM1nssCySQzrE.jpg
https://raw.githubusercontent.com/Olamide7920/scalp_disease_project/main/datasets/hair_only/scalp_diseases/contact_dermatitis/contact_dermatitis_0967_jpg.rf.1Bem8BEGXaioyMM24Mcc.jpg,datasets/hair_only/scalp_diseases/contact_dermatitis/contact_dermatitis_0967_jpg.rf.1Bem8BEGXaioyMM24Mcc.jpg
https://raw.githubusercontent.com/Olamide7920/scalp_disease_project/main/datasets/hair_only/scalp_diseases/contact_dermatitis/contact_dermatitis_0968_jpg.rf.OCfD4NwOYCIpnCO72mPX.jpg,datasets/hair_only/scalp_diseases/contact_dermatitis/contact_dermatitis_0968_jpg.rf.OCfD4NwOYCIpnCO72mPX.jpg
https://raw.githubusercontent.com/Olamide7920/scalp_disease_project/main/datasets/hair_only/scalp_diseases/contact_dermatitis/contact_dermatitis_0969_jpg.rf.bww0LOzw23oX2wnD5cOR.jpg,datasets/hair_only/scalp_diseases/contact_dermatitis/contact_dermatitis_0969_jpg.rf.bww0LOzw23oX2wnD5cOR.jpg
https://raw.githubusercontent.com/Olamide7920/scalp_disease_project/main/datasets/hair_only/scalp_diseases/contact_dermatitis/contact_dermatitis_0970_jpg.rf.SnDquhnJVeV2BntqduHc.jpg,datasets/hair_only/scalp_diseases/contact_dermatitis/contact_dermatitis_0970_jpg.rf.SnDquhnJVeV2BntqduHc.jpg
https://raw.githubusercontent.com/Olamide7920/scalp_disease_project/main/datasets/hair_only/scalp_diseases/contact_dermatitis/contact_dermatitis_0971_jpg.rf.SJ8E3FgaQaAAFJ39hNS3.jpg,datasets/hair_only/scalp_diseases/contact_dermatitis/contact_dermatitis_0971_jpg.rf.SJ8E3FgaQaAAFJ39hNS3.jpg
https://raw.githubusercontent.com/Olamide7920/scalp_disease_project/main/datasets/hair_only/scalp_diseases/contact_dermatitis/contact_dermatitis_0972_jpg.rf.F6FJfbqjQMc2F0N6umwM.jpg,datasets/hair_only/scalp_diseases/contact_dermatitis/contact_dermatitis_0972_jpg.rf.F6FJfbqjQMc2F0N6umwM.jpg
https://raw.githubusercontent.com/Olamide7920/scalp_disease_project/main/datasets/hair_only/scalp_diseases/contact_dermatitis/contact_dermatitis_0973_jpg.rf.nWURl8bzOybOdns6e1zV.jpg,datasets/hair_only/scalp_diseases/contact_dermatitis/contact_dermatitis_0973_jpg.rf.nWURl8bzOybOdns6e1zV.jpg
https://raw.githubusercontent.com/Olamide7920/scalp_disease_project/main/datasets/hair_only/scalp_diseases/contact_dermatitis/contact_dermatitis_0974_jpg.rf.neu7jq1kkx4VDSk7v47k.jpg,datasets/hair_only/scalp_diseases/contact_dermatitis/contact_dermatitis_0974_jpg.rf.neu7jq1kkx4VDSk7v47k.jpg
https://raw.githubusercontent.com/Olamide7920/scalp_disease_project/main/datasets/hair_only/scalp_diseases/contact_dermatitis/contact_dermatitis_0975_jpg.rf.R3DK4Rb832Klxpgoneua.jpg,datasets/hair_only/scalp_diseases/contact_dermatitis/contact_dermatitis_0975_jpg.rf.R3DK4Rb832Klxpgoneua.jpg
https://raw.githubusercontent.com/Olamide7920/scalp_disease_project/main/datasets/hair_only/scalp_diseases/contact_dermatitis/contact_dermatitis_0976_jpg.rf.RC6Zo6IhohYTOfSIW7Zj.jpg,datasets/hair_only/scalp_diseases/contact_dermatitis/contact_dermatitis_0976_jpg.rf.RC6Zo6IhohYTOfSIW7Zj.jpg
https://raw.githubusercontent.com/Olamide7920/scalp_disease_project/main/datasets/hair_only/scalp_diseases/contact_dermatitis/contact_dermatitis_0977_jpg.rf.38j3VaB5I3MWe6Ws4ZG2.jpg,datasets/hair_only/scalp_diseases/contact_dermatitis/contact_dermatitis_0977_jpg.rf.38j3VaB5I3MWe6Ws4ZG2.jpg
https://raw.githubusercontent.com/Olamide7920/scalp_disease_project/main/datasets/hair_only/scalp_diseases/contact_dermatitis/contact_dermatitis_0978_jpg.rf.chiW6mJ0DxuCzR89jLy2.jpg,datasets/hair_only/scalp_diseases/contact_dermatitis/contact_dermatitis_0978_jpg.rf.chiW6mJ0DxuCzR89jLy2.jpg
https://raw.githubusercontent.com/Olamide7920/scalp_disease_project/main/datasets/hair_only/scalp_diseases/contact_dermatitis/contact_dermatitis_0979_jpg.rf.jRzjAUSlXFgaRHjvMmYk.jpg,datasets/hair_only/scalp_diseases/contact_dermatitis/contact_dermatitis_0979_jpg.rf.jRzjAUSlXFgaRHjvMmYk.jpg
https://raw.githubusercontent.com/Olamide7920/scalp_disease_project/main/datasets/hair_only/scalp_diseases/contact_dermatitis/contact_dermatitis_0980_jpg.rf.pDUjRxPiabBGhNbljWfk.jpg,datasets/hair_only/scalp_diseases/contact_dermatitis/contact_dermatitis_0980_jpg.rf.pDUjRxPiabBGhNbljWfk.jpg
https://raw.githubusercontent.com/Olamide7920/scalp_disease_project/main/datasets/hair_only/scalp_diseases/contact_dermatitis/contact_dermatitis_0981_jpg.rf.kfBM69M2gM48vxCZzhLx.jpg,datasets/hair_only/scalp_diseases/contact_dermatitis/contact_dermatitis_0981_jpg.rf.kfBM69M2gM48vxCZzhLx.jpg
https://raw.githubusercontent.com/Olamide7920/scalp_disease_project/main/datasets/hair_only/scalp_diseases/contact_dermatitis/contact_dermatitis_0982_jpg.rf.dVwA8YGbMp2yH3TuNkow.jpg,datasets/hair_only/scalp_diseases/contact_dermatitis/contact_dermatitis_0982_jpg.rf.dVwA8YGbMp2yH3TuNkow.jpg
https://raw.githubusercontent.com/Olamide7920/scalp_disease_project/main/datasets/hair_only/scalp_diseases/contact_dermatitis/contact_dermatitis_0983_jpg.rf.vyneCKq3yUxxOKDrr0rM.jpg,datasets/hair_only/scalp_diseases/contact_dermatitis/contact_dermatitis_0983_jpg.rf.vyneCKq3yUxxOKDrr0rM.jpg
https://raw.githubusercontent.com/Olamide7920/scalp_disease_project/main/datasets/hair_only/scalp_diseases/contact_dermatitis/contact_dermatitis_0984_jpg.rf.D89n3JkkRQdj9EboPwfD.jpg,datasets/hair_only/scalp_diseases/contact_dermatitis/contact_dermatitis_0984_jpg.rf.D89n3JkkRQdj9EboPwfD.jpg
https://raw.githubusercontent.com/Olamide7920/scalp_disease_project/main/datasets/hair_only/scalp_diseases/contact_dermatitis/contact_dermatitis_0985_jpg.rf.FkXqo47YC3wZrvlRy5Ez.jpg,datasets/hair_only/scalp_diseases/contact_dermatitis/contact_dermatitis_0985_jpg.rf.FkXqo47YC3wZrvlRy5Ez.jpg
https://raw.githubusercontent.com/Olamide7920/scalp_disease_project/main/datasets/hair_only/scalp_diseases/contact_dermatitis/contact_dermatitis_0986_jpg.rf.6cWeedKCa8XRdCkzCxG8.jpg,datasets/hair_only/scalp_diseases/contact_dermatitis/contact_dermatitis_0986_jpg.rf.6cWeedKCa8XRdCkzCxG8.jpg
https://raw.githubusercontent.com/Olamide7920/scalp_disease_project/main/datasets/hair_only/scalp_diseases/contact_dermatitis/contact_dermatitis_0987_jpg.rf.syjMpgcM9DMhUpuTxCNj.jpg,datasets/hair_only/scalp_diseases/contact_dermatitis/contact_dermatitis_0987_jpg.rf.syjMpgcM9DMhUpuTxCNj.jpg
https://raw.githubusercontent.com/Olamide7920/scalp_disease_project/main/datasets/hair_only/scalp_diseases/contact_dermatitis/contact_dermatitis_0988_jpg.rf.UlOneDpkqmx12kWComFU.jpg,datasets/hair_only/scalp_diseases/contact_dermatitis/contact_dermatitis_0988_jpg.rf.UlOneDpkqmx12kWComFU.jpg
https://raw.githubusercontent.com/Olamide7920/scalp_disease_project/main/datasets/hair_only/scalp_diseases/contact_dermatitis/contact_dermatitis_0989_jpg.rf.pp8mD2cOq0kxR4BeGzQq.jpg,datasets/hair_only/scalp_diseases/contact_dermatitis/contact_dermatitis_0989_jpg.rf.pp8mD2cOq0kxR4BeGzQq.jpg
https://raw.githubusercontent.com/Olamide7920/scalp_disease_project/main/datasets/hair_only/scalp_diseases/contact_dermatitis/contact_dermatitis_0990_jpg.rf.IiRh2QVC9FGps0CAFdW0.jpg,datasets/hair_only/scalp_diseases/contact_dermatitis/contact_dermatitis_0990_jpg.rf.IiRh2QVC9FGps0CAFdW0.jpg
https://raw.githubusercontent.com/Olamide7920/scalp_disease_project/main/datasets/hair_only/scalp_diseases/contact_dermatitis/contact_dermatitis_0991_jpg.rf.DeNRNtSl5eUkilqa6lss.jpg,datasets/hair_only/scalp_diseases/contact_dermatitis/contact_dermatitis_0991_jpg.rf.DeNRNtSl5eUkilqa6lss.jpg
https://raw.githubusercontent.com/Olamide7920/scalp_disease_project/main/datasets/hair_only/scalp_diseases/contact_dermatitis/contact_dermatitis_0992_jpg.rf.BN6pltWQZ6rhZHqekIwZ.jpg,datasets/hair_only/scalp_diseases/contact_dermatitis/contact_dermatitis_0992_jpg.rf.BN6pltWQZ6rhZHqekIwZ.jpg
https://raw.githubusercontent.com/Olamide7920/scalp_disease_project/main/datasets/hair_only/scalp_diseases/contact_dermatitis/contact_dermatitis_0993_jpg.rf.yx5ytOqhMstKRx9P7Imr.jpg,datasets/hair_only/scalp_diseases/contact_dermatitis/contact_dermatitis_0993_jpg.rf.yx5ytOqhMstKRx9P7Imr.jpg
https://raw.githubusercontent.com/Olamide7920/scalp_disease_project/main/datasets/hair_only/scalp_diseases/contact_dermatitis/contact_dermatitis_0994_jpg.rf.JIGU82Ssb5rNnfnccRkY.jpg,datasets/hair_only/scalp_diseases/contact_dermatitis/contact_dermatitis_0994_jpg.rf.JIGU82Ssb5rNnfnccRkY.jpg
https://raw.githubusercontent.com/Olamide7920/scalp_disease_project/main/datasets/hair_only/scalp_diseases/contact_dermatitis/contact_dermatitis_0995_jpg.rf.dhLoSDM1RE4gptOBx5fw.jpg,datasets/hair_only/scalp_diseases/contact_dermatitis/contact_dermatitis_0995_jpg.rf.dhLoSDM1RE4gptOBx5fw.jpg
https://raw.githubusercontent.com/Olamide7920/scalp_disease_project/main/datasets/hair_only/scalp_diseases/contact_dermatitis/contact_dermatitis_0996_jpg.rf.AdlfDR9BLXQQLFEP7kA8.jpg,datasets/hair_only/scalp_diseases/contact_dermatitis/contact_dermatitis_0996_jpg.rf.AdlfDR9BLXQQLFEP7kA8.jpg
https://raw.githubusercontent.com/Olamide7920/scalp_disease_project/main/datasets/hair_only/scalp_diseases/contact_dermatitis/contact_dermatitis_0997_jpg.rf.ILkuTsLXik218tkJyQ5d.jpg,datasets/hair_only/scalp_diseases/contact_dermatitis/contact_dermatitis_0997_jpg.rf.ILkuTsLXik218tkJyQ5d.jpg
https://raw.githubusercontent.com/Olamide7920/scalp_disease_project/main/datasets/hair_only/scalp_diseases/contact_dermatitis/contact_dermatitis_0998_jpg.rf.gfqHyD32u8rUHA1TkA1u.jpg,datasets/hair_only/scalp_diseases/contact_dermatitis/contact_dermatitis_0998_jpg.rf.gfqHyD32u8rUHA1TkA1u.jpg
https://raw.githubusercontent.com/Olamide7920/scalp_disease_project/main/datasets/hair_only/scalp_diseases/contact_dermatitis/contact_dermatitis_0999_jpg.rf.JD1AnQ3at9MDaBLNtuZc.jpg,datasets/hair_only/scalp_diseases/contact_dermatitis/contact_dermatitis_0999_jpg.rf.JD1AnQ3at9MDaBLNtuZc.jpg
https://raw.githubusercontent.com/Olamide7920/scalp_disease_project/main/datasets/hair_only/scalp_diseases/contact_dermatitis/contact_dermatitis_1000_jpg.rf.FWHZ0r8bRi4039wmHVyX.jpg,datasets/hair_only/scalp_diseases/contact_dermatitis/contact_dermatitis_1000_jpg.rf.FWHZ0r8bRi4039wmHVyX.jpg
https://raw.githubusercontent.com/Olamide7920/scalp_disease_project/main/datasets/hair_only/scalp_diseases/contact_dermatitis/contact_dermatitis_1001_jpg.rf.H8abcyrZFFqqD8sIN6pH.jpg,datasets/hair_only/scalp_diseases/contact_dermatitis/contact_dermatitis_1001_jpg.rf.H8abcyrZFFqqD8sIN6pH.jpg
https://raw.githubusercontent.com/Olamide7920/scalp_disease_project/main/datasets/hair_only/scalp_diseases/contact_dermatitis/contact_dermatitis_1002_jpg.rf.TuSR8JYIPWTJODn2FROh.jpg,datasets/hair_only/scalp_diseases/contact_dermatitis/contact_dermatitis_1002_jpg.rf.TuSR8JYIPWTJODn2FROh.jpg
https://raw.githubusercontent.com/Olamide7920/scalp_disease_project/main/datasets/hair_only/scalp_diseases/contact_dermatitis/contact_dermatitis_1003_jpg.rf.mqXNIsRjFaxeeKPhibDk.jpg,datasets/hair_only/scalp_diseases/contact_dermatitis/contact_dermatitis_1003_jpg.rf.mqXNIsRjFaxeeKPhibDk.jpg
https://raw.githubusercontent.com/Olamide7920/scalp_disease_project/main/datasets/hair_only/scalp_diseases/contact_dermatitis/contact_dermatitis_1004_jpg.rf.TSvmTtZZOh89IOBC09eq.jpg,datasets/hair_only/scalp_diseases/contact_dermatitis/contact_dermatitis_1004_jpg.rf.TSvmTtZZOh89IOBC09eq.jpg
https://raw.githubusercontent.com/Olamide7920/scalp_disease_project/main/datasets/hair_only/scalp_diseases/contact_dermatitis/contact_dermatitis_1005_jpg.rf.C656M2FTmxpWy0rIm9oG.jpg,datasets/hair_only/scalp_diseases/contact_dermatitis/contact_dermatitis_1005_jpg.rf.C656M2FTmxpWy0rIm9oG.jpg
https://raw.githubusercontent.com/Olamide7920/scalp_disease_project/main/datasets/hair_only/scalp_diseases/contact_dermatitis/contact_dermatitis_1006_jpg.rf.Pq2wG8T6VZawZjVYla0A.jpg,datasets/hair_only/scalp_diseases/contact_dermatitis/contact_dermatitis_1006_jpg.rf.Pq2wG8T6VZawZjVYla0A.jpg
https://raw.githubusercontent.com/Olamide7920/scalp_disease_project/main/datasets/hair_only/scalp_diseases/contact_dermatitis/contact_dermatitis_1007_jpg.rf.xdURUQBQIFPSgbzegenD.jpg,datasets/hair_only/scalp_diseases/contact_dermatitis/contact_dermatitis_1007_jpg.rf.xdURUQBQIFPSgbzegenD.jpg
https://raw.githubusercontent.com/Olamide7920/scalp_disease_project/main/datasets/hair_only/scalp_diseases/contact_dermatitis/contact_dermatitis_1008_jpg.rf.F7fraXQYsbobCpYyboGF.jpg,datasets/hair_only/scalp_diseases/contact_dermatitis/contact_dermatitis_1008_jpg.rf.F7fraXQYsbobCpYyboGF.jpg
https://raw.githubusercontent.com/Olamide7920/scalp_disease_project/main/datasets/hair_only/scalp_diseases/contact_dermatitis/contact_dermatitis_1009_jpg.rf.Y2uWPBAenUaHj7m8Z5yN.jpg,datasets/hair_only/scalp_diseases/contact_dermatitis/contact_dermatitis_1009_jpg.rf.Y2uWPBAenUaHj7m8Z5yN.jpg
https://raw.githubusercontent.com/Olamide7920/scalp_disease_project/main/datasets/hair_only/scalp_diseases/contact_dermatitis/contact_dermatitis_1010_jpg.rf.Bgx4Hxza7jfHHLgGQLus.jpg,datasets/hair_only/scalp_diseases/contact_dermatitis/contact_dermatitis_1010_jpg.rf.Bgx4Hxza7jfHHLgGQLus.jpg
https://raw.githubusercontent.com/Olamide7920/scalp_disease_project/main/datasets/hair_only/scalp_diseases/contact_dermatitis/contact_dermatitis_1011_jpg.rf.7rhqGWr2uWOsvRTV7NST.jpg,datasets/hair_only/scalp_diseases/contact_dermatitis/contact_dermatitis_1011_jpg.rf.7rhqGWr2uWOsvRTV7NST.jpg
https://raw.githubusercontent.com/Olamide7920/scalp_disease_project/main/datasets/hair_only/scalp_diseases/contact_dermatitis/contact_dermatitis_1012_jpg.rf.UirwhBQpbMlbqIxP8045.jpg,datasets/hair_only/scalp_diseases/contact_dermatitis/contact_dermatitis_1012_jpg.rf.UirwhBQpbMlbqIxP8045.jpg
https://raw.githubusercontent.com/Olamide7920/scalp_disease_project/main/datasets/hair_only/scalp_diseases/contact_dermatitis/contact_dermatitis_1013_jpg.rf.Y9no9LHhAqtvxXMwrDjY.jpg,datasets/hair_only/scalp_diseases/contact_dermatitis/contact_dermatitis_1013_jpg.rf.Y9no9LHhAqtvxXMwrDjY.jpg
https://raw.githubusercontent.com/Olamide7920/scalp_disease_project/main/datasets/hair_only/scalp_diseases/contact_dermatitis/contact_dermatitis_1014_jpg.rf.Q7Wi0fNuxtChUh6zKcos.jpg,datasets/hair_only/scalp_diseases/contact_dermatitis/contact_dermatitis_1014_jpg.rf.Q7Wi0fNuxtChUh6zKcos.jpg
https://raw.githubusercontent.com/Olamide7920/scalp_disease_project/main/datasets/hair_only/scalp_diseases/contact_dermatitis/contact_dermatitis_1015_jpg.rf.LPiGRFaGa6fExZYNmhlt.jpg,datasets/hair_only/scalp_diseases/contact_dermatitis/contact_dermatitis_1015_jpg.rf.LPiGRFaGa6fExZYNmhlt.jpg
https://raw.githubusercontent.com/Olamide7920/scalp_disease_project/main/datasets/hair_only/scalp_diseases/contact_dermatitis/contact_dermatitis_1016_jpg.rf.qrptoKILEDaM2NpHRF56.jpg,datasets/hair_only/scalp_diseases/contact_dermatitis/contact_dermatitis_1016_jpg.rf.qrptoKILEDaM2NpHRF56.jpg
https://raw.githubusercontent.com/Olamide7920/scalp_disease_project/main/datasets/hair_only/scalp_diseases/contact_dermatitis/contact_dermatitis_1017_jpg.rf.XeUuBsA9F6fNUUyp15Pl.jpg,datasets/hair_only/scalp_diseases/contact_dermatitis/contact_dermatitis_1017_jpg.rf.XeUuBsA9F6fNUUyp15Pl.jpg
https://raw.githubusercontent.com/Olamide7920/scalp_disease_project/main/datasets/hair_only/scalp_diseases/contact_dermatitis/contact_dermatitis_1018_jpg.rf.Vvs7agLUOvCLoQZg6v8p.jpg,datasets/hair_only/scalp_diseases/contact_dermatitis/contact_dermatitis_1018_jpg.rf.Vvs7agLUOvCLoQZg6v8p.jpg
https://raw.githubusercontent.com/Olamide7920/scalp_disease_project/main/datasets/hair_only/scalp_diseases/contact_dermatitis/contact_dermatitis_1019_jpg.rf.H6sdtlrPc7nHR1getrBi.jpg,datasets/hair_only/scalp_diseases/contact_dermatitis/contact_dermatitis_1019_jpg.rf.H6sdtlrPc7nHR1getrBi.jpg
https://raw.githubusercontent.com/Olamide7920/scalp_disease_project/main/datasets/hair_only/scalp_diseases/contact_dermatitis/contact_dermatitis_1020_jpg.rf.kqydpqSfWkxE2JiCOlmK.jpg,datasets/hair_only/scalp_diseases/contact_dermatitis/contact_dermatitis_1020_jpg.rf.kqydpqSfWkxE2JiCOlmK.jpg
https://raw.githubusercontent.com/Olamide7920/scalp_disease_project/main/datasets/hair_only/scalp_diseases/contact_dermatitis/contact_dermatitis_1021_jpg.rf.9CNNP3sTquuTY2PBhXUo.jpg,datasets/hair_only/scalp_diseases/contact_dermatitis/contact_dermatitis_1021_jpg.rf.9CNNP3sTquuTY2PBhXUo.jpg
https://raw.githubusercontent.com/Olamide7920/scalp_disease_project/main/datasets/hair_only/scalp_diseases/contact_dermatitis/contact_dermatitis_1022_jpg.rf.VVhCG7LxgcMLdXAn5c8c.jpg,datasets/hair_only/scalp_diseases/contact_dermatitis/contact_dermatitis_1022_jpg.rf.VVhCG7LxgcMLdXAn5c8c.jpg
https://raw.githubusercontent.com/Olamide7920/scalp_disease_project/main/datasets/hair_only/scalp_diseases/contact_dermatitis/contact_dermatitis_1023_jpg.rf.f4DsVPqYFObClvv4k0yX.jpg,datasets/hair_only/scalp_diseases/contact_dermatitis/contact_dermatitis_1023_jpg.rf.f4DsVPqYFObClvv4k0yX.jpg
https://raw.githubusercontent.com/Olamide7920/scalp_disease_project/main/datasets/hair_only/scalp_diseases/contact_dermatitis/contact_dermatitis_1024_jpg.rf.e3AIWrwZZd447OarZLqd.jpg,datasets/hair_only/scalp_diseases/contact_dermatitis/contact_dermatitis_1024_jpg.rf.e3AIWrwZZd447OarZLqd.jpg
https://raw.githubusercontent.com/Olamide7920/scalp_disease_project/main/datasets/hair_only/scalp_diseases/contact_dermatitis/contact_dermatitis_1025_jpg.rf.x3EFhVyDiTemvd1cOO1Z.jpg,datasets/hair_only/scalp_diseases/contact_dermatitis/contact_dermatitis_1025_jpg.rf.x3EFhVyDiTemvd1cOO1Z.jpg
https://raw.githubusercontent.com/Olamide7920/scalp_disease_project/main/datasets/hair_only/scalp_diseases/contact_dermatitis/contact_dermatitis_1026_jpg.rf.8yBgYCVRWxSFFORGbM8S.jpg,datasets/hair_only/scalp_diseases/contact_dermatitis/contact_dermatitis_1026_jpg.rf.8yBgYCVRWxSFFORGbM8S.jpg
https://raw.githubusercontent.com/Olamide7920/scalp_disease_project/main/datasets/hair_only/scalp_diseases/contact_dermatitis/contact_dermatitis_1027_jpg.rf.Z1k96CloWbmac7rbhcO8.jpg,datasets/hair_only/scalp_diseases/contact_dermatitis/contact_dermatitis_1027_jpg.rf.Z1k96CloWbmac7rbhcO8.jpg
https://raw.githubusercontent.com/Olamide7920/scalp_disease_project/main/datasets/hair_only/scalp_diseases/contact_dermatitis/contact_dermatitis_1028_jpg.rf.o1tKEPxmhBVQW398EEOs.jpg,datasets/hair_only/scalp_diseases/contact_dermatitis/contact_dermatitis_1028_jpg.rf.o1tKEPxmhBVQW398EEOs.jpg
https://raw.githubusercontent.com/Olamide7920/scalp_disease_project/main/datasets/hair_only/scalp_diseases/contact_dermatitis/contact_dermatitis_1029_jpg.rf.OxJEk2XKBcnf1xW2ZS5Z.jpg,datasets/hair_only/scalp_diseases/contact_dermatitis/contact_dermatitis_1029_jpg.rf.OxJEk2XKBcnf1xW2ZS5Z.jpg
https://raw.githubusercontent.com/Olamide7920/scalp_disease_project/main/datasets/hair_only/scalp_diseases/contact_dermatitis/contact_dermatitis_1030_jpg.rf.CdJV8TBAz1AIV0RWw3Ee.jpg,datasets/hair_only/scalp_diseases/contact_dermatitis/contact_dermatitis_1030_jpg.rf.CdJV8TBAz1AIV0RWw3Ee.jpg
https://raw.githubusercontent.com/Olamide7920/scalp_disease_project/main/datasets/hair_only/scalp_diseases/contact_dermatitis/contact_dermatitis_1031_jpg.rf.P0jLsDVjuC9tAuFrjQny.jpg,datasets/hair_only/scalp_diseases/contact_dermatitis/contact_dermatitis_1031_jpg.rf.P0jLsDVjuC9tAuFrjQny.jpg
https://raw.githubusercontent.com/Olamide7920/scalp_disease_project/main/datasets/hair_only/scalp_diseases/contact_dermatitis/contact_dermatitis_1032_jpg.rf.BsTdh192H5ZdWSNpKrcx.jpg,datasets/hair_only/scalp_diseases/contact_dermatitis/contact_dermatitis_1032_jpg.rf.BsTdh192H5ZdWSNpKrcx.jpg
https://raw.githubusercontent.com/Olamide7920/scalp_disease_project/main/datasets/hair_only/scalp_diseases/contact_dermatitis/contact_dermatitis_1033_jpg.rf.4foBIAOzYPElZeepNYvZ.jpg,datasets/hair_only/scalp_diseases/contact_dermatitis/contact_dermatitis_1033_jpg.rf.4foBIAOzYPElZeepNYvZ.jpg
https://raw.githubusercontent.com/Olamide7920/scalp_disease_project/main/datasets/hair_only/scalp_diseases/contact_dermatitis/contact_dermatitis_1034_jpg.rf.fTh6A8lPZr8St6F6bjOn.jpg,datasets/hair_only/scalp_diseases/contact_dermatitis/contact_dermatitis_1034_jpg.rf.fTh6A8lPZr8St6F6bjOn.jpg
https://raw.githubusercontent.com/Olamide7920/scalp_disease_project/main/datasets/hair_only/scalp_diseases/contact_dermatitis/contact_dermatitis_1035_jpg.rf.nQly3EwBr93dUKWKgY9M.jpg,datasets/hair_only/scalp_diseases/contact_dermatitis/contact_dermatitis_1035_jpg.rf.nQly3EwBr93dUKWKgY9M.jpg
https://raw.githubusercontent.com/Olamide7920/scalp_disease_project/main/datasets/hair_only/scalp_diseases/contact_dermatitis/contact_dermatitis_1036_jpg.rf.JFJnvBwNJoR3zMU7QMMT.jpg,datasets/hair_only/scalp_diseases/contact_dermatitis/contact_dermatitis_1036_jpg.rf.JFJnvBwNJoR3zMU7QMMT.jpg
https://raw.githubusercontent.com/Olamide7920/scalp_disease_project/main/datasets/hair_only/scalp_diseases/contact_dermatitis/contact_dermatitis_1037_jpg.rf.oTPQMcModUced7VyGfOI.jpg,datasets/hair_only/scalp_diseases/contact_dermatitis/contact_dermatitis_1037_jpg.rf.oTPQMcModUced7VyGfOI.jpg
https://raw.githubusercontent.com/Olamide7920/scalp_disease_project/main/datasets/hair_only/scalp_diseases/contact_dermatitis/contact_dermatitis_1038_jpg.rf.mYalkg1rHXoLw9RrF6Si.jpg,datasets/hair_only/scalp_diseases/contact_dermatitis/contact_dermatitis_1038_jpg.rf.mYalkg1rHXoLw9RrF6Si.jpg
https://raw.githubusercontent.com/Olamide7920/scalp_disease_project/main/datasets/hair_only/scalp_diseases/contact_dermatitis/contact_dermatitis_1039_jpg.rf.2cjvCx3Clqfotp6t3qL9.jpg,datasets/hair_only/scalp_diseases/contact_dermatitis/contact_dermatitis_1039_jpg.rf.2cjvCx3Clqfotp6t3qL9.jpg
https://raw.githubusercontent.com/Olamide7920/scalp_disease_project/main/datasets/hair_only/scalp_diseases/contact_dermatitis/contact_dermatitis_1040_jpg.rf.yv8xQT7EvVJh0YzWObrz.jpg,datasets/hair_only/scalp_diseases/contact_dermatitis/contact_dermatitis_1040_jpg.rf.yv8xQT7EvVJh0YzWObrz.jpg
https://raw.githubusercontent.com/Olamide7920/scalp_disease_project/main/datasets/hair_only/scalp_diseases/contact_dermatitis/contact_dermatitis_1041_jpg.rf.qekijZWxzJooUInnpCvu.jpg,datasets/hair_only/scalp_diseases/contact_dermatitis/contact_dermatitis_1041_jpg.rf.qekijZWxzJooUInnpCvu.jpg
https://raw.githubusercontent.com/Olamide7920/scalp_disease_project/main/datasets/hair_only/scalp_diseases/contact_dermatitis/contact_dermatitis_1042_jpg.rf.zSLl4vXd3JuqmY6iw4TS.jpg,datasets/hair_only/scalp_diseases/contact_dermatitis/contact_dermatitis_1042_jpg.rf.zSLl4vXd3JuqmY6iw4TS.jpg
https://raw.githubusercontent.com/Olamide7920/scalp_disease_project/main/datasets/hair_only/scalp_diseases/contact_dermatitis/contact_dermatitis_1043_jpg.rf.CmczjsXQe0DdyPeukKPT.jpg,datasets/hair_only/scalp_diseases/contact_dermatitis/contact_dermatitis_1043_jpg.rf.CmczjsXQe0DdyPeukKPT.jpg
https://raw.githubusercontent.com/Olamide7920/scalp_disease_project/main/datasets/hair_only/scalp_diseases/contact_dermatitis/contact_dermatitis_1044_jpg.rf.DMQTedEuvmyjkNGeE7Wh.jpg,datasets/hair_only/scalp_diseases/contact_dermatitis/contact_dermatitis_1044_jpg.rf.DMQTedEuvmyjkNGeE7Wh.jpg
https://raw.githubusercontent.com/Olamide7920/scalp_disease_project/main/datasets/hair_only/scalp_diseases/contact_dermatitis/contact_dermatitis_1045_jpg.rf.OwiqBVTQarXzG433sm1K.jpg,datasets/hair_only/scalp_diseases/contact_dermatitis/contact_dermatitis_1045_jpg.rf.OwiqBVTQarXzG433sm1K.jpg
https://raw.githubusercontent.com/Olamide7920/scalp_disease_project/main/datasets/hair_only/scalp_diseases/contact_dermatitis/contact_dermatitis_1046_jpg.rf.sJATxVeyJJQi6utZtpDj.jpg,datasets/hair_only/scalp_diseases/contact_dermatitis/contact_dermatitis_1046_jpg.rf.sJATxVeyJJQi6utZtpDj.jpg
https://raw.githubusercontent.com/Olamide7920/scalp_disease_project/main/datasets/hair_only/scalp_diseases/contact_dermatitis/contact_dermatitis_1047_jpg.rf.U9uYI1vDTMnReVqYoeiT.jpg,datasets/hair_only/scalp_diseases/contact_dermatitis/contact_dermatitis_1047_jpg.rf.U9uYI1vDTMnReVqYoeiT.jpg
https://raw.githubusercontent.com/Olamide7920/scalp_disease_project/main/datasets/hair_only/scalp_diseases/contact_dermatitis/contact_dermatitis_1048_jpg.rf.JRShX9HcdWcHgINSGoAq.jpg,datasets/hair_only/scalp_diseases/contact_dermatitis/contact_dermatitis_1048_jpg.rf.JRShX9HcdWcHgINSGoAq.jpg
https://raw.githubusercontent.com/Olamide7920/scalp_disease_project/main/datasets/hair_only/scalp_diseases/contact_dermatitis/contact_dermatitis_1049_jpg.rf.owarsYUGNyMzIGP3tmFR.jpg,datasets/hair_only/scalp_diseases/contact_dermatitis/contact_dermatitis_1049_jpg.rf.owarsYUGNyMzIGP3tmFR.jpg
https://raw.githubusercontent.com/Olamide7920/scalp_disease_project/main/datasets/hair_only/scalp_diseases/contact_dermatitis/contact_dermatitis_1050_jpg.rf.cmTkhAaCxNUBcC9bLFZG.jpg,datasets/hair_only/scalp_diseases/contact_dermatitis/contact_dermatitis_1050_jpg.rf.cmTkhAaCxNUBcC9bLFZG.jpg
https://raw.githubusercontent.com/Olamide7920/scalp_disease_project/main/datasets/hair_only/scalp_diseases/contact_dermatitis/contact_dermatitis_1051_jpg.rf.NgvgIbrrVPUMOHr0eDuZ.jpg,datasets/hair_only/scalp_diseases/contact_dermatitis/contact_dermatitis_1051_jpg.rf.NgvgIbrrVPUMOHr0eDuZ.jpg
https://raw.githubusercontent.com/Olamide7920/scalp_disease_project/main/datasets/hair_only/scalp_diseases/contact_dermatitis/contact_dermatitis_1052_jpg.rf.NvR4mAU72EP0hQxocQKW.jpg,datasets/hair_only/scalp_diseases/contact_dermatitis/contact_dermatitis_1052_jpg.rf.NvR4mAU72EP0hQxocQKW.jpg
https://raw.githubusercontent.com/Olamide7920/scalp_disease_project/main/datasets/hair_only/scalp_diseases/contact_dermatitis/contact_dermatitis_1053_jpg.rf.a4dmwKpX3AmXw2ojVSQB.jpg,datasets/hair_only/scalp_diseases/contact_dermatitis/contact_dermatitis_1053_jpg.rf.a4dmwKpX3AmXw2ojVSQB.jpg
https://raw.githubusercontent.com/Olamide7920/scalp_disease_project/main/datasets/hair_only/scalp_diseases/contact_dermatitis/contact_dermatitis_1054_jpg.rf.vIJHHBDkIuHWMafSipTl.jpg,datasets/hair_only/scalp_diseases/contact_dermatitis/contact_dermatitis_1054_jpg.rf.vIJHHBDkIuHWMafSipTl.jpg
https://raw.githubusercontent.com/Olamide7920/scalp_disease_project/main/datasets/hair_only/scalp_diseases/contact_dermatitis/contact_dermatitis_1055_jpg.rf.XqFSNwl2SxSvSDuLKPxt.jpg,datasets/hair_only/scalp_diseases/contact_dermatitis/contact_dermatitis_1055_jpg.rf.XqFSNwl2SxSvSDuLKPxt.jpg
https://raw.githubusercontent.com/Olamide7920/scalp_disease_project/main/datasets/hair_only/scalp_diseases/contact_dermatitis/contact_dermatitis_1056_jpg.rf.3WqsOFjRGzacA6MAqFaH.jpg,datasets/hair_only/scalp_diseases/contact_dermatitis/contact_dermatitis_1056_jpg.rf.3WqsOFjRGzacA6MAqFaH.jpg
https://raw.githubusercontent.com/Olamide7920/scalp_disease_project/main/datasets/hair_only/scalp_diseases/contact_dermatitis/contact_dermatitis_1057_jpg.rf.7X6h6ev8PdA9MGYF8kNY.jpg,datasets/hair_only/scalp_diseases/contact_dermatitis/contact_dermatitis_1057_jpg.rf.7X6h6ev8PdA9MGYF8kNY.jpg
https://raw.githubusercontent.com/Olamide7920/scalp_disease_project/main/datasets/hair_only/scalp_diseases/contact_dermatitis/contact_dermatitis_1058_jpg.rf.TqC1acenpYtsQAnLZJNS.jpg,datasets/hair_only/scalp_diseases/contact_dermatitis/contact_dermatitis_1058_jpg.rf.TqC1acenpYtsQAnLZJNS.jpg
https://raw.githubusercontent.com/Olamide7920/scalp_disease_project/main/datasets/hair_only/scalp_diseases/contact_dermatitis/contact_dermatitis_1059_jpg.rf.hK2kyBVe6YECc179t23G.jpg,datasets/hair_only/scalp_diseases/contact_dermatitis/contact_dermatitis_1059_jpg.rf.hK2kyBVe6YECc179t23G.jpg
https://raw.githubusercontent.com/Olamide7920/scalp_disease_project/main/datasets/hair_only/scalp_diseases/contact_dermatitis/contact_dermatitis_1060_jpg.rf.vRsuXeiJSqzbdwkYyuVF.jpg,datasets/hair_only/scalp_diseases/contact_dermatitis/contact_dermatitis_1060_jpg.rf.vRsuXeiJSqzbdwkYyuVF.jpg
https://raw.githubusercontent.com/Olamide7920/scalp_disease_project/main/datasets/hair_only/scalp_diseases/contact_dermatitis/contact_dermatitis_1061_jpg.rf.m9P927i4bxQqzmJ6uf82.jpg,datasets/hair_only/scalp_diseases/contact_dermatitis/contact_dermatitis_1061_jpg.rf.m9P927i4bxQqzmJ6uf82.jpg
https://raw.githubusercontent.com/Olamide7920/scalp_disease_project/main/datasets/hair_only/scalp_diseases/contact_dermatitis/contact_dermatitis_1062_jpg.rf.1PTkd0OacaIvWTHAWRLa.jpg,datasets/hair_only/scalp_diseases/contact_dermatitis/contact_dermatitis_1062_jpg.rf.1PTkd0OacaIvWTHAWRLa.jpg
https://raw.githubusercontent.com/Olamide7920/scalp_disease_project/main/datasets/hair_only/scalp_diseases/contact_dermatitis/contact_dermatitis_1063_jpg.rf.kmirb70EqFgZd3uybC4N.jpg,datasets/hair_only/scalp_diseases/contact_dermatitis/contact_dermatitis_1063_jpg.rf.kmirb70EqFgZd3uybC4N.jpg
https://raw.githubusercontent.com/Olamide7920/scalp_disease_project/main/datasets/hair_only/scalp_diseases/contact_dermatitis/contact_dermatitis_1064_jpg.rf.G2fYwCdFP9qq7nhwmwhz.jpg,datasets/hair_only/scalp_diseases/contact_dermatitis/contact_dermatitis_1064_jpg.rf.G2fYwCdFP9qq7nhwmwhz.jpg
https://raw.githubusercontent.com/Olamide7920/scalp_disease_project/main/datasets/hair_only/scalp_diseases/contact_dermatitis/contact_dermatitis_1065_jpg.rf.aXagOqyYLNuWC5hAbcDk.jpg,datasets/hair_only/scalp_diseases/contact_dermatitis/contact_dermatitis_1065_jpg.rf.aXagOqyYLNuWC5hAbcDk.jpg
https://raw.githubusercontent.com/Olamide7920/scalp_disease_project/main/datasets/hair_only/scalp_diseases/contact_dermatitis/contact_dermatitis_1066_jpg.rf.8FyukXiJqVOjQIp1pa4g.jpg,datasets/hair_only/scalp_diseases/contact_dermatitis/contact_dermatitis_1066_jpg.rf.8FyukXiJqVOjQIp1pa4g.jpg
https://raw.githubusercontent.com/Olamide7920/scalp_disease_project/main/datasets/hair_only/scalp_diseases/contact_dermatitis/contact_dermatitis_1067_jpg.rf.wl25p7JhTvXUAu3G6YIl.jpg,datasets/hair_only/scalp_diseases/contact_dermatitis/contact_dermatitis_1067_jpg.rf.wl25p7JhTvXUAu3G6YIl.jpg
https://raw.githubusercontent.com/Olamide7920/scalp_disease_project/main/datasets/hair_only/scalp_diseases/contact_dermatitis/contact_dermatitis_1068_jpg.rf.3vHSJQWWcPQ3CHfDvMU2.jpg,datasets/hair_only/scalp_diseases/contact_dermatitis/contact_dermatitis_1068_jpg.rf.3vHSJQWWcPQ3CHfDvMU2.jpg
https://raw.githubusercontent.com/Olamide7920/scalp_disease_project/main/datasets/hair_only/scalp_diseases/contact_dermatitis/contact_dermatitis_1069_jpg.rf.CBfLvrqE17IuD5tELuyO.jpg,datasets/hair_only/scalp_diseases/contact_dermatitis/contact_dermatitis_1069_jpg.rf.CBfLvrqE17IuD5tELuyO.jpg
https://raw.githubusercontent.com/Olamide7920/scalp_disease_project/main/datasets/hair_only/scalp_diseases/contact_dermatitis/contact_dermatitis_1070_jpg.rf.bdobyCWTy7ccL5IIhiid.jpg,datasets/hair_only/scalp_diseases/contact_dermatitis/contact_dermatitis_1070_jpg.rf.bdobyCWTy7ccL5IIhiid.jpg
https://raw.githubusercontent.com/Olamide7920/scalp_disease_project/main/datasets/hair_only/scalp_diseases/contact_dermatitis/contact_dermatitis_1071_jpg.rf.fW63MgtW1pR82OOw90yv.jpg,datasets/hair_only/scalp_diseases/contact_dermatitis/contact_dermatitis_1071_jpg.rf.fW63MgtW1pR82OOw90yv.jpg
https://raw.githubusercontent.com/Olamide7920/scalp_disease_project/main/datasets/hair_only/scalp_diseases/contact_dermatitis/contact_dermatitis_1072_jpg.rf.emGBl5f8c2S3VA8hLcpc.jpg,datasets/hair_only/scalp_diseases/contact_dermatitis/contact_dermatitis_1072_jpg.rf.emGBl5f8c2S3VA8hLcpc.jpg
https://raw.githubusercontent.com/Olamide7920/scalp_disease_project/main/datasets/hair_only/scalp_diseases/contact_dermatitis/contact_dermatitis_1073_jpg.rf.paQC6qUNXUWdaAqjPnMB.jpg,datasets/hair_only/scalp_diseases/contact_dermatitis/contact_dermatitis_1073_jpg.rf.paQC6qUNXUWdaAqjPnMB.jpg
https://raw.githubusercontent.com/Olamide7920/scalp_disease_project/main/datasets/hair_only/scalp_diseases/contact_dermatitis/contact_dermatitis_1074_jpg.rf.Rkn6mB4YDU9mPG0eluwf.jpg,datasets/hair_only/scalp_diseases/contact_dermatitis/contact_dermatitis_1074_jpg.rf.Rkn6mB4YDU9mPG0eluwf.jpg
https://raw.githubusercontent.com/Olamide7920/scalp_disease_project/main/datasets/hair_only/scalp_diseases/contact_dermatitis/contact_dermatitis_1075_jpg.rf.k3xNL7SURmcA58ic1daq.jpg,datasets/hair_only/scalp_diseases/contact_dermatitis/contact_dermatitis_1075_jpg.rf.k3xNL7SURmcA58ic1daq.jpg
https://raw.githubusercontent.com/Olamide7920/scalp_disease_project/main/datasets/hair_only/scalp_diseases/contact_dermatitis/contact_dermatitis_1076_jpg.rf.AgXPIc2AkTugLJOaMjNl.jpg,datasets/hair_only/scalp_diseases/contact_dermatitis/contact_dermatitis_1076_jpg.rf.AgXPIc2AkTugLJOaMjNl.jpg
https://raw.githubusercontent.com/Olamide7920/scalp_disease_project/main/datasets/hair_only/scalp_diseases/contact_dermatitis/contact_dermatitis_1077_jpg.rf.VfsDQkE4gWW1kZZFfHXd.jpg,datasets/hair_only/scalp_diseases/contact_dermatitis/contact_dermatitis_1077_jpg.rf.VfsDQkE4gWW1kZZFfHXd.jpg
https://raw.githubusercontent.com/Olamide7920/scalp_disease_project/main/datasets/hair_only/scalp_diseases/contact_dermatitis/contact_dermatitis_1078_jpg.rf.4pBLyxKKiYCsu1ZQp1gn.jpg,datasets/hair_only/scalp_diseases/contact_dermatitis/contact_dermatitis_1078_jpg.rf.4pBLyxKKiYCsu1ZQp1gn.jpg
https://raw.githubusercontent.com/Olamide7920/scalp_disease_project/main/datasets/hair_only/scalp_diseases/contact_dermatitis/contact_dermatitis_1079_jpg.rf.cyjRDJTcGb9qX0Fcd31g.jpg,datasets/hair_only/scalp_diseases/contact_dermatitis/contact_dermatitis_1079_jpg.rf.cyjRDJTcGb9qX0Fcd31g.jpg
https://raw.githubusercontent.com/Olamide7920/scalp_disease_project/main/datasets/hair_only/scalp_diseases/contact_dermatitis/contact_dermatitis_1080_jpg.rf.y74nBYdFYiJUEuPlpbjS.jpg,datasets/hair_only/scalp_diseases/contact_dermatitis/contact_dermatitis_1080_jpg.rf.y74nBYdFYiJUEuPlpbjS.jpg
https://raw.githubusercontent.com/Olamide7920/scalp_disease_project/main/datasets/hair_only/scalp_diseases/contact_dermatitis/contact_dermatitis_1081_jpg.rf.JGgLtOxQhozEeWuPr1NH.jpg,datasets/hair_only/scalp_diseases/contact_dermatitis/contact_dermatitis_1081_jpg.rf.JGgLtOxQhozEeWuPr1NH.jpg
https://raw.githubusercontent.com/Olamide7920/scalp_disease_project/main/datasets/hair_only/scalp_diseases/contact_dermatitis/contact_dermatitis_1082_jpg.rf.dik4VpMugfIuKR5yz28W.jpg,datasets/hair_only/scalp_diseases/contact_dermatitis/contact_dermatitis_1082_jpg.rf.dik4VpMugfIuKR5yz28W.jpg
https://raw.githubusercontent.com/Olamide7920/scalp_disease_project/main/datasets/hair_only/scalp_diseases/contact_dermatitis/contact_dermatitis_1083_jpg.rf.F7xJJdeyjQgmaQRz1BJ2.jpg,datasets/hair_only/scalp_diseases/contact_dermatitis/contact_dermatitis_1083_jpg.rf.F7xJJdeyjQgmaQRz1BJ2.jpg
https://raw.githubusercontent.com/Olamide7920/scalp_disease_project/main/datasets/hair_only/scalp_diseases/contact_dermatitis/contact_dermatitis_1084_jpg.rf.tmm4l9QDLX05E4Qy2yOI.jpg,datasets/hair_only/scalp_diseases/contact_dermatitis/contact_dermatitis_1084_jpg.rf.tmm4l9QDLX05E4Qy2yOI.jpg
https://raw.githubusercontent.com/Olamide7920/scalp_disease_project/main/datasets/hair_only/scalp_diseases/contact_dermatitis/contact_dermatitis_1085_jpg.rf.hAWJp2cu8BMpuMnEyzUA.jpg,datasets/hair_only/scalp_diseases/contact_dermatitis/contact_dermatitis_1085_jpg.rf.hAWJp2cu8BMpuMnEyzUA.jpg
https://raw.githubusercontent.com/Olamide7920/scalp_disease_project/main/datasets/hair_only/scalp_diseases/contact_dermatitis/contact_dermatitis_1086_jpg.rf.3QUwaskIpzMfU7x91xIe.jpg,datasets/hair_only/scalp_diseases/contact_dermatitis/contact_dermatitis_1086_jpg.rf.3QUwaskIpzMfU7x91xIe.jpg
https://raw.githubusercontent.com/Olamide7920/scalp_disease_project/main/datasets/hair_only/scalp_diseases/contact_dermatitis/contact_dermatitis_1087_jpg.rf.yUURxXzGeuipddHdwFdF.jpg,datasets/hair_only/scalp_diseases/contact_dermatitis/contact_dermatitis_1087_jpg.rf.yUURxXzGeuipddHdwFdF.jpg
https://raw.githubusercontent.com/Olamide7920/scalp_disease_project/main/datasets/hair_only/scalp_diseases/contact_dermatitis/contact_dermatitis_1088_jpg.rf.WpbLglGt25LpHFaqPoxq.jpg,datasets/hair_only/scalp_diseases/contact_dermatitis/contact_dermatitis_1088_jpg.rf.WpbLglGt25LpHFaqPoxq.jpg
https://raw.githubusercontent.com/Olamide7920/scalp_disease_project/main/datasets/hair_only/scalp_diseases/contact_dermatitis/contact_dermatitis_1089_jpg.rf.DvB5ciJBwKssxBQl0K8r.jpg,datasets/hair_only/scalp_diseases/contact_dermatitis/contact_dermatitis_1089_jpg.rf.DvB5ciJBwKssxBQl0K8r.jpg
https://raw.githubusercontent.com/Olamide7920/scalp_disease_project/main/datasets/hair_only/scalp_diseases/contact_dermatitis/contact_dermatitis_1090_jpg.rf.ttJ3d5oDAejap1T06Ei7.jpg,datasets/hair_only/scalp_diseases/contact_dermatitis/contact_dermatitis_1090_jpg.rf.ttJ3d5oDAejap1T06Ei7.jpg
https://raw.githubusercontent.com/Olamide7920/scalp_disease_project/main/datasets/hair_only/scalp_diseases/contact_dermatitis/contact_dermatitis_1091_jpg.rf.7A3QvLOCnROwYwpqOxD0.jpg,datasets/hair_only/scalp_diseases/contact_dermatitis/contact_dermatitis_1091_jpg.rf.7A3QvLOCnROwYwpqOxD0.jpg
https://raw.githubusercontent.com/Olamide7920/scalp_disease_project/main/datasets/hair_only/scalp_diseases/contact_dermatitis/contact_dermatitis_1092_jpg.rf.QigjHNuxsbHc04vdxSw6.jpg,datasets/hair_only/scalp_diseases/contact_dermatitis/contact_dermatitis_1092_jpg.rf.QigjHNuxsbHc04vdxSw6.jpg
https://raw.githubusercontent.com/Olamide7920/scalp_disease_project/main/datasets/hair_only/scalp_diseases/contact_dermatitis/contact_dermatitis_1093_jpg.rf.nqZaMmY5VakC0IJU6nlc.jpg,datasets/hair_only/scalp_diseases/contact_dermatitis/contact_dermatitis_1093_jpg.rf.nqZaMmY5VakC0IJU6nlc.jpg
https://raw.githubusercontent.com/Olamide7920/scalp_disease_project/main/datasets/hair_only/scalp_diseases/contact_dermatitis/contact_dermatitis_1094_jpg.rf.JKQHVcgrLe4zgQhHUEKT.jpg,datasets/hair_only/scalp_diseases/contact_dermatitis/contact_dermatitis_1094_jpg.rf.JKQHVcgrLe4zgQhHUEKT.jpg
https://raw.githubusercontent.com/Olamide7920/scalp_disease_project/main/datasets/hair_only/scalp_diseases/contact_dermatitis/contact_dermatitis_1095_jpg.rf.vBOEYOJV4DpJXl1xTpVG.jpg,datasets/hair_only/scalp_diseases/contact_dermatitis/contact_dermatitis_1095_jpg.rf.vBOEYOJV4DpJXl1xTpVG.jpg
https://raw.githubusercontent.com/Olamide7920/scalp_disease_project/main/datasets/hair_only/scalp_diseases/contact_dermatitis/contact_dermatitis_1096_jpg.rf.Tj1LcrgGWRO2lgcnDENS.jpg,datasets/hair_only/scalp_diseases/contact_dermatitis/contact_dermatitis_1096_jpg.rf.Tj1LcrgGWRO2lgcnDENS.jpg
https://raw.githubusercontent.com/Olamide7920/scalp_disease_project/main/datasets/hair_only/scalp_diseases/contact_dermatitis/contact_dermatitis_1097_jpg.rf.FCZ9R9dD5B2i4RfVe0E3.jpg,datasets/hair_only/scalp_diseases/contact_dermatitis/contact_dermatitis_1097_jpg.rf.FCZ9R9dD5B2i4RfVe0E3.jpg
https://raw.githubusercontent.com/Olamide7920/scalp_disease_project/main/datasets/hair_only/scalp_diseases/contact_dermatitis/contact_dermatitis_1098_jpg.rf.tD1VoPhvQ4ynGZhFka80.jpg,datasets/hair_only/scalp_diseases/contact_dermatitis/contact_dermatitis_1098_jpg.rf.tD1VoPhvQ4ynGZhFka80.jpg
https://raw.githubusercontent.com/Olamide7920/scalp_disease_project/main/datasets/hair_only/scalp_diseases/contact_dermatitis/contact_dermatitis_1099_jpg.rf.cyf2vg05PA8bum4hoyWf.jpg,datasets/hair_only/scalp_diseases/contact_dermatitis/contact_dermatitis_1099_jpg.rf.cyf2vg05PA8bum4hoyWf.jpg
https://raw.githubusercontent.com/Olamide7920/scalp_disease_project/main/datasets/hair_only/scalp_diseases/contact_dermatitis/contact_dermatitis_1100_jpg.rf.oJhYKIazgdBeP29h6dLY.jpg,datasets/hair_only/scalp_diseases/contact_dermatitis/contact_dermatitis_1100_jpg.rf.oJhYKIazgdBeP29h6dLY.jpg
https://raw.githubusercontent.com/Olamide7920/scalp_disease_project/main/datasets/hair_only/scalp_diseases/contact_dermatitis/contact_dermatitis_1101_jpg.rf.T605uMwE9RjTfGUqjAog.jpg,datasets/hair_only/scalp_diseases/contact_dermatitis/contact_dermatitis_1101_jpg.rf.T605uMwE9RjTfGUqjAog.jpg
https://raw.githubusercontent.com/Olamide7920/scalp_disease_project/main/datasets/hair_only/scalp_diseases/contact_dermatitis/contact_dermatitis_1102_jpg.rf.z92lzvxa1GllDf3Z6f22.jpg,datasets/hair_only/scalp_diseases/contact_dermatitis/contact_dermatitis_1102_jpg.rf.z92lzvxa1GllDf3Z6f22.jpg
https://raw.githubusercontent.com/Olamide7920/scalp_disease_project/main/datasets/hair_only/scalp_diseases/contact_dermatitis/contact_dermatitis_1103_jpg.rf.pZvOkWtfos2xzWgv0cC9.jpg,datasets/hair_only/scalp_diseases/contact_dermatitis/contact_dermatitis_1103_jpg.rf.pZvOkWtfos2xzWgv0cC9.jpg
https://raw.githubusercontent.com/Olamide7920/scalp_disease_project/main/datasets/hair_only/scalp_diseases/contact_dermatitis/contact_dermatitis_1104_jpg.rf.6RtQVbTYD0k1gxhIgpIP.jpg,datasets/hair_only/scalp_diseases/contact_dermatitis/contact_dermatitis_1104_jpg.rf.6RtQVbTYD0k1gxhIgpIP.jpg
https://raw.githubusercontent.com/Olamide7920/scalp_disease_project/main/datasets/hair_only/scalp_diseases/contact_dermatitis/contact_dermatitis_1105_jpg.rf.7zQsTwuliASI98NpVC45.jpg,datasets/hair_only/scalp_diseases/contact_dermatitis/contact_dermatitis_1105_jpg.rf.7zQsTwuliASI98NpVC45.jpg
https://raw.githubusercontent.com/Olamide7920/scalp_disease_project/main/datasets/hair_only/scalp_diseases/contact_dermatitis/contact_dermatitis_1106_jpg.rf.WmXr3KcBtW7e1TIXITVi.jpg,datasets/hair_only/scalp_diseases/contact_dermatitis/contact_dermatitis_1106_jpg.rf.WmXr3KcBtW7e1TIXITVi.jpg
https://raw.githubusercontent.com/Olamide7920/scalp_disease_project/main/datasets/hair_only/scalp_diseases/contact_dermatitis/contact_dermatitis_1107_jpg.rf.kbOHmQ4sTb4toVcqYixK.jpg,datasets/hair_only/scalp_diseases/contact_dermatitis/contact_dermatitis_1107_jpg.rf.kbOHmQ4sTb4toVcqYixK.jpg
https://raw.githubusercontent.com/Olamide7920/scalp_disease_project/main/datasets/hair_only/scalp_diseases/contact_dermatitis/contact_dermatitis_1108_jpg.rf.Z6sQOHfTu5XUlLDI9uu9.jpg,datasets/hair_only/scalp_diseases/contact_dermatitis/contact_dermatitis_1108_jpg.rf.Z6sQOHfTu5XUlLDI9uu9.jpg
https://raw.githubusercontent.com/Olamide7920/scalp_disease_project/main/datasets/hair_only/scalp_diseases/contact_dermatitis/contact_dermatitis_1109_jpg.rf.Aeuk9p3e0ACdZsKNG4uz.jpg,datasets/hair_only/scalp_diseases/contact_dermatitis/contact_dermatitis_1109_jpg.rf.Aeuk9p3e0ACdZsKNG4uz.jpg
https://raw.githubusercontent.com/Olamide7920/scalp_disease_project/main/datasets/hair_only/scalp_diseases/contact_dermatitis/contact_dermatitis_1110_jpg.rf.5KKv4I2Oxn7qYah2eu1U.jpg,datasets/hair_only/scalp_diseases/contact_dermatitis/contact_dermatitis_1110_jpg.rf.5KKv4I2Oxn7qYah2eu1U.jpg
https://raw.githubusercontent.com/Olamide7920/scalp_disease_project/main/datasets/hair_only/scalp_diseases/contact_dermatitis/contact_dermatitis_1111_jpg.rf.NcljhnvhrbPxcXcJ2A8I.jpg,datasets/hair_only/scalp_diseases/contact_dermatitis/contact_dermatitis_1111_jpg.rf.NcljhnvhrbPxcXcJ2A8I.jpg
https://raw.githubusercontent.com/Olamide7920/scalp_disease_project/main/datasets/hair_only/scalp_diseases/contact_dermatitis/contact_dermatitis_1112_jpg.rf.52IfZWujGX3BVuqAQGEX.jpg,datasets/hair_only/scalp_diseases/contact_dermatitis/contact_dermatitis_1112_jpg.rf.52IfZWujGX3BVuqAQGEX.jpg
https://raw.githubusercontent.com/Olamide7920/scalp_disease_project/main/datasets/hair_only/scalp_diseases/contact_dermatitis/contact_dermatitis_1113_jpg.rf.hoxtR72GzjoAgY8BVP9J.jpg,datasets/hair_only/scalp_diseases/contact_dermatitis/contact_dermatitis_1113_jpg.rf.hoxtR72GzjoAgY8BVP9J.jpg
https://raw.githubusercontent.com/Olamide7920/scalp_disease_project/main/datasets/hair_only/scalp_diseases/contact_dermatitis/contact_dermatitis_1114_jpg.rf.SRd9v30VuPKepOp3ux3y.jpg,datasets/hair_only/scalp_diseases/contact_dermatitis/contact_dermatitis_1114_jpg.rf.SRd9v30VuPKepOp3ux3y.jpg
https://raw.githubusercontent.com/Olamide7920/scalp_disease_project/main/datasets/hair_only/scalp_diseases/contact_dermatitis/contact_dermatitis_1115_jpg.rf.dWK6pxHEKSnUDfAadvF1.jpg,datasets/hair_only/scalp_diseases/contact_dermatitis/contact_dermatitis_1115_jpg.rf.dWK6pxHEKSnUDfAadvF1.jpg
https://raw.githubusercontent.com/Olamide7920/scalp_disease_project/main/datasets/hair_only/scalp_diseases/contact_dermatitis/contact_dermatitis_1116_jpg.rf.5YSM6b1DTqui2Z9ADqSo.jpg,datasets/hair_only/scalp_diseases/contact_dermatitis/contact_dermatitis_1116_jpg.rf.5YSM6b1DTqui2Z9ADqSo.jpg
https://raw.githubusercontent.com/Olamide7920/scalp_disease_project/main/datasets/hair_only/scalp_diseases/contact_dermatitis/contact_dermatitis_1117_jpg.rf.EYtwXveaj59t7ukOqUEv.jpg,datasets/hair_only/scalp_diseases/contact_dermatitis/contact_dermatitis_1117_jpg.rf.EYtwXveaj59t7ukOqUEv.jpg
https://raw.githubusercontent.com/Olamide7920/scalp_disease_project/main/datasets/hair_only/scalp_diseases/contact_dermatitis/contact_dermatitis_1118_jpg.rf.aYxgBSOsl6xkZRHVLsiz.jpg,datasets/hair_only/scalp_diseases/contact_dermatitis/contact_dermatitis_1118_jpg.rf.aYxgBSOsl6xkZRHVLsiz.jpg
https://raw.githubusercontent.com/Olamide7920/scalp_disease_project/main/datasets/hair_only/scalp_diseases/contact_dermatitis/contact_dermatitis_1119_jpg.rf.QoYsWkfisxOsq86EndMA.jpg,datasets/hair_only/scalp_diseases/contact_dermatitis/contact_dermatitis_1119_jpg.rf.QoYsWkfisxOsq86EndMA.jpg
https://raw.githubusercontent.com/Olamide7920/scalp_disease_project/main/datasets/hair_only/scalp_diseases/contact_dermatitis/contact_dermatitis_1120_jpg.rf.HSaPweaDHx78R4zjvczP.jpg,datasets/hair_only/scalp_diseases/contact_dermatitis/contact_dermatitis_1120_jpg.rf.HSaPweaDHx78R4zjvczP.jpg
https://raw.githubusercontent.com/Olamide7920/scalp_disease_project/main/datasets/hair_only/scalp_diseases/contact_dermatitis/contact_dermatitis_1121_jpg.rf.Bh7KDBdQacmd7ktCnxpH.jpg,datasets/hair_only/scalp_diseases/contact_dermatitis/contact_dermatitis_1121_jpg.rf.Bh7KDBdQacmd7ktCnxpH.jpg
https://raw.githubusercontent.com/Olamide7920/scalp_disease_project/main/datasets/hair_only/scalp_diseases/contact_dermatitis/contact_dermatitis_1122_jpg.rf.xrK5anE5M5PmD1znadCf.jpg,datasets/hair_only/scalp_diseases/contact_dermatitis/contact_dermatitis_1122_jpg.rf.xrK5anE5M5PmD1znadCf.jpg
https://raw.githubusercontent.com/Olamide7920/scalp_disease_project/main/datasets/hair_only/scalp_diseases/contact_dermatitis/contact_dermatitis_1123_jpg.rf.PsErWn8hli6siHkMCjsE.jpg,datasets/hair_only/scalp_diseases/contact_dermatitis/contact_dermatitis_1123_jpg.rf.PsErWn8hli6siHkMCjsE.jpg
https://raw.githubusercontent.com/Olamide7920/scalp_disease_project/main/datasets/hair_only/scalp_diseases/contact_dermatitis/contact_dermatitis_1124_jpg.rf.1lRObA0E1Hl6iuvor1ZG.jpg,datasets/hair_only/scalp_diseases/contact_dermatitis/contact_dermatitis_1124_jpg.rf.1lRObA0E1Hl6iuvor1ZG.jpg
https://raw.githubusercontent.com/Olamide7920/scalp_disease_project/main/datasets/hair_only/scalp_diseases/contact_dermatitis/contact_dermatitis_1125_jpg.rf.uR6U9vLI6QQfQJMo3HYa.jpg,datasets/hair_only/scalp_diseases/contact_dermatitis/contact_dermatitis_1125_jpg.rf.uR6U9vLI6QQfQJMo3HYa.jpg
https://raw.githubusercontent.com/Olamide7920/scalp_disease_project/main/datasets/hair_only/scalp_diseases/contact_dermatitis/contact_dermatitis_1126_jpg.rf.iQ0uOOTeDSKuY3ahsKFx.jpg,datasets/hair_only/scalp_diseases/contact_dermatitis/contact_dermatitis_1126_jpg.rf.iQ0uOOTeDSKuY3ahsKFx.jpg
https://raw.githubusercontent.com/Olamide7920/scalp_disease_project/main/datasets/hair_only/scalp_diseases/contact_dermatitis/contact_dermatitis_1127_jpg.rf.1nWFG3Qbjzfac3xJDaAQ.jpg,datasets/hair_only/scalp_diseases/contact_dermatitis/contact_dermatitis_1127_jpg.rf.1nWFG3Qbjzfac3xJDaAQ.jpg
https://raw.githubusercontent.com/Olamide7920/scalp_disease_project/main/datasets/hair_only/scalp_diseases/contact_dermatitis/contact_dermatitis_1128_jpg.rf.BEz8NWpr1mzIIzwNYb77.jpg,datasets/hair_only/scalp_diseases/contact_dermatitis/contact_dermatitis_1128_jpg.rf.BEz8NWpr1mzIIzwNYb77.jpg
https://raw.githubusercontent.com/Olamide7920/scalp_disease_project/main/datasets/hair_only/scalp_diseases/contact_dermatitis/contact_dermatitis_1129_jpg.rf.lTUXCUFcRJYcUCofM1bf.jpg,datasets/hair_only/scalp_diseases/contact_dermatitis/contact_dermatitis_1129_jpg.rf.lTUXCUFcRJYcUCofM1bf.jpg
https://raw.githubusercontent.com/Olamide7920/scalp_disease_project/main/datasets/hair_only/scalp_diseases/contact_dermatitis/contact_dermatitis_1130_jpg.rf.4IZXjPcMpsv524Odfcct.jpg,datasets/hair_only/scalp_diseases/contact_dermatitis/contact_dermatitis_1130_jpg.rf.4IZXjPcMpsv524Odfcct.jpg
https://raw.githubusercontent.com/Olamide7920/scalp_disease_project/main/datasets/hair_only/scalp_diseases/contact_dermatitis/contact_dermatitis_1131_jpg.rf.nzDyaFzi0R1Sd8KFxPMJ.jpg,datasets/hair_only/scalp_diseases/contact_dermatitis/contact_dermatitis_1131_jpg.rf.nzDyaFzi0R1Sd8KFxPMJ.jpg
https://raw.githubusercontent.com/Olamide7920/scalp_disease_project/main/datasets/hair_only/scalp_diseases/contact_dermatitis/contact_dermatitis_1132_jpg.rf.MbmScsdhAXgP1cUaFIrF.jpg,datasets/hair_only/scalp_diseases/contact_dermatitis/contact_dermatitis_1132_jpg.rf.MbmScsdhAXgP1cUaFIrF.jpg
https://raw.githubusercontent.com/Olamide7920/scalp_disease_project/main/datasets/hair_only/scalp_diseases/contact_dermatitis/contact_dermatitis_1133_jpg.rf.h6GTpk3TuMQotRrJs6lV.jpg,datasets/hair_only/scalp_diseases/contact_dermatitis/contact_dermatitis_1133_jpg.rf.h6GTpk3TuMQotRrJs6lV.jpg
https://raw.githubusercontent.com/Olamide7920/scalp_disease_project/main/datasets/hair_only/scalp_diseases/contact_dermatitis/contact_dermatitis_1134_jpg.rf.tLrhGKweTAzNEORuTuKN.jpg,datasets/hair_only/scalp_diseases/contact_dermatitis/contact_dermatitis_1134_jpg.rf.tLrhGKweTAzNEORuTuKN.jpg
https://raw.githubusercontent.com/Olamide7920/scalp_disease_project/main/datasets/hair_only/scalp_diseases/contact_dermatitis/contact_dermatitis_1135_jpg.rf.e3c5TB60MkpebjCj2vmJ.jpg,datasets/hair_only/scalp_diseases/contact_dermatitis/contact_dermatitis_1135_jpg.rf.e3c5TB60MkpebjCj2vmJ.jpg
https://raw.githubusercontent.com/Olamide7920/scalp_disease_project/main/datasets/hair_only/scalp_diseases/contact_dermatitis/contact_dermatitis_1136_jpg.rf.AlPT5vOO1X7akBTf50vH.jpg,datasets/hair_only/scalp_diseases/contact_dermatitis/contact_dermatitis_1136_jpg.rf.AlPT5vOO1X7akBTf50vH.jpg
https://raw.githubusercontent.com/Olamide7920/scalp_disease_project/main/datasets/hair_only/scalp_diseases/contact_dermatitis/contact_dermatitis_1137_jpg.rf.7iO2xFmjBU5UxgjbYMf5.jpg,datasets/hair_only/scalp_diseases/contact_dermatitis/contact_dermatitis_1137_jpg.rf.7iO2xFmjBU5UxgjbYMf5.jpg
https://raw.githubusercontent.com/Olamide7920/scalp_disease_project/main/datasets/hair_only/scalp_diseases/contact_dermatitis/contact_dermatitis_1138_jpg.rf.8kjc4sSsNDkBM65CfZrb.jpg,datasets/hair_only/scalp_diseases/contact_dermatitis/contact_dermatitis_1138_jpg.rf.8kjc4sSsNDkBM65CfZrb.jpg
https://raw.githubusercontent.com/Olamide7920/scalp_disease_project/main/datasets/hair_only/scalp_diseases/contact_dermatitis/contact_dermatitis_1139_jpg.rf.4BJub5qeNU3YLyypDylD.jpg,datasets/hair_only/scalp_diseases/contact_dermatitis/contact_dermatitis_1139_jpg.rf.4BJub5qeNU3YLyypDylD.jpg
https://raw.githubusercontent.com/Olamide7920/scalp_disease_project/main/datasets/hair_only/scalp_diseases/contact_dermatitis/contact_dermatitis_1140_jpg.rf.8AFiRPOFtX0H8emWmZ6g.jpg,datasets/hair_only/scalp_diseases/contact_dermatitis/contact_dermatitis_1140_jpg.rf.8AFiRPOFtX0H8emWmZ6g.jpg
https://raw.githubusercontent.com/Olamide7920/scalp_disease_project/main/datasets/hair_only/scalp_diseases/contact_dermatitis/contact_dermatitis_1141_jpg.rf.xfvKK9HSL5alPdhNAoZ5.jpg,datasets/hair_only/scalp_diseases/contact_dermatitis/contact_dermatitis_1141_jpg.rf.xfvKK9HSL5alPdhNAoZ5.jpg
https://raw.githubusercontent.com/Olamide7920/scalp_disease_project/main/datasets/hair_only/scalp_diseases/contact_dermatitis/contact_dermatitis_1142_jpg.rf.B4kUyEiTNSDDCjpXBeWH.jpg,datasets/hair_only/scalp_diseases/contact_dermatitis/contact_dermatitis_1142_jpg.rf.B4kUyEiTNSDDCjpXBeWH.jpg
https://raw.githubusercontent.com/Olamide7920/scalp_disease_project/main/datasets/hair_only/scalp_diseases/contact_dermatitis/contact_dermatitis_1143_jpg.rf.cr83beZdugZn6bUMnwu0.jpg,datasets/hair_only/scalp_diseases/contact_dermatitis/contact_dermatitis_1143_jpg.rf.cr83beZdugZn6bUMnwu0.jpg
https://raw.githubusercontent.com/Olamide7920/scalp_disease_project/main/datasets/hair_only/scalp_diseases/contact_dermatitis/contact_dermatitis_1144_jpg.rf.AqoRovAusMVQZQKHXFKl.jpg,datasets/hair_only/scalp_diseases/contact_dermatitis/contact_dermatitis_1144_jpg.rf.AqoRovAusMVQZQKHXFKl.jpg
https://raw.githubusercontent.com/Olamide7920/scalp_disease_project/main/datasets/hair_only/scalp_diseases/contact_dermatitis/contact_dermatitis_1145_jpg.rf.qpuaq4BNMRllTnEMK0Mq.jpg,datasets/hair_only/scalp_diseases/contact_dermatitis/contact_dermatitis_1145_jpg.rf.qpuaq4BNMRllTnEMK0Mq.jpg
https://raw.githubusercontent.com/Olamide7920/scalp_disease_project/main/datasets/hair_only/scalp_diseases/contact_dermatitis/contact_dermatitis_1146_jpg.rf.Utm3fzyL5iGKhUrpqeTh.jpg,datasets/hair_only/scalp_diseases/contact_dermatitis/contact_dermatitis_1146_jpg.rf.Utm3fzyL5iGKhUrpqeTh.jpg
https://raw.githubusercontent.com/Olamide7920/scalp_disease_project/main/datasets/hair_only/scalp_diseases/contact_dermatitis/contact_dermatitis_1147_jpg.rf.q2YjTfjnrmmSlGsD799C.jpg,datasets/hair_only/scalp_diseases/contact_dermatitis/contact_dermatitis_1147_jpg.rf.q2YjTfjnrmmSlGsD799C.jpg
https://raw.githubusercontent.com/Olamide7920/scalp_disease_project/main/datasets/hair_only/scalp_diseases/contact_dermatitis/contact_dermatitis_1148_jpg.rf.FCgJQ4l2We6kHFv6aY7Z.jpg,datasets/hair_only/scalp_diseases/contact_dermatitis/contact_dermatitis_1148_jpg.rf.FCgJQ4l2We6kHFv6aY7Z.jpg
https://raw.githubusercontent.com/Olamide7920/scalp_disease_project/main/datasets/hair_only/scalp_diseases/contact_dermatitis/contact_dermatitis_1149_jpg.rf.4WcGkPG2d7KLmZ4inFSL.jpg,datasets/hair_only/scalp_diseases/contact_dermatitis/contact_dermatitis_1149_jpg.rf.4WcGkPG2d7KLmZ4inFSL.jpg
https://raw.githubusercontent.com/Olamide7920/scalp_disease_project/main/datasets/hair_only/scalp_diseases/contact_dermatitis/contact_dermatitis_1150_jpg.rf.HgjmFTgJs3d28NXTQeps.jpg,datasets/hair_only/scalp_diseases/contact_dermatitis/contact_dermatitis_1150_jpg.rf.HgjmFTgJs3d28NXTQeps.jpg
https://raw.githubusercontent.com/Olamide7920/scalp_disease_project/main/datasets/hair_only/scalp_diseases/contact_dermatitis/contact_dermatitis_1151_jpg.rf.IA3PUnPj1uep8zh1uD0I.jpg,datasets/hair_only/scalp_diseases/contact_dermatitis/contact_dermatitis_1151_jpg.rf.IA3PUnPj1uep8zh1uD0I.jpg
https://raw.githubusercontent.com/Olamide7920/scalp_disease_project/main/datasets/hair_only/scalp_diseases/contact_dermatitis/contact_dermatitis_1152_jpg.rf.Dp0gIt3kBrWB9qcJVfNH.jpg,datasets/hair_only/scalp_diseases/contact_dermatitis/contact_dermatitis_1152_jpg.rf.Dp0gIt3kBrWB9qcJVfNH.jpg
https://raw.githubusercontent.com/Olamide7920/scalp_disease_project/main/datasets/hair_only/scalp_diseases/contact_dermatitis/contact_dermatitis_1153_jpg.rf.M1qvS6XcfeTTMllndBSd.jpg,datasets/hair_only/scalp_diseases/contact_dermatitis/contact_dermatitis_1153_jpg.rf.M1qvS6XcfeTTMllndBSd.jpg
https://raw.githubusercontent.com/Olamide7920/scalp_disease_project/main/datasets/hair_only/scalp_diseases/contact_dermatitis/contact_dermatitis_1154_jpg.rf.mMmC1GBuLtxvFbeet2hA.jpg,datasets/hair_only/scalp_diseases/contact_dermatitis/contact_dermatitis_1154_jpg.rf.mMmC1GBuLtxvFbeet2hA.jpg
https://raw.githubusercontent.com/Olamide7920/scalp_disease_project/main/datasets/hair_only/scalp_diseases/contact_dermatitis/contact_dermatitis_1155_jpg.rf.h5l10OlWAr3vem8TUkj0.jpg,datasets/hair_only/scalp_diseases/contact_dermatitis/contact_dermatitis_1155_jpg.rf.h5l10OlWAr3vem8TUkj0.jpg
https://raw.githubusercontent.com/Olamide7920/scalp_disease_project/main/datasets/hair_only/scalp_diseases/contact_dermatitis/contact_dermatitis_1156_jpg.rf.e5D2Wckm3KxWjFcK3120.jpg,datasets/hair_only/scalp_diseases/contact_dermatitis/contact_dermatitis_1156_jpg.rf.e5D2Wckm3KxWjFcK3120.jpg
https://raw.githubusercontent.com/Olamide7920/scalp_disease_project/main/datasets/hair_only/scalp_diseases/contact_dermatitis/contact_dermatitis_1157_jpg.rf.vxSP3dB7GghvkbGtpRFe.jpg,datasets/hair_only/scalp_diseases/contact_dermatitis/contact_dermatitis_1157_jpg.rf.vxSP3dB7GghvkbGtpRFe.jpg
https://raw.githubusercontent.com/Olamide7920/scalp_disease_project/main/datasets/hair_only/scalp_diseases/contact_dermatitis/contact_dermatitis_1158_jpg.rf.PsblrmJWpBQd9uNqazQo.jpg,datasets/hair_only/scalp_diseases/contact_dermatitis/contact_dermatitis_1158_jpg.rf.PsblrmJWpBQd9uNqazQo.jpg
https://raw.githubusercontent.com/Olamide7920/scalp_disease_project/main/datasets/hair_only/scalp_diseases/contact_dermatitis/contact_dermatitis_1159_jpg.rf.v6k9yQyQ5G0m6YLhmt2N.jpg,datasets/hair_only/scalp_diseases/contact_dermatitis/contact_dermatitis_1159_jpg.rf.v6k9yQyQ5G0m6YLhmt2N.jpg
https://raw.githubusercontent.com/Olamide7920/scalp_disease_project/main/datasets/hair_only/scalp_diseases/contact_dermatitis/contact_dermatitis_1160_jpg.rf.K6No4QmarfV39MwF2FkX.jpg,datasets/hair_only/scalp_diseases/contact_dermatitis/contact_dermatitis_1160_jpg.rf.K6No4QmarfV39MwF2FkX.jpg
https://raw.githubusercontent.com/Olamide7920/scalp_disease_project/main/datasets/hair_only/scalp_diseases/contact_dermatitis/contact_dermatitis_1161_jpg.rf.zrpRbjuhTPp1sS9Xt2aB.jpg,datasets/hair_only/scalp_diseases/contact_dermatitis/contact_dermatitis_1161_jpg.rf.zrpRbjuhTPp1sS9Xt2aB.jpg
https://raw.githubusercontent.com/Olamide7920/scalp_disease_project/main/datasets/hair_only/scalp_diseases/contact_dermatitis/contact_dermatitis_1162_jpg.rf.WuQ5YhZVg0UrAks0bEqd.jpg,datasets/hair_only/scalp_diseases/contact_dermatitis/contact_dermatitis_1162_jpg.rf.WuQ5YhZVg0UrAks0bEqd.jpg
https://raw.githubusercontent.com/Olamide7920/scalp_disease_project/main/datasets/hair_only/scalp_diseases/contact_dermatitis/contact_dermatitis_1163_jpg.rf.PuhhsYke8Etl3Y8cdnJL.jpg,datasets/hair_only/scalp_diseases/contact_dermatitis/contact_dermatitis_1163_jpg.rf.PuhhsYke8Etl3Y8cdnJL.jpg
https://raw.githubusercontent.com/Olamide7920/scalp_disease_project/main/datasets/hair_only/scalp_diseases/contact_dermatitis/contact_dermatitis_1164_jpg.rf.2qOD3imb6cTJr3fXWPZL.jpg,datasets/hair_only/scalp_diseases/contact_dermatitis/contact_dermatitis_1164_jpg.rf.2qOD3imb6cTJr3fXWPZL.jpg
https://raw.githubusercontent.com/Olamide7920/scalp_disease_project/main/datasets/hair_only/scalp_diseases/contact_dermatitis/contact_dermatitis_1165_jpg.rf.A8SCRSNdkZAytVtIXb5c.jpg,datasets/hair_only/scalp_diseases/contact_dermatitis/contact_dermatitis_1165_jpg.rf.A8SCRSNdkZAytVtIXb5c.jpg
https://raw.githubusercontent.com/Olamide7920/scalp_disease_project/main/datasets/hair_only/scalp_diseases/contact_dermatitis/contact_dermatitis_1166_jpg.rf.nwQ72QqsIpQfIoVE718b.jpg,datasets/hair_only/scalp_diseases/contact_dermatitis/contact_dermatitis_1166_jpg.rf.nwQ72QqsIpQfIoVE718b.jpg
https://raw.githubusercontent.com/Olamide7920/scalp_disease_project/main/datasets/hair_only/scalp_diseases/contact_dermatitis/contact_dermatitis_1167_jpg.rf.imnYsMYtrMCcZJTZmuC7.jpg,datasets/hair_only/scalp_diseases/contact_dermatitis/contact_dermatitis_1167_jpg.rf.imnYsMYtrMCcZJTZmuC7.jpg
https://raw.githubusercontent.com/Olamide7920/scalp_disease_project/main/datasets/hair_only/scalp_diseases/contact_dermatitis/contact_dermatitis_1168_jpg.rf.artlzKMopaiAdDkNTECr.jpg,datasets/hair_only/scalp_diseases/contact_dermatitis/contact_dermatitis_1168_jpg.rf.artlzKMopaiAdDkNTECr.jpg
https://raw.githubusercontent.com/Olamide7920/scalp_disease_project/main/datasets/hair_only/scalp_diseases/contact_dermatitis/contact_dermatitis_1169_jpg.rf.lVFsdCA1csD7zBFtS1ld.jpg,datasets/hair_only/scalp_diseases/contact_dermatitis/contact_dermatitis_1169_jpg.rf.lVFsdCA1csD7zBFtS1ld.jpg
https://raw.githubusercontent.com/Olamide7920/scalp_disease_project/main/datasets/hair_only/scalp_diseases/contact_dermatitis/contact_dermatitis_1170_jpg.rf.u7jnfo9eccY2t3DvLbeR.jpg,datasets/hair_only/scalp_diseases/contact_dermatitis/contact_dermatitis_1170_jpg.rf.u7jnfo9eccY2t3DvLbeR.jpg
https://raw.githubusercontent.com/Olamide7920/scalp_disease_project/main/datasets/hair_only/scalp_diseases/contact_dermatitis/contact_dermatitis_1171_jpg.rf.h2jvlKAHae7tLZLw02mF.jpg,datasets/hair_only/scalp_diseases/contact_dermatitis/contact_dermatitis_1171_jpg.rf.h2jvlKAHae7tLZLw02mF.jpg
https://raw.githubusercontent.com/Olamide7920/scalp_disease_project/main/datasets/hair_only/scalp_diseases/contact_dermatitis/contact_dermatitis_1172_jpg.rf.Jr4IBY03CiIZlM21nDE0.jpg,datasets/hair_only/scalp_diseases/contact_dermatitis/contact_dermatitis_1172_jpg.rf.Jr4IBY03CiIZlM21nDE0.jpg
https://raw.githubusercontent.com/Olamide7920/scalp_disease_project/main/datasets/hair_only/scalp_diseases/contact_dermatitis/contact_dermatitis_1173_jpg.rf.rChwfuZ646j1fX1Ereyv.jpg,datasets/hair_only/scalp_diseases/contact_dermatitis/contact_dermatitis_1173_jpg.rf.rChwfuZ646j1fX1Ereyv.jpg
https://raw.githubusercontent.com/Olamide7920/scalp_disease_project/main/datasets/hair_only/scalp_diseases/contact_dermatitis/contact_dermatitis_1174_jpg.rf.vnPnGIJHcfnSf7XJrqLH.jpg,datasets/hair_only/scalp_diseases/contact_dermatitis/contact_dermatitis_1174_jpg.rf.vnPnGIJHcfnSf7XJrqLH.jpg
https://raw.githubusercontent.com/Olamide7920/scalp_disease_project/main/datasets/hair_only/scalp_diseases/contact_dermatitis/contact_dermatitis_1175_jpg.rf.TDAWCaR4U7KR9JADvXRo.jpg,datasets/hair_only/scalp_diseases/contact_dermatitis/contact_dermatitis_1175_jpg.rf.TDAWCaR4U7KR9JADvXRo.jpg
https://raw.githubusercontent.com/Olamide7920/scalp_disease_project/main/datasets/hair_only/scalp_diseases/contact_dermatitis/contact_dermatitis_1176_jpg.rf.IT4bxT6aeAfOK0HMn3vU.jpg,datasets/hair_only/scalp_diseases/contact_dermatitis/contact_dermatitis_1176_jpg.rf.IT4bxT6aeAfOK0HMn3vU.jpg
https://raw.githubusercontent.com/Olamide7920/scalp_disease_project/main/datasets/hair_only/scalp_diseases/contact_dermatitis/contact_dermatitis_1177_jpg.rf.e6x82f5t8hwVRKWTKmEj.jpg,datasets/hair_only/scalp_diseases/contact_dermatitis/contact_dermatitis_1177_jpg.rf.e6x82f5t8hwVRKWTKmEj.jpg
https://raw.githubusercontent.com/Olamide7920/scalp_disease_project/main/datasets/hair_only/scalp_diseases/contact_dermatitis/contact_dermatitis_1178_jpg.rf.cmxL8avYt6dkUqv4e6Zy.jpg,datasets/hair_only/scalp_diseases/contact_dermatitis/contact_dermatitis_1178_jpg.rf.cmxL8avYt6dkUqv4e6Zy.jpg
https://raw.githubusercontent.com/Olamide7920/scalp_disease_project/main/datasets/hair_only/scalp_diseases/contact_dermatitis/contact_dermatitis_1179_jpg.rf.Qz4BOFi2iYtw42Vp0lIC.jpg,datasets/hair_only/scalp_diseases/contact_dermatitis/contact_dermatitis_1179_jpg.rf.Qz4BOFi2iYtw42Vp0lIC.jpg
https://raw.githubusercontent.com/Olamide7920/scalp_disease_project/main/datasets/hair_only/scalp_diseases/contact_dermatitis/contact_dermatitis_1180_jpg.rf.37bhlX9vft36eEuBmLHO.jpg,datasets/hair_only/scalp_diseases/contact_dermatitis/contact_dermatitis_1180_jpg.rf.37bhlX9vft36eEuBmLHO.jpg
https://raw.githubusercontent.com/Olamide7920/scalp_disease_project/main/datasets/hair_only/scalp_diseases/contact_dermatitis/contact_dermatitis_1181_jpg.rf.JFyYK9PrQdeJvvgiFGHT.jpg,datasets/hair_only/scalp_diseases/contact_dermatitis/contact_dermatitis_1181_jpg.rf.JFyYK9PrQdeJvvgiFGHT.jpg
https://raw.githubusercontent.com/Olamide7920/scalp_disease_project/main/datasets/hair_only/scalp_diseases/contact_dermatitis/contact_dermatitis_1182_jpg.rf.9SuaQVT3lsdRmpmI7y6t.jpg,datasets/hair_only/scalp_diseases/contact_dermatitis/contact_dermatitis_1182_jpg.rf.9SuaQVT3lsdRmpmI7y6t.jpg
https://raw.githubusercontent.com/Olamide7920/scalp_disease_project/main/datasets/hair_only/scalp_diseases/contact_dermatitis/contact_dermatitis_1183_jpg.rf.JtlfrxTBqYoi6HzKRNMv.jpg,datasets/hair_only/scalp_diseases/contact_dermatitis/contact_dermatitis_1183_jpg.rf.JtlfrxTBqYoi6HzKRNMv.jpg
https://raw.githubusercontent.com/Olamide7920/scalp_disease_project/main/datasets/hair_only/scalp_diseases/contact_dermatitis/contact_dermatitis_1184_jpg.rf.8YMbr0vEa6yOdoYWbPwd.jpg,datasets/hair_only/scalp_diseases/contact_dermatitis/contact_dermatitis_1184_jpg.rf.8YMbr0vEa6yOdoYWbPwd.jpg
https://raw.githubusercontent.com/Olamide7920/scalp_disease_project/main/datasets/hair_only/scalp_diseases/contact_dermatitis/contact_dermatitis_1185_jpg.rf.td7WGo8M4rE2vrpM6isP.jpg,datasets/hair_only/scalp_diseases/contact_dermatitis/contact_dermatitis_1185_jpg.rf.td7WGo8M4rE2vrpM6isP.jpg
https://raw.githubusercontent.com/Olamide7920/scalp_disease_project/main/datasets/hair_only/scalp_diseases/contact_dermatitis/contact_dermatitis_1186_jpg.rf.PwCrEjh0I8RBPSnVmdBM.jpg,datasets/hair_only/scalp_diseases/contact_dermatitis/contact_dermatitis_1186_jpg.rf.PwCrEjh0I8RBPSnVmdBM.jpg
https://raw.githubusercontent.com/Olamide7920/scalp_disease_project/main/datasets/hair_only/scalp_diseases/contact_dermatitis/contact_dermatitis_1187_jpg.rf.DuaTipC7rjxh403143uh.jpg,datasets/hair_only/scalp_diseases/contact_dermatitis/contact_dermatitis_1187_jpg.rf.DuaTipC7rjxh403143uh.jpg
https://raw.githubusercontent.com/Olamide7920/scalp_disease_project/main/datasets/hair_only/scalp_diseases/contact_dermatitis/contact_dermatitis_1188_jpg.rf.CD1BX43gHW0Q2Y77xOmV.jpg,datasets/hair_only/scalp_diseases/contact_dermatitis/contact_dermatitis_1188_jpg.rf.CD1BX43gHW0Q2Y77xOmV.jpg
https://raw.githubusercontent.com/Olamide7920/scalp_disease_project/main/datasets/hair_only/scalp_diseases/contact_dermatitis/contact_dermatitis_1189_jpg.rf.Z6BS7I3KRPM1Fz28epuJ.jpg,datasets/hair_only/scalp_diseases/contact_dermatitis/contact_dermatitis_1189_jpg.rf.Z6BS7I3KRPM1Fz28epuJ.jpg
https://raw.githubusercontent.com/Olamide7920/scalp_disease_project/main/datasets/hair_only/scalp_diseases/contact_dermatitis/contact_dermatitis_1190_jpg.rf.Iv5seXDCwWGmkVd6PUtp.jpg,datasets/hair_only/scalp_diseases/contact_dermatitis/contact_dermatitis_1190_jpg.rf.Iv5seXDCwWGmkVd6PUtp.jpg
https://raw.githubusercontent.com/Olamide7920/scalp_disease_project/main/datasets/hair_only/scalp_diseases/contact_dermatitis/contact_dermatitis_1191_jpg.rf.Bm0I2m0HJT9KkqwTqNkx.jpg,datasets/hair_only/scalp_diseases/contact_dermatitis/contact_dermatitis_1191_jpg.rf.Bm0I2m0HJT9KkqwTqNkx.jpg
https://raw.githubusercontent.com/Olamide7920/scalp_disease_project/main/datasets/hair_only/scalp_diseases/contact_dermatitis/contact_dermatitis_1192_jpg.rf.Wlq2SZ1Jvi8KlyLacM1x.jpg,datasets/hair_only/scalp_diseases/contact_dermatitis/contact_dermatitis_1192_jpg.rf.Wlq2SZ1Jvi8KlyLacM1x.jpg
https://raw.githubusercontent.com/Olamide7920/scalp_disease_project/main/datasets/hair_only/scalp_diseases/contact_dermatitis/contact_dermatitis_1193_jpg.rf.A8UQUAi16p7i4mvat5Lg.jpg,datasets/hair_only/scalp_diseases/contact_dermatitis/contact_dermatitis_1193_jpg.rf.A8UQUAi16p7i4mvat5Lg.jpg
https://raw.githubusercontent.com/Olamide7920/scalp_disease_project/main/datasets/hair_only/scalp_diseases/contact_dermatitis/contact_dermatitis_1194_jpg.rf.6utbo5vEIe2ObyYLzv82.jpg,datasets/hair_only/scalp_diseases/contact_dermatitis/contact_dermatitis_1194_jpg.rf.6utbo5vEIe2ObyYLzv82.jpg
https://raw.githubusercontent.com/Olamide7920/scalp_disease_project/main/datasets/hair_only/scalp_diseases/contact_dermatitis/contact_dermatitis_1195_jpg.rf.AqPwuEU5RI1aXWeUpUx6.jpg,datasets/hair_only/scalp_diseases/contact_dermatitis/contact_dermatitis_1195_jpg.rf.AqPwuEU5RI1aXWeUpUx6.jpg
https://raw.githubusercontent.com/Olamide7920/scalp_disease_project/main/datasets/hair_only/scalp_diseases/contact_dermatitis/contact_dermatitis_1196_jpg.rf.rtS6vCIlUGBDoVIyrWwE.jpg,datasets/hair_only/scalp_diseases/contact_dermatitis/contact_dermatitis_1196_jpg.rf.rtS6vCIlUGBDoVIyrWwE.jpg
https://raw.githubusercontent.com/Olamide7920/scalp_disease_project/main/datasets/hair_only/scalp_diseases/contact_dermatitis/contact_dermatitis_1197_jpg.rf.VGFjTSQI0oOXV57purNe.jpg,datasets/hair_only/scalp_diseases/contact_dermatitis/contact_dermatitis_1197_jpg.rf.VGFjTSQI0oOXV57purNe.jpg
https://raw.githubusercontent.com/Olamide7920/scalp_disease_project/main/datasets/hair_only/scalp_diseases/contact_dermatitis/contact_dermatitis_1198_jpg.rf.2hRDcCF1t7BemburFFRl.jpg,datasets/hair_only/scalp_diseases/contact_dermatitis/contact_dermatitis_1198_jpg.rf.2hRDcCF1t7BemburFFRl.jpg
https://raw.githubusercontent.com/Olamide7920/scalp_disease_project/main/datasets/hair_only/scalp_diseases/contact_dermatitis/contact_dermatitis_1199_jpg.rf.EKF4peJQU0thlk9nZH23.jpg,datasets/hair_only/scalp_diseases/contact_dermatitis/contact_dermatitis_1199_jpg.rf.EKF4peJQU0thlk9nZH23.jpg
https://raw.githubusercontent.com/Olamide7920/scalp_disease_project/main/datasets/hair_only/scalp_diseases/contact_dermatitis/contact_dermatitis_1200_jpg.rf.dk3mFRNjVslT7fElYI6M.jpg,datasets/hair_only/scalp_diseases/contact_dermatitis/contact_dermatitis_1200_jpg.rf.dk3mFRNjVslT7fElYI6M.jpg
https://raw.githubusercontent.com/Olamide7920/scalp_disease_project/main/datasets/hair_only/scalp_diseases/discoid-lupus/discoid-lupus-1.jpg,datasets/hair_only/scalp_diseases/discoid-lupus/discoid-lupus-1.jpg
https://raw.githubusercontent.com/Olamide7920/scalp_disease_project/main/datasets/hair_only/scalp_diseases/discoid-lupus/discoid-lupus-2.jpg,datasets/hair_only/scalp_diseases/discoid-lupus/discoid-lupus-2.jpg
https://raw.githubusercontent.com/Olamide7920/scalp_disease_project/main/datasets/hair_only/scalp_diseases/dissecting-cellulitis/dissecting-cellulitis-1.jpg,datasets/hair_only/scalp_diseases/dissecting-cellulitis/dissecting-cellulitis-1.jpg
https://raw.githubusercontent.com/Olamide7920/scalp_disease_project/main/datasets/hair_only/scalp_diseases/dissecting-cellulitis/dissecting-cellulitis-10.jpg,datasets/hair_only/scalp_diseases/dissecting-cellulitis/dissecting-cellulitis-10.jpg
https://raw.githubusercontent.com/Olamide7920/scalp_disease_project/main/datasets/hair_only/scalp_diseases/dissecting-cellulitis/dissecting-cellulitis-11.jpg,datasets/hair_only/scalp_diseases/dissecting-cellulitis/dissecting-cellulitis-11.jpg
https://raw.githubusercontent.com/Olamide7920/scalp_disease_project/main/datasets/hair_only/scalp_diseases/dissecting-cellulitis/dissecting-cellulitis-12.jpg,datasets/hair_only/scalp_diseases/dissecting-cellulitis/dissecting-cellulitis-12.jpg
https://raw.githubusercontent.com/Olamide7920/scalp_disease_project/main/datasets/hair_only/scalp_diseases/dissecting-cellulitis/dissecting-cellulitis-13.jpg,datasets/hair_only/scalp_diseases/dissecting-cellulitis/dissecting-cellulitis-13.jpg
https://raw.githubusercontent.com/Olamide7920/scalp_disease_project/main/datasets/hair_only/scalp_diseases/dissecting-cellulitis/dissecting-cellulitis-2.jpg,datasets/hair_only/scalp_diseases/dissecting-cellulitis/dissecting-cellulitis-2.jpg
https://raw.githubusercontent.com/Olamide7920/scalp_disease_project/main/datasets/hair_only/scalp_diseases/dissecting-cellulitis/dissecting-cellulitis-3.jpg,datasets/hair_only/scalp_diseases/dissecting-cellulitis/dissecting-cellulitis-3.jpg
https://raw.githubusercontent.com/Olamide7920/scalp_disease_project/main/datasets/hair_only/scalp_diseases/dissecting-cellulitis/dissecting-cellulitis-4.jpg,datasets/hair_only/scalp_diseases/dissecting-cellulitis/dissecting-cellulitis-4.jpg
https://raw.githubusercontent.com/Olamide7920/scalp_disease_project/main/datasets/hair_only/scalp_diseases/dissecting-cellulitis/dissecting-cellulitis-5.jpg,datasets/hair_only/scalp_diseases/dissecting-cellulitis/dissecting-cellulitis-5.jpg
https://raw.githubusercontent.com/Olamide7920/scalp_disease_project/main/datasets/hair_only/scalp_diseases/dissecting-cellulitis/dissecting-cellulitis-6.jpg,datasets/hair_only/scalp_diseases/dissecting-cellulitis/dissecting-cellulitis-6.jpg
https://raw.githubusercontent.com/Olamide7920/scalp_disease_project/main/datasets/hair_only/scalp_diseases/dissecting-cellulitis/dissecting-cellulitis-7.jpg,datasets/hair_only/scalp_diseases/dissecting-cellulitis/dissecting-cellulitis-7.jpg
https://raw.githubusercontent.com/Olamide7920/scalp_disease_project/main/datasets/hair_only/scalp_diseases/dissecting-cellulitis/dissecting-cellulitis-8.jpg,datasets/hair_only/scalp_diseases/dissecting-cellulitis/dissecting-cellulitis-8.jpg
https://raw.githubusercontent.com/Olamide7920/scalp_disease_project/main/datasets/hair_only/scalp_diseases/dissecting-cellulitis/dissecting-cellulitis-9.jpg,datasets/hair_only/scalp_diseases/dissecting-cellulitis/dissecting-cellulitis-9.jpg
https://raw.githubusercontent.com/Olamide7920/scalp_disease_project/main/datasets/hair_only/scalp_diseases/folliculitis-decalvans/folliculitis-decalvans-1.jpg,datasets/hair_only/scalp_diseases/folliculitis-decalvans/folliculitis-decalvans-1.jpg
https://raw.githubusercontent.com/Olamide7920/scalp_disease_project/main/datasets/hair_only/scalp_diseases/folliculitis-decalvans/folliculitis-decalvans-10.jpg,datasets/hair_only/scalp_diseases/folliculitis-decalvans/folliculitis-decalvans-10.jpg
https://raw.githubusercontent.com/Olamide7920/scalp_disease_project/main/datasets/hair_only/scalp_diseases/folliculitis-decalvans/folliculitis-decalvans-11.jpg,datasets/hair_only/scalp_diseases/folliculitis-decalvans/folliculitis-decalvans-11.jpg
https://raw.githubusercontent.com/Olamide7920/scalp_disease_project/main/datasets/hair_only/scalp_diseases/folliculitis-decalvans/folliculitis-decalvans-12.jpg,datasets/hair_only/scalp_diseases/folliculitis-decalvans/folliculitis-decalvans-12.jpg
https://raw.githubusercontent.com/Olamide7920/scalp_disease_project/main/datasets/hair_only/scalp_diseases/folliculitis-decalvans/folliculitis-decalvans-13.jpg,datasets/hair_only/scalp_diseases/folliculitis-decalvans/folliculitis-decalvans-13.jpg
https://raw.githubusercontent.com/Olamide7920/scalp_disease_project/main/datasets/hair_only/scalp_diseases/folliculitis-decalvans/folliculitis-decalvans-14.jpg,datasets/hair_only/scalp_diseases/folliculitis-decalvans/folliculitis-decalvans-14.jpg
https://raw.githubusercontent.com/Olamide7920/scalp_disease_project/main/datasets/hair_only/scalp_diseases/folliculitis-decalvans/folliculitis-decalvans-15.jpg,datasets/hair_only/scalp_diseases/folliculitis-decalvans/folliculitis-decalvans-15.jpg
https://raw.githubusercontent.com/Olamide7920/scalp_disease_project/main/datasets/hair_only/scalp_diseases/folliculitis-decalvans/folliculitis-decalvans-2.jpg,datasets/hair_only/scalp_diseases/folliculitis-decalvans/folliculitis-decalvans-2.jpg
https://raw.githubusercontent.com/Olamide7920/scalp_disease_project/main/datasets/hair_only/scalp_diseases/folliculitis-decalvans/folliculitis-decalvans-3.jpg,datasets/hair_only/scalp_diseases/folliculitis-decalvans/folliculitis-decalvans-3.jpg
https://raw.githubusercontent.com/Olamide7920/scalp_disease_project/main/datasets/hair_only/scalp_diseases/folliculitis-decalvans/folliculitis-decalvans-4.jpg,datasets/hair_only/scalp_diseases/folliculitis-decalvans/folliculitis-decalvans-4.jpg
https://raw.githubusercontent.com/Olamide7920/scalp_disease_project/main/datasets/hair_only/scalp_diseases/folliculitis-decalvans/folliculitis-decalvans-5.jpg,datasets/hair_only/scalp_diseases/folliculitis-decalvans/folliculitis-decalvans-5.jpg
https://raw.githubusercontent.com/Olamide7920/scalp_disease_project/main/datasets/hair_only/scalp_diseases/folliculitis-decalvans/folliculitis-decalvans-6.jpg,datasets/hair_only/scalp_diseases/folliculitis-decalvans/folliculitis-decalvans-6.jpg
https://raw.githubusercontent.com/Olamide7920/scalp_disease_project/main/datasets/hair_only/scalp_diseases/folliculitis-decalvans/folliculitis-decalvans-7.jpg,datasets/hair_only/scalp_diseases/folliculitis-decalvans/folliculitis-decalvans-7.jpg
https://raw.githubusercontent.com/Olamide7920/scalp_disease_project/main/datasets/hair_only/scalp_diseases/folliculitis-decalvans/folliculitis-decalvans-8.jpg,datasets/hair_only/scalp_diseases/folliculitis-decalvans/folliculitis-decalvans-8.jpg
https://raw.githubusercontent.com/Olamide7920/scalp_disease_project/main/datasets/hair_only/scalp_diseases/folliculitis-decalvans/folliculitis-decalvans-9.jpg,datasets/hair_only/scalp_diseases/folliculitis-decalvans/folliculitis-decalvans-9.jpg
https://raw.githubusercontent.com/Olamide7920/scalp_disease_project/main/datasets/hair_only/scalp_diseases/hirsutism/hirsutism-2.jpg,datasets/hair_only/scalp_diseases/hirsutism/hirsutism-2.jpg
https://raw.githubusercontent.com/Olamide7920/scalp_disease_project/main/datasets/hair_only/scalp_diseases/hirsutism/hirsutism-3.jpg,datasets/hair_only/scalp_diseases/hirsutism/hirsutism-3.jpg
https://raw.githubusercontent.com/Olamide7920/scalp_disease_project/main/datasets/hair_only/scalp_diseases/hirsutism/hirsutism-4.jpg,datasets/hair_only/scalp_diseases/hirsutism/hirsutism-4.jpg
https://raw.githubusercontent.com/Olamide7920/scalp_disease_project/main/datasets/hair_only/scalp_diseases/hot-comb-alopecia/hot-comb-alopecia-1.jpg,datasets/hair_only/scalp_diseases/hot-comb-alopecia/hot-comb-alopecia-1.jpg
https://raw.githubusercontent.com/Olamide7920/scalp_disease_project/main/datasets/hair_only/scalp_diseases/hot-comb-alopecia/hot-comb-alopecia-2.jpg,datasets/hair_only/scalp_diseases/hot-comb-alopecia/hot-comb-alopecia-2.jpg
https://raw.githubusercontent.com/Olamide7920/scalp_disease_project/main/datasets/hair_only/scalp_diseases/hot-comb-alopecia/hot-comb-alopecia-3.jpg,datasets/hair_only/scalp_diseases/hot-comb-alopecia/hot-comb-alopecia-3.jpg
https://raw.githubusercontent.com/Olamide7920/scalp_disease_project/main/datasets/hair_only/scalp_diseases/lichen-planopilaris/lichen-planopilaris-1.jpg,datasets/hair_only/scalp_diseases/lichen-planopilaris/lichen-planopilaris-1.jpg
https://raw.githubusercontent.com/Olamide7920/scalp_disease_project/main/datasets/hair_only/scalp_diseases/lichen-planopilaris/lichen-planopilaris-2.jpg,datasets/hair_only/scalp_diseases/lichen-planopilaris/lichen-planopilaris-2.jpg
https://raw.githubusercontent.com/Olamide7920/scalp_disease_project/main/datasets/hair_only/scalp_diseases/lichen-planopilaris/lichen-planopilaris-3.jpg,datasets/hair_only/scalp_diseases/lichen-planopilaris/lichen-planopilaris-3.jpg
https://raw.githubusercontent.com/Olamide7920/scalp_disease_project/main/datasets/hair_only/scalp_diseases/lichen-planopilaris/lichen-planopilaris-4.jpg,datasets/hair_only/scalp_diseases/lichen-planopilaris/lichen-planopilaris-4.jpg
https://raw.githubusercontent.com/Olamide7920/scalp_disease_project/main/datasets/hair_only/scalp_diseases/pseudopelade/pseudopelade-1.jpg,datasets/hair_only/scalp_diseases/pseudopelade/pseudopelade-1.jpg
https://raw.githubusercontent.com/Olamide7920/scalp_disease_project/main/datasets/hair_only/scalp_diseases/pseudopelade/pseudopelade-2.jpg,datasets/hair_only/scalp_diseases/pseudopelade/pseudopelade-2.jpg
https://raw.githubusercontent.com/Olamide7920/scalp_disease_project/main/datasets/hair_only/scalp_diseases/pseudopelade/pseudopelade-3.jpg,datasets/hair_only/scalp_diseases/pseudopelade/pseudopelade-3.jpg
https://raw.githubusercontent.com/Olamide7920/scalp_disease_project/main/datasets/hair_only/scalp_diseases/pseudopelade/pseudopelade-4.jpg,datasets/hair_only/scalp_diseases/pseudopelade/pseudopelade-4.jpg
https://raw.githubusercontent.com/Olamide7920/scalp_disease_project/main/datasets/hair_only/scalp_diseases/pseudopelade/pseudopelade-5.jpg,datasets/hair_only/scalp_diseases/pseudopelade/pseudopelade-5.jpg
https://raw.githubusercontent.com/Olamide7920/scalp_disease_project/main/datasets/hair_only/scalp_diseases/telogen-effluvium/telogen-effluvium-1.jpg,datasets/hair_only/scalp_diseases/telogen-effluvium/telogen-effluvium-1.jpg
https://raw.githubusercontent.com/Olamide7920/scalp_disease_project/main/datasets/hair_only/scalp_diseases/telogen-effluvium/telogen-effluvium-2.jpg,datasets/hair_only/scalp_diseases/telogen-effluvium/telogen-effluvium-2.jpg
https://raw.githubusercontent.com/Olamide7920/scalp_disease_project/main/datasets/hair_only/scalp_diseases/telogen-effluvium/telogen-effluvium-3.jpg,datasets/hair_only/scalp_diseases/telogen-effluvium/telogen-effluvium-3.jpg
https://raw.githubusercontent.com/Olamide7920/scalp_disease_project/main/datasets/hair_only/scalp_diseases/telogen-effluvium/telogen-effluvium-4.jpg,datasets/hair_only/scalp_diseases/telogen-effluvium/telogen-effluvium-4.jpg
https://raw.githubusercontent.com/Olamide7920/scalp_disease_project/main/datasets/hair_only/scalp_diseases/telogen-effluvium/telogen-effluvium-5.jpg,datasets/hair_only/scalp_diseases/telogen-effluvium/telogen-effluvium-5.jpg
https://raw.githubusercontent.com/Olamide7920/scalp_disease_project/main/datasets/hair_only/scalp_diseases/telogen-effluvium/telogen-effluvium-6.jpg,datasets/hair_only/scalp_diseases/telogen-effluvium/telogen-effluvium-6.jpg
https://raw.githubusercontent.com/Olamide7920/scalp_disease_project/main/datasets/hair_only/scalp_diseases/telogen-effluvium/telogen-effluvium-8.jpg,datasets/hair_only/scalp_diseases/telogen-effluvium/telogen-effluvium-8.jpg
https://raw.githubusercontent.com/Olamide7920/scalp_disease_project/main/datasets/hair_only/scalp_diseases/trichorrhexis-nodosa/trichorrhexis-nodosa-1.jpg,datasets/hair_only/scalp_diseases/trichorrhexis-nodosa/trichorrhexis-nodosa-1.jpg
https://raw.githubusercontent.com/Olamide7920/scalp_disease_project/main/datasets/hair_only/scalp_diseases/trichorrhexis-nodosa/trichorrhexis-nodosa-2.jpg,datasets/hair_only/scalp_diseases/trichorrhexis-nodosa/trichorrhexis-nodosa-2.jpg
https://raw.githubusercontent.com/Olamide7920/scalp_disease_project/main/datasets/hair_only/scalp_diseases/trichorrhexis-nodosa/trichorrhexis-nodosa-3.jpg,datasets/hair_only/scalp_diseases/trichorrhexis-nodosa/trichorrhexis-nodosa-3.jpg
https://raw.githubusercontent.com/Olamide7920/scalp_disease_project/main/datasets/hair_only/scalp_diseases/trichorrhexis-nodosa/trichorrhexis-nodosa-4.jpg,datasets/hair_only/scalp_diseases/trichorrhexis-nodosa/trichorrhexis-nodosa-4.jpg
https://raw.githubusercontent.com/Olamide7920/scalp_disease_project/main/datasets/hair_only/scalp_diseases/trichotillomania/trichotillomania-1.jpg,datasets/hair_only/scalp_diseases/trichotillomania/trichotillomania-1.jpg
https://raw.githubusercontent.com/Olamide7920/scalp_disease_project/main/datasets/hair_only/scalp_diseases/trichotillomania/trichotillomania-10.jpg,datasets/hair_only/scalp_diseases/trichotillomania/trichotillomania-10.jpg
https://raw.githubusercontent.com/Olamide7920/scalp_disease_project/main/datasets/hair_only/scalp_diseases/trichotillomania/trichotillomania-12.jpg,datasets/hair_only/scalp_diseases/trichotillomania/trichotillomania-12.jpg
https://raw.githubusercontent.com/Olamide7920/scalp_disease_project/main/datasets/hair_only/scalp_diseases/trichotillomania/trichotillomania-13.jpg,datasets/hair_only/scalp_diseases/trichotillomania/trichotillomania-13.jpg
https://raw.githubusercontent.com/Olamide7920/scalp_disease_project/main/datasets/hair_only/scalp_diseases/trichotillomania/trichotillomania-14.jpg,datasets/hair_only/scalp_diseases/trichotillomania/trichotillomania-14.jpg
https://raw.githubusercontent.com/Olamide7920/scalp_disease_project/main/datasets/hair_only/scalp_diseases/trichotillomania/trichotillomania-15.jpg,datasets/hair_only/scalp_diseases/trichotillomania/trichotillomania-15.jpg
https://raw.githubusercontent.com/Olamide7920/scalp_disease_project/main/datasets/hair_only/scalp_diseases/trichotillomania/trichotillomania-16.jpg,datasets/hair_only/scalp_diseases/trichotillomania/trichotillomania-16.jpg
https://raw.githubusercontent.com/Olamide7920/scalp_disease_project/main/datasets/hair_only/scalp_diseases/trichotillomania/trichotillomania-17.jpg,datasets/hair_only/scalp_diseases/trichotillomania/trichotillomania-17.jpg
https://raw.githubusercontent.com/Olamide7920/scalp_disease_project/main/datasets/hair_only/scalp_diseases/trichotillomania/trichotillomania-18.jpg,datasets/hair_only/scalp_diseases/trichotillomania/trichotillomania-18.jpg
https://raw.githubusercontent.com/Olamide7920/scalp_disease_project/main/datasets/hair_only/scalp_diseases/trichotillomania/trichotillomania-19.jpg,datasets/hair_only/scalp_diseases/trichotillomania/trichotillomania-19.jpg
https://raw.githubusercontent.com/Olamide7920/scalp_disease_project/main/datasets/hair_only/scalp_diseases/trichotillomania/trichotillomania-2.jpg,datasets/hair_only/scalp_diseases/trichotillomania/trichotillomania-2.jpg
https://raw.githubusercontent.com/Olamide7920/scalp_disease_project/main/datasets/hair_only/scalp_diseases/trichotillomania/trichotillomania-20.jpg,datasets/hair_only/scalp_diseases/trichotillomania/trichotillomania-20.jpg
https://raw.githubusercontent.com/Olamide7920/scalp_disease_project/main/datasets/hair_only/scalp_diseases/trichotillomania/trichotillomania-21.jpg,datasets/hair_only/scalp_diseases/trichotillomania/trichotillomania-21.jpg
https://raw.githubusercontent.com/Olamide7920/scalp_disease_project/main/datasets/hair_only/scalp_diseases/trichotillomania/trichotillomania-22.jpg,datasets/hair_only/scalp_diseases/trichotillomania/trichotillomania-22.jpg
https://raw.githubusercontent.com/Olamide7920/scalp_disease_project/main/datasets/hair_only/scalp_diseases/trichotillomania/trichotillomania-25.jpg,datasets/hair_only/scalp_diseases/trichotillomania/trichotillomania-25.jpg
https://raw.githubusercontent.com/Olamide7920/scalp_disease_project/main/datasets/hair_only/scalp_diseases/trichotillomania/trichotillomania-3.jpg,datasets/hair_only/scalp_diseases/trichotillomania/trichotillomania-3.jpg
https://raw.githubusercontent.com/Olamide7920/scalp_disease_project/main/datasets/hair_only/scalp_diseases/trichotillomania/trichotillomania-4.jpg,datasets/hair_only/scalp_diseases/trichotillomania/trichotillomania-4.jpg
https://raw.githubusercontent.com/Olamide7920/scalp_disease_project/main/datasets/hair_only/scalp_diseases/trichotillomania/trichotillomania-5.jpg,datasets/hair_only/scalp_diseases/trichotillomania/trichotillomania-5.jpg
https://raw.githubusercontent.com/Olamide7920/scalp_disease_project/main/datasets/hair_only/scalp_diseases/trichotillomania/trichotillomania-6.jpg,datasets/hair_only/scalp_diseases/trichotillomania/trichotillomania-6.jpg
https://raw.githubusercontent.com/Olamide7920/scalp_disease_project/main/datasets/hair_only/scalp_diseases/trichotillomania/trichotillomania-7.jpg,datasets/hair_only/scalp_diseases/trichotillomania/trichotillomania-7.jpg
https://raw.githubusercontent.com/Olamide7920/scalp_disease_project/main/datasets/hair_only/scalp_diseases/trichotillomania/trichotillomania-8.jpg,datasets/hair_only/scalp_diseases/trichotillomania/trichotillomania-8.jpg
https://raw.githubusercontent.com/Olamide7920/scalp_disease_project/main/datasets/hair_only/scalp_diseases/trichotillomania/trichotillomania-9.jpg,datasets/hair_only/scalp_diseases/trichotillomania/trichotillomania-9.jpg
https://raw.githubusercontent.com/Olamide7920/scalp_disease_project/main/datasets/hair_only/scalp_diseases/trichotillomania/trichotillomania_0.jpg,datasets/hair_only/scalp_diseases/trichotillomania/trichotillomania_0.jpg
https://raw.githubusercontent.com/Olamide7920/scalp_disease_project/main/datasets/hair_only/scalp_diseases/trichotillomania/trichotillomania_1.jpg,datasets/hair_only/scalp_diseases/trichotillomania/trichotillomania_1.jpg
https://raw.githubusercontent.com/Olamide7920/scalp_disease_project/main/datasets/hair_only/scalp_diseases/trichotillomania/trichotillomania_10.jpg,datasets/hair_only/scalp_diseases/trichotillomania/trichotillomania_10.jpg
https://raw.githubusercontent.com/Olamide7920/scalp_disease_project/main/datasets/hair_only/scalp_diseases/trichotillomania/trichotillomania_11.jpg,datasets/hair_only/scalp_diseases/trichotillomania/trichotillomania_11.jpg
https://raw.githubusercontent.com/Olamide7920/scalp_disease_project/main/datasets/hair_only/scalp_diseases/trichotillomania/trichotillomania_12.jpg,datasets/hair_only/scalp_diseases/trichotillomania/trichotillomania_12.jpg
https://raw.githubusercontent.com/Olamide7920/scalp_disease_project/main/datasets/hair_only/scalp_diseases/trichotillomania/trichotillomania_13.jpg,datasets/hair_only/scalp_diseases/trichotillomania/trichotillomania_13.jpg
https://raw.githubusercontent.com/Olamide7920/scalp_disease_project/main/datasets/hair_only/scalp_diseases/trichotillomania/trichotillomania_14.jpg,datasets/hair_only/scalp_diseases/trichotillomania/trichotillomania_14.jpg
https://raw.githubusercontent.com/Olamide7920/scalp_disease_project/main/datasets/hair_only/scalp_diseases/trichotillomania/trichotillomania_15.jpg,datasets/hair_only/scalp_diseases/trichotillomania/trichotillomania_15.jpg
https://raw.githubusercontent.com/Olamide7920/scalp_disease_project/main/datasets/hair_only/scalp_diseases/trichotillomania/trichotillomania_16.jpg,datasets/hair_only/scalp_diseases/trichotillomania/trichotillomania_16.jpg
https://raw.githubusercontent.com/Olamide7920/scalp_disease_project/main/datasets/hair_only/scalp_diseases/trichotillomania/trichotillomania_17.jpg,datasets/hair_only/scalp_diseases/trichotillomania/trichotillomania_17.jpg
https://raw.githubusercontent.com/Olamide7920/scalp_disease_project/main/datasets/hair_only/scalp_diseases/trichotillomania/trichotillomania_18.jpg,datasets/hair_only/scalp_diseases/trichotillomania/trichotillomania_18.jpg
https://raw.githubusercontent.com/Olamide7920/scalp_disease_project/main/datasets/hair_only/scalp_diseases/trichotillomania/trichotillomania_19.jpg,datasets/hair_only/scalp_diseases/trichotillomania/trichotillomania_19.jpg
https://raw.githubusercontent.com/Olamide7920/scalp_disease_project/main/datasets/hair_only/scalp_diseases/trichotillomania/trichotillomania_2.jpg,datasets/hair_only/scalp_diseases/trichotillomania/trichotillomania_2.jpg
https://raw.githubusercontent.com/Olamide7920/scalp_disease_project/main/datasets/hair_only/scalp_diseases/trichotillomania/trichotillomania_20.jpg,datasets/hair_only/scalp_diseases/trichotillomania/trichotillomania_20.jpg
https://raw.githubusercontent.com/Olamide7920/scalp_disease_project/main/datasets/hair_only/scalp_diseases/trichotillomania/trichotillomania_21.jpg,datasets/hair_only/scalp_diseases/trichotillomania/trichotillomania_21.jpg
https://raw.githubusercontent.com/Olamide7920/scalp_disease_project/main/datasets/hair_only/scalp_diseases/trichotillomania/trichotillomania_22.jpg,datasets/hair_only/scalp_diseases/trichotillomania/trichotillomania_22.jpg
https://raw.githubusercontent.com/Olamide7920/scalp_disease_project/main/datasets/hair_only/scalp_diseases/trichotillomania/trichotillomania_23.jpg,datasets/hair_only/scalp_diseases/trichotillomania/trichotillomania_23.jpg
https://raw.githubusercontent.com/Olamide7920/scalp_disease_project/main/datasets/hair_only/scalp_diseases/trichotillomania/trichotillomania_24.jpg,datasets/hair_only/scalp_diseases/trichotillomania/trichotillomania_24.jpg
https://raw.githubusercontent.com/Olamide7920/scalp_disease_project/main/datasets/hair_only/scalp_diseases/trichotillomania/trichotillomania_25.jpg,datasets/hair_only/scalp_diseases/trichotillomania/trichotillomania_25.jpg
https://raw.githubusercontent.com/Olamide7920/scalp_disease_project/main/datasets/hair_only/scalp_diseases/trichotillomania/trichotillomania_26.jpg,datasets/hair_only/scalp_diseases/trichotillomania/trichotillomania_26.jpg
https://raw.githubusercontent.com/Olamide7920/scalp_disease_project/main/datasets/hair_only/scalp_diseases/trichotillomania/trichotillomania_27.jpg,datasets/hair_only/scalp_diseases/trichotillomania/trichotillomania_27.jpg
https://raw.githubusercontent.com/Olamide7920/scalp_disease_project/main/datasets/hair_only/scalp_diseases/trichotillomania/trichotillomania_28.jpg,datasets/hair_only/scalp_diseases/trichotillomania/trichotillomania_28.jpg
https://raw.githubusercontent.com/Olamide7920/scalp_disease_project/main/datasets/hair_only/scalp_diseases/trichotillomania/trichotillomania_29.jpg,datasets/hair_only/scalp_diseases/trichotillomania/trichotillomania_29.jpg
https://raw.githubusercontent.com/Olamide7920/scalp_disease_project/main/datasets/hair_only/scalp_diseases/trichotillomania/trichotillomania_3.jpg,datasets/hair_only/scalp_diseases/trichotillomania/trichotillomania_3.jpg
https://raw.githubusercontent.com/Olamide7920/scalp_disease_project/main/datasets/hair_only/scalp_diseases/trichotillomania/trichotillomania_30.jpg,datasets/hair_only/scalp_diseases/trichotillomania/trichotillomania_30.jpg
https://raw.githubusercontent.com/Olamide7920/scalp_disease_project/main/datasets/hair_only/scalp_diseases/trichotillomania/trichotillomania_31.jpg,datasets/hair_only/scalp_diseases/trichotillomania/trichotillomania_31.jpg
https://raw.githubusercontent.com/Olamide7920/scalp_disease_project/main/datasets/hair_only/scalp_diseases/trichotillomania/trichotillomania_32.jpg,datasets/hair_only/scalp_diseases/trichotillomania/trichotillomania_32.jpg
https://raw.githubusercontent.com/Olamide7920/scalp_disease_project/main/datasets/hair_only/scalp_diseases/trichotillomania/trichotillomania_33.jpg,datasets/hair_only/scalp_diseases/trichotillomania/trichotillomania_33.jpg
https://raw.githubusercontent.com/Olamide7920/scalp_disease_project/main/datasets/hair_only/scalp_diseases/trichotillomania/trichotillomania_34.jpg,datasets/hair_only/scalp_diseases/trichotillomania/trichotillomania_34.jpg
https://raw.githubusercontent.com/Olamide7920/scalp_disease_project/main/datasets/hair_only/scalp_diseases/trichotillomania/trichotillomania_35.jpg,datasets/hair_only/scalp_diseases/trichotillomania/trichotillomania_35.jpg
https://raw.githubusercontent.com/Olamide7920/scalp_disease_project/main/datasets/hair_only/scalp_diseases/trichotillomania/trichotillomania_36.jpg,datasets/hair_only/scalp_diseases/trichotillomania/trichotillomania_36.jpg
https://raw.githubusercontent.com/Olamide7920/scalp_disease_project/main/datasets/hair_only/scalp_diseases/trichotillomania/trichotillomania_37.jpg,datasets/hair_only/scalp_diseases/trichotillomania/trichotillomania_37.jpg
https://raw.githubusercontent.com/Olamide7920/scalp_disease_project/main/datasets/hair_only/scalp_diseases/trichotillomania/trichotillomania_38.jpg,datasets/hair_only/scalp_diseases/trichotillomania/trichotillomania_38.jpg
https://raw.githubusercontent.com/Olamide7920/scalp_disease_project/main/datasets/hair_only/scalp_diseases/trichotillomania/trichotillomania_39.jpg,datasets/hair_only/scalp_diseases/trichotillomania/trichotillomania_39.jpg
https://raw.githubusercontent.com/Olamide7920/scalp_disease_project/main/datasets/hair_only/scalp_diseases/trichotillomania/trichotillomania_4.jpg,datasets/hair_only/scalp_diseases/trichotillomania/trichotillomania_4.jpg
https://raw.githubusercontent.com/Olamide7920/scalp_disease_project/main/datasets/hair_only/scalp_diseases/trichotillomania/trichotillomania_40.jpg,datasets/hair_only/scalp_diseases/trichotillomania/trichotillomania_40.jpg
https://raw.githubusercontent.com/Olamide7920/scalp_disease_project/main/datasets/hair_only/scalp_diseases/trichotillomania/trichotillomania_41.jpg,datasets/hair_only/scalp_diseases/trichotillomania/trichotillomania_41.jpg
https://raw.githubusercontent.com/Olamide7920/scalp_disease_project/main/datasets/hair_only/scalp_diseases/trichotillomania/trichotillomania_42.jpg,datasets/hair_only/scalp_diseases/trichotillomania/trichotillomania_42.jpg
https://raw.githubusercontent.com/Olamide7920/scalp_disease_project/main/datasets/hair_only/scalp_diseases/trichotillomania/trichotillomania_43.jpg,datasets/hair_only/scalp_diseases/trichotillomania/trichotillomania_43.jpg
https://raw.githubusercontent.com/Olamide7920/scalp_disease_project/main/datasets/hair_only/scalp_diseases/trichotillomania/trichotillomania_44.jpg,datasets/hair_only/scalp_diseases/trichotillomania/trichotillomania_44.jpg
https://raw.githubusercontent.com/Olamide7920/scalp_disease_project/main/datasets/hair_only/scalp_diseases/trichotillomania/trichotillomania_45.jpg,datasets/hair_only/scalp_diseases/trichotillomania/trichotillomania_45.jpg
https://raw.githubusercontent.com/Olamide7920/scalp_disease_project/main/datasets/hair_only/scalp_diseases/trichotillomania/trichotillomania_46.jpg,datasets/hair_only/scalp_diseases/trichotillomania/trichotillomania_46.jpg
https://raw.githubusercontent.com/Olamide7920/scalp_disease_project/main/datasets/hair_only/scalp_diseases/trichotillomania/trichotillomania_47.jpg,datasets/hair_only/scalp_diseases/trichotillomania/trichotillomania_47.jpg
https://raw.githubusercontent.com/Olamide7920/scalp_disease_project/main/datasets/hair_only/scalp_diseases/trichotillomania/trichotillomania_48.jpg,datasets/hair_only/scalp_diseases/trichotillomania/trichotillomania_48.jpg
https://raw.githubusercontent.com/Olamide7920/scalp_disease_project/main/datasets/hair_only/scalp_diseases/trichotillomania/trichotillomania_49.jpg,datasets/hair_only/scalp_diseases/trichotillomania/trichotillomania_49.jpg
https://raw.githubusercontent.com/Olamide7920/scalp_disease_project/main/datasets/hair_only/scalp_diseases/trichotillomania/trichotillomania_5.jpg,datasets/hair_only/scalp_diseases/trichotillomania/trichotillomania_5.jpg
https://raw.githubusercontent.com/Olamide7920/scalp_disease_project/main/datasets/hair_only/scalp_diseases/trichotillomania/trichotillomania_50.jpg,datasets/hair_only/scalp_diseases/trichotillomania/trichotillomania_50.jpg
https://raw.githubusercontent.com/Olamide7920/scalp_disease_project/main/datasets/hair_only/scalp_diseases/trichotillomania/trichotillomania_51.jpg,datasets/hair_only/scalp_diseases/trichotillomania/trichotillomania_51.jpg
https://raw.githubusercontent.com/Olamide7920/scalp_disease_project/main/datasets/hair_only/scalp_diseases/trichotillomania/trichotillomania_52.jpg,datasets/hair_only/scalp_diseases/trichotillomania/trichotillomania_52.jpg
https://raw.githubusercontent.com/Olamide7920/scalp_disease_project/main/datasets/hair_only/scalp_diseases/trichotillomania/trichotillomania_53.jpg,datasets/hair_only/scalp_diseases/trichotillomania/trichotillomania_53.jpg
https://raw.githubusercontent.com/Olamide7920/scalp_disease_project/main/datasets/hair_only/scalp_diseases/trichotillomania/trichotillomania_54.jpg,datasets/hair_only/scalp_diseases/trichotillomania/trichotillomania_54.jpg
https://raw.githubusercontent.com/Olamide7920/scalp_disease_project/main/datasets/hair_only/scalp_diseases/trichotillomania/trichotillomania_55.jpg,datasets/hair_only/scalp_diseases/trichotillomania/trichotillomania_55.jpg
https://raw.githubusercontent.com/Olamide7920/scalp_disease_project/main/datasets/hair_only/scalp_diseases/trichotillomania/trichotillomania_56.jpg,datasets/hair_only/scalp_diseases/trichotillomania/trichotillomania_56.jpg
https://raw.githubusercontent.com/Olamide7920/scalp_disease_project/main/datasets/hair_only/scalp_diseases/trichotillomania/trichotillomania_57.jpg,datasets/hair_only/scalp_diseases/trichotillomania/trichotillomania_57.jpg
https://raw.githubusercontent.com/Olamide7920/scalp_disease_project/main/datasets/hair_only/scalp_diseases/trichotillomania/trichotillomania_58.jpg,datasets/hair_only/scalp_diseases/trichotillomania/trichotillomania_58.jpg
https://raw.githubusercontent.com/Olamide7920/scalp_disease_project/main/datasets/hair_only/scalp_diseases/trichotillomania/trichotillomania_59.jpg,datasets/hair_only/scalp_diseases/trichotillomania/trichotillomania_59.jpg
https://raw.githubusercontent.com/Olamide7920/scalp_disease_project/main/datasets/hair_only/scalp_diseases/trichotillomania/trichotillomania_6.jpg,datasets/hair_only/scalp_diseases/trichotillomania/trichotillomania_6.jpg
https://raw.githubusercontent.com/Olamide7920/scalp_disease_project/main/datasets/hair_only/scalp_diseases/trichotillomania/trichotillomania_60.jpg,datasets/hair_only/scalp_diseases/trichotillomania/trichotillomania_60.jpg
https://raw.githubusercontent.com/Olamide7920/scalp_disease_project/main/datasets/hair_only/scalp_diseases/trichotillomania/trichotillomania_62.jpg,datasets/hair_only/scalp_diseases/trichotillomania/trichotillomania_62.jpg
https://raw.githubusercontent.com/Olamide7920/scalp_disease_project/main/datasets/hair_only/scalp_diseases/trichotillomania/trichotillomania_63.jpg,datasets/hair_only/scalp_diseases/trichotillomania/trichotillomania_63.jpg
https://raw.githubusercontent.com/Olamide7920/scalp_disease_project/main/datasets/hair_only/scalp_diseases/trichotillomania/trichotillomania_64.jpg,datasets/hair_only/scalp_diseases/trichotillomania/trichotillomania_64.jpg
https://raw.githubusercontent.com/Olamide7920/scalp_disease_project/main/datasets/hair_only/scalp_diseases/trichotillomania/trichotillomania_65.jpg,datasets/hair_only/scalp_diseases/trichotillomania/trichotillomania_65.jpg
https://raw.githubusercontent.com/Olamide7920/scalp_disease_project/main/datasets/hair_only/scalp_diseases/trichotillomania/trichotillomania_66.jpg,datasets/hair_only/scalp_diseases/trichotillomania/trichotillomania_66.jpg
https://raw.githubusercontent.com/Olamide7920/scalp_disease_project/main/datasets/hair_only/scalp_diseases/trichotillomania/trichotillomania_67.jpg,datasets/hair_only/scalp_diseases/trichotillomania/trichotillomania_67.jpg
https://raw.githubusercontent.com/Olamide7920/scalp_disease_project/main/datasets/hair_only/scalp_diseases/trichotillomania/trichotillomania_68.jpg,datasets/hair_only/scalp_diseases/trichotillomania/trichotillomania_68.jpg
https://raw.githubusercontent.com/Olamide7920/scalp_disease_project/main/datasets/hair_only/scalp_diseases/trichotillomania/trichotillomania_69.jpg,datasets/hair_only/scalp_diseases/trichotillomania/trichotillomania_69.jpg
https://raw.githubusercontent.com/Olamide7920/scalp_disease_project/main/datasets/hair_only/scalp_diseases/trichotillomania/trichotillomania_7.jpg,datasets/hair_only/scalp_diseases/trichotillomania/trichotillomania_7.jpg
https://raw.githubusercontent.com/Olamide7920/scalp_disease_project/main/datasets/hair_only/scalp_diseases/trichotillomania/trichotillomania_71.jpg,datasets/hair_only/scalp_diseases/trichotillomania/trichotillomania_71.jpg
https://raw.githubusercontent.com/Olamide7920/scalp_disease_project/main/datasets/hair_only/scalp_diseases/trichotillomania/trichotillomania_8.jpg,datasets/hair_only/scalp_diseases/trichotillomania/trichotillomania_8.jpg
https://raw.githubusercontent.com/Olamide7920/scalp_disease_project/main/datasets/hair_only/scalp_diseases/trichotillomania/trichotillomania_9.jpg,datasets/hair_only/scalp_diseases/trichotillomania/trichotillomania_9.jpg
https://raw.githubusercontent.com/Olamide7920/scalp_disease_project/main/datasets/hair_only/scalp_diseases/tufted-folliculitis/tufted-folliculitis-1.jpg,datasets/hair_only/scalp_diseases/tufted-folliculitis/tufted-folliculitis-1.jpg
https://raw.githubusercontent.com/Olamide7920/scalp_disease_project/main/datasets/hair_only/scalp_diseases/tufted-folliculitis/tufted-folliculitis-10.jpg,datasets/hair_only/scalp_diseases/tufted-folliculitis/tufted-folliculitis-10.jpg
https://raw.githubusercontent.com/Olamide7920/scalp_disease_project/main/datasets/hair_only/scalp_diseases/tufted-folliculitis/tufted-folliculitis-11.jpg,datasets/hair_only/scalp_diseases/tufted-folliculitis/tufted-folliculitis-11.jpg
https://raw.githubusercontent.com/Olamide7920/scalp_disease_project/main/datasets/hair_only/scalp_diseases/tufted-folliculitis/tufted-folliculitis-12.jpg,datasets/hair_only/scalp_diseases/tufted-folliculitis/tufted-folliculitis-12.jpg
https://raw.githubusercontent.com/Olamide7920/scalp_disease_project/main/datasets/hair_only/scalp_diseases/tufted-folliculitis/tufted-folliculitis-13.jpg,datasets/hair_only/scalp_diseases/tufted-folliculitis/tufted-folliculitis-13.jpg
https://raw.githubusercontent.com/Olamide7920/scalp_disease_project/main/datasets/hair_only/scalp_diseases/tufted-folliculitis/tufted-folliculitis-14.jpg,datasets/hair_only/scalp_diseases/tufted-folliculitis/tufted-folliculitis-14.jpg
https://raw.githubusercontent.com/Olamide7920/scalp_disease_project/main/datasets/hair_only/scalp_diseases/tufted-folliculitis/tufted-folliculitis-15.jpg,datasets/hair_only/scalp_diseases/tufted-folliculitis/tufted-folliculitis-15.jpg
https://raw.githubusercontent.com/Olamide7920/scalp_disease_project/main/datasets/hair_only/scalp_diseases/tufted-folliculitis/tufted-folliculitis-16.jpg,datasets/hair_only/scalp_diseases/tufted-folliculitis/tufted-folliculitis-16.jpg
https://raw.githubusercontent.com/Olamide7920/scalp_disease_project/main/datasets/hair_only/scalp_diseases/tufted-folliculitis/tufted-folliculitis-2.jpg,datasets/hair_only/scalp_diseases/tufted-folliculitis/tufted-folliculitis-2.jpg
https://raw.githubusercontent.com/Olamide7920/scalp_disease_project/main/datasets/hair_only/scalp_diseases/tufted-folliculitis/tufted-folliculitis-3.jpg,datasets/hair_only/scalp_diseases/tufted-folliculitis/tufted-folliculitis-3.jpg
https://raw.githubusercontent.com/Olamide7920/scalp_disease_project/main/datasets/hair_only/scalp_diseases/tufted-folliculitis/tufted-folliculitis-5.jpg,datasets/hair_only/scalp_diseases/tufted-folliculitis/tufted-folliculitis-5.jpg
https://raw.githubusercontent.com/Olamide7920/scalp_disease_project/main/datasets/hair_only/scalp_diseases/tufted-folliculitis/tufted-folliculitis-8.jpg,datasets/hair_only/scalp_diseases/tufted-folliculitis/tufted-folliculitis-8.jpg
